title,author,category,rating,price,extraction_date
A Light in the Attic,N/A,Poetry,3,£51.77,2026-04-06 20:31:06
Tipping the Velvet,N/A,Historical Fiction,1,£53.74,2026-04-06 20:31:07
Soumission,N/A,Fiction,1,£50.10,2026-04-06 20:31:08
Sharp Objects,N/A,Mystery,4,£47.82,2026-04-06 20:31:10
Sapiens: A Brief History of Humankind,N/A,History,5,£54.23,2026-04-06 20:31:11
The Requiem Red,N/A,Young Adult,1,£22.65,2026-04-06 20:31:12
The Dirty Little Secrets of Getting Your Dream Job,N/A,Business,4,£33.34,2026-04-06 20:31:14
"The Coming Woman: A Novel Based on the Life of the Infamous Feminist, Victoria Woodhull",N/A,Default,3,£17.93,2026-04-06 20:31:15
The Boys in the Boat: Nine Americans and Their Epic Quest for Gold at the 1936 Berlin Olympics,N/A,Default,4,£22.60,2026-04-06 20:31:17
The Black Maria,N/A,Poetry,1,£52.15,2026-04-06 20:31:19
"Starving Hearts (Triangular Trade Trilogy, #1)",N/A,Default,2,£13.99,2026-04-06 20:31:20
Shakespeare's Sonnets,N/A,Poetry,4,£20.66,2026-04-06 20:31:21
Set Me Free,N/A,Young Adult,5,£17.46,2026-04-06 20:31:23
Scott Pilgrim's Precious Little Life (Scott Pilgrim #1),N/A,Sequential Art,5,£52.29,2026-04-06 20:31:24
Rip it Up and Start Again,N/A,Music,5,£35.02,2026-04-06 20:31:26
"Our Band Could Be Your Life: Scenes from the American Indie Underground, 1981-1991",N/A,Music,3,£57.25,2026-04-06 20:31:27
Olio,N/A,Poetry,1,£23.88,2026-04-06 20:31:28
Mesaerion: The Best Science Fiction Stories 1800-1849,N/A,Science Fiction,1,£37.59,2026-04-06 20:31:29
Libertarianism for Beginners,N/A,Politics,2,£51.33,2026-04-06 20:31:31
It's Only the Himalayas,N/A,Travel,2,£45.17,2026-04-06 20:31:32
In Her Wake,N/A,Thriller,1,£12.84,2026-04-06 20:31:34
How Music Works,N/A,Music,2,£37.32,2026-04-06 20:31:35
"Foolproof Preserving: A Guide to Small Batch Jams, Jellies, Pickles, Condiments, and More: A Foolproof Guide to Making Small Batch Jams, Jellies, Pickles, Condiments, and More",N/A,Food and Drink,3,£30.52,2026-04-06 20:31:36
Chase Me (Paris Nights #2),N/A,Romance,5,£25.27,2026-04-06 20:31:38
Black Dust,N/A,Romance,5,£34.53,2026-04-06 20:31:39
Birdsong: A Story in Pictures,N/A,Childrens,3,£54.64,2026-04-06 20:31:41
America's Cradle of Quarterbacks: Western Pennsylvania's Football Factory from Johnny Unitas to Joe Montana,N/A,Default,3,£22.50,2026-04-06 20:31:42
Aladdin and His Wonderful Lamp,N/A,Default,3,£53.13,2026-04-06 20:31:43
Worlds Elsewhere: Journeys Around Shakespeare’s Globe,N/A,Nonfiction,5,£40.30,2026-04-06 20:31:45
Wall and Piece,N/A,Art,4,£44.18,2026-04-06 20:31:46
The Four Agreements: A Practical Guide to Personal Freedom,N/A,Spirituality,5,£17.66,2026-04-06 20:31:48
The Five Love Languages: How to Express Heartfelt Commitment to Your Mate,N/A,Nonfiction,3,£31.05,2026-04-06 20:31:49
The Elephant Tree,N/A,Thriller,5,£23.82,2026-04-06 20:31:50
The Bear and the Piano,N/A,Childrens,1,£36.89,2026-04-06 20:31:52
Sophie's World,N/A,Philosophy,5,£15.94,2026-04-06 20:31:53
Penny Maybe,N/A,Default,3,£33.29,2026-04-06 20:31:55
Maude (1883-1993):She Grew Up with the country,N/A,Default,2,£18.02,2026-04-06 20:31:56
"In a Dark, Dark Wood",N/A,Mystery,1,£19.63,2026-04-06 20:31:58
Behind Closed Doors,N/A,Thriller,4,£52.22,2026-04-06 20:31:59
You can't bury them all: Poems,N/A,Poetry,2,£33.63,2026-04-06 20:32:01
Slow States of Collapse: Poems,N/A,Poetry,3,£57.31,2026-04-06 20:32:02
Reasons to Stay Alive,N/A,Nonfiction,2,£26.41,2026-04-06 20:32:04
Private Paris (Private #10),N/A,Fiction,5,£47.61,2026-04-06 20:32:05
#HigherSelfie: Wake Up Your Life. Free Your Soul. Find Your Tribe.,N/A,Nonfiction,5,£23.11,2026-04-06 20:32:06
Without Borders (Wanderlove #1),N/A,New Adult,2,£45.07,2026-04-06 20:32:08
When We Collided,N/A,Contemporary,1,£31.77,2026-04-06 20:32:09
"We Love You, Charlie Freeman",N/A,Fiction,5,£50.27,2026-04-06 20:32:11
Untitled Collection: Sabbath Poems 2014,N/A,Poetry,4,£14.27,2026-04-06 20:32:12
"Unseen City: The Majesty of Pigeons, the Discreet Charm of Snails & Other Wonders of the Urban Wilderness",N/A,Nonfiction,4,£44.18,2026-04-06 20:32:13
Unicorn Tracks,N/A,Fantasy,3,£18.78,2026-04-06 20:32:15
"Unbound: How Eight Technologies Made Us Human, Transformed Society, and Brought Our World to the Brink",N/A,History,1,£25.52,2026-04-06 20:32:16
Tsubasa: WoRLD CHRoNiCLE 2 (Tsubasa WoRLD CHRoNiCLE #2),N/A,Sequential Art,1,£16.28,2026-04-06 20:32:18
Throwing Rocks at the Google Bus: How Growth Became the Enemy of Prosperity,N/A,Nonfiction,3,£31.12,2026-04-06 20:32:20
This One Summer,N/A,Sequential Art,4,£19.49,2026-04-06 20:32:22
Thirst,N/A,Fiction,5,£17.27,2026-04-06 20:32:23
The Torch Is Passed: A Harding Family Story,N/A,Add a comment,1,£19.09,2026-04-06 20:32:25
The Secret of Dreadwillow Carse,N/A,Childrens,1,£56.13,2026-04-06 20:32:26
"The Pioneer Woman Cooks: Dinnertime: Comfort Classics, Freezer Food, 16-Minute Meals, and Other Delicious Ways to Solve Supper!",N/A,Food and Drink,1,£56.41,2026-04-06 20:32:28
The Past Never Ends,N/A,Mystery,4,£56.50,2026-04-06 20:32:30
The Natural History of Us (The Fine Art of Pretending #2),N/A,Young Adult,3,£45.22,2026-04-06 20:32:31
The Nameless City (The Nameless City #1),N/A,Sequential Art,4,£38.16,2026-04-06 20:32:33
The Murder That Never Was (Forensic Instincts #5),N/A,Fiction,3,£54.11,2026-04-06 20:32:34
The Most Perfect Thing: Inside (and Outside) a Bird's Egg,N/A,Science,4,£42.96,2026-04-06 20:32:36
"The Mindfulness and Acceptance Workbook for Anxiety: A Guide to Breaking Free from Anxiety, Phobias, and Worry Using Acceptance and Commitment Therapy",N/A,Add a comment,4,£23.89,2026-04-06 20:32:37
The Life-Changing Magic of Tidying Up: The Japanese Art of Decluttering and Organizing,N/A,Nonfiction,3,£16.77,2026-04-06 20:32:39
"The Inefficiency Assassin: Time Management Tactics for Working Smarter, Not Longer",N/A,Default,5,£20.59,2026-04-06 20:32:40
The Gutsy Girl: Escapades for Your Life of Epic Adventure,N/A,Nonfiction,1,£37.13,2026-04-06 20:32:42
The Electric Pencil: Drawings from Inside State Hospital No. 3,N/A,Nonfiction,1,£56.06,2026-04-06 20:32:43
The Death of Humanity: and the Case for Life,N/A,Philosophy,4,£58.11,2026-04-06 20:32:45
"The Bulletproof Diet: Lose up to a Pound a Day, Reclaim Energy and Focus, Upgrade Your Life",N/A,Health,3,£49.05,2026-04-06 20:32:46
The Art Forger,N/A,Add a comment,3,£40.76,2026-04-06 20:32:48
The Age of Genius: The Seventeenth Century and the Birth of the Modern Mind,N/A,History,1,£19.73,2026-04-06 20:32:49
The Activist's Tao Te Ching: Ancient Advice for a Modern Revolution,N/A,Spirituality,5,£32.24,2026-04-06 20:32:51
Spark Joy: An Illustrated Master Class on the Art of Organizing and Tidying Up,N/A,Nonfiction,4,£41.83,2026-04-06 20:32:52
Soul Reader,N/A,Default,2,£39.58,2026-04-06 20:32:54
Security,N/A,Horror,2,£39.25,2026-04-06 20:32:55
"Saga, Volume 6 (Saga (Collected Editions) #6)",N/A,Fantasy,3,£25.02,2026-04-06 20:32:57
"Saga, Volume 5 (Saga (Collected Editions) #5)",N/A,Sequential Art,2,£51.04,2026-04-06 20:32:58
Reskilling America: Learning to Labor in the Twenty-First Century,N/A,Nonfiction,2,£19.83,2026-04-06 20:33:00
"Rat Queens, Vol. 3: Demons (Rat Queens (Collected Editions) #11-15)",N/A,Sequential Art,3,£50.40,2026-04-06 20:33:01
"Princess Jellyfish 2-in-1 Omnibus, Vol. 01 (Princess Jellyfish 2-in-1 Omnibus #1)",N/A,Sequential Art,5,£13.61,2026-04-06 20:33:03
Princess Between Worlds (Wide-Awake Princess #5),N/A,Fantasy,5,£13.34,2026-04-06 20:33:04
"Pop Gun War, Volume 1: Gift",N/A,Sequential Art,1,£18.97,2026-04-06 20:33:06
"Political Suicide: Missteps, Peccadilloes, Bad Calls, Backroom Hijinx, Sordid Pasts, Rotten Breaks, and Just Plain Dumb Mistakes in the Annals of American Politics",N/A,History,2,£36.28,2026-04-06 20:33:07
Patience,N/A,Sequential Art,3,£10.16,2026-04-06 20:33:09
"Outcast, Vol. 1: A Darkness Surrounds Him (Outcast #1)",N/A,Sequential Art,4,£15.44,2026-04-06 20:33:10
orange: The Complete Collection 1 (orange: The Complete Collection #1),N/A,Sequential Art,1,£48.41,2026-04-06 20:33:12
Online Marketing for Busy Authors: A Step-By-Step Guide,N/A,Self Help,1,£46.35,2026-04-06 20:33:14
On a Midnight Clear,N/A,Add a comment,3,£14.07,2026-04-06 20:33:15
Obsidian (Lux #1),N/A,Young Adult,2,£14.86,2026-04-06 20:33:16
My Paris Kitchen: Recipes and Stories,N/A,Food and Drink,2,£33.37,2026-04-06 20:33:18
Masks and Shadows,N/A,Fantasy,2,£56.40,2026-04-06 20:33:19
"Mama Tried: Traditional Italian Cooking for the Screwed, Crude, Vegan, and Tattooed",N/A,Food and Drink,4,£14.02,2026-04-06 20:33:21
"Lumberjanes, Vol. 2: Friendship to the Max (Lumberjanes #5-8)",N/A,Sequential Art,2,£46.91,2026-04-06 20:33:23
"Lumberjanes, Vol. 1: Beware the Kitten Holy (Lumberjanes #1-4)",N/A,Sequential Art,3,£45.61,2026-04-06 20:33:25
Lumberjanes Vol. 3: A Terrible Plan (Lumberjanes #9-12),N/A,Sequential Art,2,£19.92,2026-04-06 20:33:26
"Layered: Baking, Building, and Styling Spectacular Cakes",N/A,Food and Drink,1,£40.11,2026-04-06 20:33:27
Judo: Seven Steps to Black Belt (an Introductory Guide for Beginners),N/A,Add a comment,2,£53.90,2026-04-06 20:33:28
Join,N/A,Science Fiction,5,£35.67,2026-04-06 20:33:30
In the Country We Love: My Family Divided,N/A,Nonfiction,4,£22.00,2026-04-06 20:33:31
Immunity: How Elie Metchnikoff Changed the Course of Modern Medicine,N/A,Science,5,£57.36,2026-04-06 20:33:33
"I Hate Fairyland, Vol. 1: Madly Ever After (I Hate Fairyland (Compilations) #1-5)",N/A,Sequential Art,2,£29.17,2026-04-06 20:33:34
I am a Hero Omnibus Volume 1,N/A,Sequential Art,3,£54.63,2026-04-06 20:33:35
How to Be Miserable: 40 Strategies You Already Use,N/A,Self Help,1,£46.03,2026-04-06 20:33:37
Her Backup Boyfriend (The Sorensen Family #1),N/A,Romance,1,£33.97,2026-04-06 20:33:38
"Giant Days, Vol. 2 (Giant Days #5-8)",N/A,Sequential Art,2,£22.11,2026-04-06 20:33:39
Forever and Forever: The Courtship of Henry Longfellow and Fanny Appleton,N/A,Historical Fiction,3,£29.69,2026-04-06 20:33:40
First and First (Five Boroughs #3),N/A,Romance,4,£15.97,2026-04-06 20:33:42
Fifty Shades Darker (Fifty Shades #2),N/A,Romance,1,£21.96,2026-04-06 20:33:43
Everydata: The Misinformation Hidden in the Little Data You Consume Every Day,N/A,Nonfiction,2,£54.35,2026-04-06 20:33:44
"Don't Be a Jerk: And Other Practical Advice from Dogen, Japan's Greatest Zen Master",N/A,Religion,2,£37.97,2026-04-06 20:33:46
Danganronpa Volume 1,N/A,Sequential Art,4,£51.99,2026-04-06 20:33:47
Crown of Midnight (Throne of Glass #2),N/A,Fantasy,3,£43.29,2026-04-06 20:33:49
"Codename Baboushka, Volume 1: The Conclave of Death",N/A,Sequential Art,4,£36.72,2026-04-06 20:33:50
Camp Midnight,N/A,Sequential Art,4,£17.08,2026-04-06 20:33:51
Call the Nurse: True Stories of a Country Nurse on a Scottish Isle,N/A,Nonfiction,5,£29.14,2026-04-06 20:33:53
Burning,N/A,Young Adult,3,£28.81,2026-04-06 20:33:54
Bossypants,N/A,Default,2,£49.46,2026-04-06 20:33:56
"Bitch Planet, Vol. 1: Extraordinary Machine (Bitch Planet (Collected Editions))",N/A,Sequential Art,2,£37.92,2026-04-06 20:33:57
"Avatar: The Last Airbender: Smoke and Shadow, Part 3 (Smoke and Shadow #3)",N/A,Fantasy,2,£28.09,2026-04-06 20:33:59
Algorithms to Live By: The Computer Science of Human Decisions,N/A,Nonfiction,1,£30.81,2026-04-06 20:34:00
A World of Flavor: Your Gluten Free Passport,N/A,Default,1,£42.95,2026-04-06 20:34:01
"A Piece of Sky, a Grain of Rice: A Memoir in Four Meditations",N/A,Default,5,£56.76,2026-04-06 20:34:03
A Murder in Time,N/A,Mystery,1,£16.64,2026-04-06 20:34:04
A Flight of Arrows (The Pathfinders #2),N/A,Historical Fiction,5,£55.53,2026-04-06 20:34:05
A Fierce and Subtle Poison,N/A,Young Adult,4,£28.13,2026-04-06 20:34:07
A Court of Thorns and Roses (A Court of Thorns and Roses #1),N/A,Fantasy,1,£52.37,2026-04-06 20:34:08
(Un)Qualified: How God Uses Broken People to Do Big Things,N/A,Christian,5,£54.00,2026-04-06 20:34:10
You Are What You Love: The Spiritual Power of Habit,N/A,Religion,4,£21.87,2026-04-06 20:34:12
"William Shakespeare's Star Wars: Verily, A New Hope (William Shakespeare's Star Wars #4)",N/A,Science Fiction,4,£43.30,2026-04-06 20:34:13
Tuesday Nights in 1980,N/A,Fiction,2,£21.04,2026-04-06 20:34:14
Tracing Numbers on a Train,N/A,Default,3,£41.60,2026-04-06 20:34:16
Throne of Glass (Throne of Glass #1),N/A,Fantasy,3,£35.07,2026-04-06 20:34:18
Thomas Jefferson and the Tripoli Pirates: The Forgotten War That Changed American History,N/A,History,1,£59.64,2026-04-06 20:34:19
Thirteen Reasons Why,N/A,Default,1,£52.72,2026-04-06 20:34:20
The White Cat and the Monk: A Retelling of the Poem “Pangur Bán”,N/A,Childrens,4,£58.08,2026-04-06 20:34:22
The Wedding Dress,N/A,Romance,1,£24.12,2026-04-06 20:34:23
The Vacationers,N/A,Fiction,4,£42.15,2026-04-06 20:34:25
The Third Wave: An Entrepreneur’s Vision of the Future,N/A,Business,5,£12.61,2026-04-06 20:34:27
The Stranger,N/A,Philosophy,4,£17.44,2026-04-06 20:34:28
The Shadow Hero (The Shadow Hero),N/A,Sequential Art,1,£33.14,2026-04-06 20:34:30
The Secret (The Secret #1),N/A,Default,4,£27.37,2026-04-06 20:34:31
The Regional Office Is Under Attack!,N/A,Fiction,5,£51.36,2026-04-06 20:34:33
The Psychopath Test: A Journey Through the Madness Industry,N/A,Default,2,£36.00,2026-04-06 20:34:34
The Project,N/A,Science Fiction,1,£10.65,2026-04-06 20:34:36
The Power of Now: A Guide to Spiritual Enlightenment,N/A,Nonfiction,2,£43.54,2026-04-06 20:34:37
The Omnivore's Dilemma: A Natural History of Four Meals,N/A,Nonfiction,2,£38.21,2026-04-06 20:34:38
The Nerdy Nummies Cookbook: Sweet Treats for the Geek in All of Us,N/A,Food and Drink,5,£37.34,2026-04-06 20:34:40
The Murder of Roger Ackroyd (Hercule Poirot #4),N/A,Mystery,4,£44.10,2026-04-06 20:34:41
The Mistake (Off-Campus #2),N/A,New Adult,3,£43.29,2026-04-06 20:34:43
The Matchmaker's Playbook (Wingmen Inc. #1),N/A,New Adult,1,£55.85,2026-04-06 20:34:44
The Love and Lemons Cookbook: An Apple-to-Zucchini Celebration of Impromptu Cooking,N/A,Food and Drink,2,£37.60,2026-04-06 20:34:46
The Long Shadow of Small Ghosts: Murder and Memory in an American City,N/A,Crime,1,£10.97,2026-04-06 20:34:47
The Kite Runner,N/A,Default,4,£41.82,2026-04-06 20:34:49
The House by the Lake,N/A,Historical Fiction,1,£36.95,2026-04-06 20:34:50
The Glittering Court (The Glittering Court #1),N/A,Fantasy,1,£44.28,2026-04-06 20:34:52
The Girl on the Train,N/A,Default,2,£55.02,2026-04-06 20:34:53
The Genius of Birds,N/A,Nonfiction,1,£17.24,2026-04-06 20:34:54
The Emerald Mystery,N/A,Default,2,£23.15,2026-04-06 20:34:56
The Cookies & Cups Cookbook: 125+ sweet & savory recipes reminding you to Always Eat Dessert First,N/A,Food and Drink,1,£41.25,2026-04-06 20:34:57
The Bridge to Consciousness: I'm Writing the Bridge Between Science and Our Old and New Beliefs.,N/A,Default,3,£32.00,2026-04-06 20:34:58
The Artist's Way: A Spiritual Path to Higher Creativity,N/A,Nonfiction,5,£38.49,2026-04-06 20:35:00
The Art of War,N/A,Default,5,£33.34,2026-04-06 20:35:01
The Argonauts,N/A,Autobiography,2,£10.93,2026-04-06 20:35:02
The 10% Entrepreneur: Live Your Startup Dream Without Quitting Your Day Job,N/A,Business,3,£27.55,2026-04-06 20:35:03
Suddenly in Love (Lake Haven #1),N/A,Romance,2,£55.99,2026-04-06 20:35:05
Something More Than This,N/A,Romance,4,£16.24,2026-04-06 20:35:06
Soft Apocalypse,N/A,Science Fiction,2,£26.12,2026-04-06 20:35:08
So You've Been Publicly Shamed,N/A,Nonfiction,2,£12.23,2026-04-06 20:35:09
Shoe Dog: A Memoir by the Creator of NIKE,N/A,Business,2,£23.99,2026-04-06 20:35:11
"Shobu Samurai, Project Aryoku (#3)",N/A,Add a comment,3,£29.06,2026-04-06 20:35:12
Secrets and Lace (Fatal Hearts #1),N/A,Default,1,£20.27,2026-04-06 20:35:14
Scarlett Epstein Hates It Here,N/A,Young Adult,5,£43.55,2026-04-06 20:35:15
Romero and Juliet: A Tragic Tale of Love and Zombies,N/A,Default,1,£36.94,2026-04-06 20:35:16
Redeeming Love,N/A,Christian Fiction,5,£20.47,2026-04-06 20:35:18
Poses for Artists Volume 1 - Dynamic and Sitting Poses: An Essential Reference for Figure Drawing and the Human Form,N/A,Default,1,£41.06,2026-04-06 20:35:20
Poems That Make Grown Women Cry,N/A,Poetry,4,£14.19,2026-04-06 20:35:21
"Nightingale, Sing",N/A,Young Adult,1,£38.28,2026-04-06 20:35:22
Night Sky with Exit Wounds,N/A,Poetry,1,£41.05,2026-04-06 20:35:24
Mrs. Houdini,N/A,Historical Fiction,5,£30.25,2026-04-06 20:35:25
Modern Romance,N/A,Add a comment,5,£28.26,2026-04-06 20:35:26
Miss Peregrine’s Home for Peculiar Children (Miss Peregrine’s Peculiar Children #1),N/A,Default,1,£10.76,2026-04-06 20:35:28
Louisa: The Extraordinary Life of Mrs. Adams,N/A,Biography,2,£16.85,2026-04-06 20:35:29
Little Red,N/A,Childrens,3,£13.47,2026-04-06 20:35:31
Library of Souls (Miss Peregrine’s Peculiar Children #3),N/A,Young Adult,5,£48.56,2026-04-06 20:35:32
Large Print Heart of the Pride,N/A,Default,2,£19.15,2026-04-06 20:35:33
I Had a Nice Time And Other Lies...: How to find love & sh*t like that,N/A,Womens Fiction,4,£57.36,2026-04-06 20:35:35
Hollow City (Miss Peregrine’s Peculiar Children #2),N/A,Fantasy,1,£42.98,2026-04-06 20:35:37
Grumbles,N/A,Default,2,£22.16,2026-04-06 20:35:38
Full Moon over Noah’s Ark: An Odyssey to Mount Ararat and Beyond,N/A,Travel,4,£49.43,2026-04-06 20:35:40
Frostbite (Vampire Academy #2),N/A,Young Adult,5,£29.99,2026-04-06 20:35:42
Follow You Home,N/A,Horror,1,£21.36,2026-04-06 20:35:43
First Steps for New Christians (Print Edition),N/A,Default,1,£29.00,2026-04-06 20:35:44
Finders Keepers (Bill Hodges Trilogy #2),N/A,Fiction,5,£53.53,2026-04-06 20:35:45
"Fables, Vol. 1: Legends in Exile (Fables #1)",N/A,Sequential Art,4,£41.62,2026-04-06 20:35:47
Eureka Trivia 6.0,N/A,Default,4,£54.59,2026-04-06 20:35:48
Drive: The Surprising Truth About What Motivates Us,N/A,Default,4,£34.95,2026-04-06 20:35:49
Done Rubbed Out (Reightman & Bailey #1),N/A,Default,5,£37.72,2026-04-06 20:35:51
Doing It Over (Most Likely To #1),N/A,Romance,3,£35.61,2026-04-06 20:35:52
"Deliciously Ella Every Day: Quick and Easy Recipes for Gluten-Free Snacks, Packed Lunches, and Simple Meals",N/A,Food and Drink,3,£42.16,2026-04-06 20:35:54
Dark Notes,N/A,Erotica,5,£19.19,2026-04-06 20:35:55
"Daring Greatly: How the Courage to Be Vulnerable Transforms the Way We Live, Love, Parent, and Lead",N/A,Nonfiction,3,£19.43,2026-04-06 20:35:57
Close to You,N/A,Christian Fiction,4,£49.46,2026-04-06 20:35:58
Chasing Heaven: What Dying Taught Me About Living,N/A,Spirituality,2,£37.80,2026-04-06 20:35:59
Big Magic: Creative Living Beyond Fear,N/A,Nonfiction,3,£30.80,2026-04-06 20:36:01
Becoming Wise: An Inquiry into the Mystery and Art of Living,N/A,Nonfiction,2,£27.43,2026-04-06 20:36:03
Beauty Restored (Riley Family Legacy Novellas #3),N/A,Default,2,£11.11,2026-04-06 20:36:04
Batman: The Long Halloween (Batman),N/A,Sequential Art,2,£36.50,2026-04-06 20:36:06
Batman: The Dark Knight Returns (Batman),N/A,Sequential Art,5,£15.38,2026-04-06 20:36:07
Ayumi's Violin,N/A,Default,2,£15.48,2026-04-06 20:36:08
Anonymous,N/A,Default,4,£46.82,2026-04-06 20:36:10
Amy Meets the Saints and Sages,N/A,Default,3,£18.46,2026-04-06 20:36:12
Amid the Chaos,N/A,Cultural,1,£36.58,2026-04-06 20:36:13
Amatus,N/A,Default,5,£50.54,2026-04-06 20:36:14
Agnostic: A Spirited Manifesto,N/A,Nonfiction,5,£12.51,2026-04-06 20:36:16
Zealot: The Life and Times of Jesus of Nazareth,N/A,History,3,£24.70,2026-04-06 20:36:17
You (You #1),N/A,Thriller,5,£43.61,2026-04-06 20:36:19
"Wonder Woman: Earth One, Volume One (Wonder Woman: Earth One #1)",N/A,Sequential Art,4,£37.34,2026-04-06 20:36:20
Wild Swans,N/A,Young Adult,2,£14.36,2026-04-06 20:36:22
Why the Right Went Wrong: Conservatism--From Goldwater to the Tea Party and Beyond,N/A,Politics,4,£52.65,2026-04-06 20:36:23
Whole Lotta Creativity Going On: 60 Fun and Unusual Exercises to Awaken and Strengthen Your Creativity,N/A,Nonfiction,4,£38.20,2026-04-06 20:36:25
What's It Like in Space?: Stories from Astronauts Who've Been There,N/A,Nonfiction,2,£19.60,2026-04-06 20:36:26
"We Are Robin, Vol. 1: The Vigilante Business (We Are Robin #1)",N/A,Sequential Art,1,£53.90,2026-04-06 20:36:28
Walt Disney's Alice in Wonderland,N/A,Childrens,5,£12.96,2026-04-06 20:36:29
V for Vendetta (V for Vendetta Complete),N/A,Default,4,£37.10,2026-04-06 20:36:31
Until Friday Night (The Field Party #1),N/A,Young Adult,2,£46.31,2026-04-06 20:36:32
"Unbroken: A World War II Story of Survival, Resilience, and Redemption",N/A,Default,2,£45.95,2026-04-06 20:36:34
Twenty Yawns,N/A,Childrens,2,£22.08,2026-04-06 20:36:35
Through the Woods,N/A,Sequential Art,2,£25.38,2026-04-06 20:36:37
This Is Where It Ends,N/A,Young Adult,2,£27.12,2026-04-06 20:36:38
The Year of Magical Thinking,N/A,Nonfiction,2,£43.04,2026-04-06 20:36:39
The Wright Brothers,N/A,Default,4,£56.80,2026-04-06 20:36:41
The White Queen (The Cousins' War #1),N/A,Add a comment,5,£25.91,2026-04-06 20:36:42
The Wedding Pact (The O'Malleys #2),N/A,Romance,3,£32.61,2026-04-06 20:36:43
The Time Keeper,N/A,Fiction,5,£27.88,2026-04-06 20:36:45
The Testament of Mary,N/A,Fiction,4,£52.67,2026-04-06 20:36:46
The Star-Touched Queen,N/A,Fantasy,5,£46.02,2026-04-06 20:36:48
The Songs of the Gods,N/A,Default,5,£44.48,2026-04-06 20:36:49
The Song of Achilles,N/A,Add a comment,5,£37.40,2026-04-06 20:36:51
The Rosie Project (Don Tillman #1),N/A,Default,1,£54.04,2026-04-06 20:36:52
The Power of Habit: Why We Do What We Do in Life and Business,N/A,Default,3,£16.88,2026-04-06 20:36:54
The Marriage of Opposites,N/A,Historical Fiction,4,£28.08,2026-04-06 20:36:56
The Lucifer Effect: Understanding How Good People Turn Evil,N/A,Psychology,1,£10.40,2026-04-06 20:36:57
The Long Haul (Diary of a Wimpy Kid #9),N/A,Humor,1,£44.07,2026-04-06 20:36:59
The Loney,N/A,Horror,1,£23.40,2026-04-06 20:37:00
The Literature Book (Big Ideas Simply Explained),N/A,Nonfiction,3,£17.43,2026-04-06 20:37:01
The Last Mile (Amos Decker #2),N/A,Mystery,2,£54.21,2026-04-06 20:37:02
The Immortal Life of Henrietta Lacks,N/A,Add a comment,2,£40.67,2026-04-06 20:37:03
The Hidden Oracle (The Trials of Apollo #1),N/A,Fantasy,2,£52.26,2026-04-06 20:37:05
The Help Yourself Cookbook for Kids: 60 Easy Plant-Based Recipes Kids Can Make to Stay Healthy and Save the Earth,N/A,Food and Drink,3,£28.77,2026-04-06 20:37:07
The Guilty (Will Robie #4),N/A,Thriller,2,£13.82,2026-04-06 20:37:08
The First Hostage (J.B. Collins #2),N/A,Fiction,3,£25.85,2026-04-06 20:37:09
The Dovekeepers,N/A,Add a comment,1,£48.78,2026-04-06 20:37:11
The Darkest Lie,N/A,Young Adult,5,£35.35,2026-04-06 20:37:12
The Bane Chronicles (The Bane Chronicles #1-11),N/A,Fantasy,4,£44.73,2026-04-06 20:37:14
The Bad-Ass Librarians of Timbuktu: And Their Race to Save the World’s Most Precious Manuscripts,N/A,Nonfiction,1,£15.77,2026-04-06 20:37:15
The 14th Colony (Cotton Malone #11),N/A,Thriller,1,£39.24,2026-04-06 20:37:17
That Darkness (Gardiner and Renner #1),N/A,Mystery,1,£13.92,2026-04-06 20:37:18
Tastes Like Fear (DI Marnie Rome #3),N/A,Mystery,1,£10.69,2026-04-06 20:37:20
Take Me with You,N/A,Fiction,3,£45.21,2026-04-06 20:37:21
Swell: A Year of Waves,N/A,Nonfiction,1,£45.58,2026-04-06 20:37:22
Superman Vol. 1: Before Truth (Superman by Gene Luen Yang #1),N/A,Sequential Art,5,£11.89,2026-04-06 20:37:24
Still Life with Bread Crumbs,N/A,Fiction,3,£26.41,2026-04-06 20:37:25
Steve Jobs,N/A,Default,5,£39.50,2026-04-06 20:37:26
Sorting the Beef from the Bull: The Science of Food Fraud Forensics,N/A,Science,4,£44.74,2026-04-06 20:37:28
Someone Like You (The Harrisons #2),N/A,Contemporary,5,£52.79,2026-04-06 20:37:29
"So Cute It Hurts!!, Vol. 6 (So Cute It Hurts!! #6)",N/A,Sequential Art,4,£35.43,2026-04-06 20:37:31
Shtum,N/A,Fiction,4,£55.84,2026-04-06 20:37:32
See America: A Celebration of Our National Parks & Treasured Sites,N/A,Travel,3,£48.87,2026-04-06 20:37:34
salt.,N/A,Poetry,4,£46.78,2026-04-06 20:37:35
Robin War,N/A,Sequential Art,3,£47.82,2026-04-06 20:37:37
"Red Hood/Arsenal, Vol. 1: Open for Business (Red Hood/Arsenal #1)",N/A,Sequential Art,2,£25.48,2026-04-06 20:37:38
Rain Fish,N/A,Childrens,3,£23.57,2026-04-06 20:37:40
"Quarter Life Poetry: Poems for the Young, Broke and Hangry",N/A,Poetry,5,£50.89,2026-04-06 20:37:41
Pet Sematary,N/A,Horror,3,£10.56,2026-04-06 20:37:43
"Overload: How to Unplug, Unwind, and Unleash Yourself from the Pressure of Stress",N/A,Self Help,3,£52.15,2026-04-06 20:37:44
Once Was a Time,N/A,Childrens,2,£18.28,2026-04-06 20:37:46
Old School (Diary of a Wimpy Kid #10),N/A,Humor,5,£11.83,2026-04-06 20:37:47
No Dream Is Too High: Life Lessons From a Man Who Walked on the Moon,N/A,Nonfiction,2,£21.95,2026-04-06 20:37:48
"Naruto (3-in-1 Edition), Vol. 14: Includes Vols. 40, 41 & 42 (Naruto: Omnibus #14)",N/A,Sequential Art,2,£38.39,2026-04-06 20:37:50
My Name Is Lucy Barton,N/A,Fiction,1,£41.56,2026-04-06 20:37:51
My Mrs. Brown,N/A,Fiction,3,£24.48,2026-04-06 20:37:53
My Kind of Crazy,N/A,Young Adult,1,£40.36,2026-04-06 20:37:54
Mr. Mercedes (Bill Hodges Trilogy #1),N/A,Fiction,1,£28.90,2026-04-06 20:37:55
More Than Music (Chasing the Dream #1),N/A,Add a comment,2,£37.61,2026-04-06 20:37:56
Made to Stick: Why Some Ideas Survive and Others Die,N/A,Business,5,£38.85,2026-04-06 20:37:58
Luis Paints the World,N/A,Childrens,3,£53.95,2026-04-06 20:37:59
Luckiest Girl Alive,N/A,Default,3,£49.83,2026-04-06 20:38:01
Lowriders to the Center of the Earth (Lowriders in Space #2),N/A,Sequential Art,2,£51.51,2026-04-06 20:38:02
Love Is a Mix Tape (Music #1),N/A,Music,1,£18.03,2026-04-06 20:38:03
Looking for Lovely: Collecting the Moments that Matter,N/A,Nonfiction,5,£29.14,2026-04-06 20:38:05
"Living Leadership by Insight: A Good Leader Achieves, a Great Leader Builds Monuments",N/A,Default,4,£46.91,2026-04-06 20:38:07
Let It Out: A Journey Through Journaling,N/A,Nonfiction,5,£26.79,2026-04-06 20:38:08
Lady Midnight (The Dark Artifices #1),N/A,Default,5,£16.28,2026-04-06 20:38:10
"It's All Easy: Healthy, Delicious Weeknight Meals in under 30 Minutes",N/A,Food and Drink,1,£19.55,2026-04-06 20:38:11
Island of Dragons (Unwanteds #7),N/A,Fantasy,1,£29.65,2026-04-06 20:38:13
I Know What I'm Doing -- and Other Lies I Tell Myself: Dispatches from a Life Under Construction,N/A,Humor,4,£25.98,2026-04-06 20:38:14
I Am Pilgrim (Pilgrim #1),N/A,Fiction,4,£10.60,2026-04-06 20:38:15
"Hyperbole and a Half: Unfortunate Situations, Flawed Coping Mechanisms, Mayhem, and Other Things That Happened",N/A,Humor,5,£14.75,2026-04-06 20:38:16
"Hush, Hush (Hush, Hush #1)",N/A,Default,3,£47.02,2026-04-06 20:38:18
Hold Your Breath (Search and Rescue #1),N/A,Romance,1,£28.82,2026-04-06 20:38:19
Hamilton: The Revolution,N/A,Nonfiction,3,£58.79,2026-04-06 20:38:21
Greek Mythic History,N/A,Default,5,£10.23,2026-04-06 20:38:23
God: The Most Unpleasant Character in All Fiction,N/A,Religion,5,£30.03,2026-04-06 20:38:24
Glory over Everything: Beyond The Kitchen House,N/A,Historical Fiction,3,£45.84,2026-04-06 20:38:25
Feathers: Displays of Brilliant Plumage,N/A,Art,3,£49.05,2026-04-06 20:38:27
"Far & Away: Places on the Brink of Change: Seven Continents, Twenty-Five Years",N/A,Nonfiction,4,£15.06,2026-04-06 20:38:28
Every Last Word,N/A,Default,3,£46.47,2026-04-06 20:38:30
Eligible (The Austen Project #4),N/A,Fiction,3,£27.09,2026-04-06 20:38:31
El Deafo,N/A,Sequential Art,5,£57.62,2026-04-06 20:38:33
Eight Hundred Grapes,N/A,Fiction,4,£14.39,2026-04-06 20:38:34
"Eaternity: More than 150 Deliciously Easy Vegan Recipes for a Long, Healthy, Satisfied, Joyful Life",N/A,Nonfiction,5,£51.75,2026-04-06 20:38:35
"Eat Fat, Get Thin",N/A,Health,2,£54.07,2026-04-06 20:38:37
Don't Get Caught,N/A,Young Adult,1,£55.35,2026-04-06 20:38:38
Doctor Sleep (The Shining #2),N/A,Horror,2,£40.12,2026-04-06 20:38:39
Demigods & Magicians: Percy and Annabeth Meet the Kanes (Percy Jackson & Kane Chronicles Crossover #1-3),N/A,Fantasy,5,£37.51,2026-04-06 20:38:41
Dear Mr. Knightley,N/A,Fiction,5,£11.21,2026-04-06 20:38:42
Daily Fantasy Sports,N/A,Default,1,£36.58,2026-04-06 20:38:44
Crazy Love: Overwhelmed by a Relentless God,N/A,Christian,2,£47.72,2026-04-06 20:38:46
Cometh the Hour (The Clifton Chronicles #6),N/A,Fiction,3,£25.01,2026-04-06 20:38:47
Code Name Verity (Code Name Verity #1),N/A,Add a comment,4,£22.13,2026-04-06 20:38:48
Clockwork Angel (The Infernal Devices #1),N/A,Default,1,£44.14,2026-04-06 20:38:50
City of Glass (The Mortal Instruments #3),N/A,Fantasy,4,£56.02,2026-04-06 20:38:52
City of Fallen Angels (The Mortal Instruments #4),N/A,Default,4,£11.23,2026-04-06 20:38:53
City of Bones (The Mortal Instruments #1),N/A,Default,1,£43.28,2026-04-06 20:38:54
City of Ashes (The Mortal Instruments #2),N/A,Default,1,£47.27,2026-04-06 20:38:56
Cell,N/A,Add a comment,4,£20.29,2026-04-06 20:38:57
Catching Jordan (Hundred Oaks),N/A,Young Adult,3,£50.83,2026-04-06 20:38:58
"Carry On, Warrior: Thoughts on Life Unarmed",N/A,Default,3,£31.85,2026-04-06 20:39:00
Carrie,N/A,Default,2,£46.23,2026-04-06 20:39:01
Buying In: The Secret Dialogue Between What We Buy and Who We Are,N/A,Nonfiction,4,£37.80,2026-04-06 20:39:02
Brain on Fire: My Month of Madness,N/A,Nonfiction,5,£49.32,2026-04-06 20:39:04
Batman: Europa,N/A,Sequential Art,2,£32.01,2026-04-06 20:39:05
Barefoot Contessa Back to Basics,N/A,Food and Drink,1,£28.01,2026-04-06 20:39:07
Barefoot Contessa at Home: Everyday Recipes You'll Make Over and Over Again,N/A,Food and Drink,5,£50.62,2026-04-06 20:39:09
Balloon Animals,N/A,Fiction,3,£17.03,2026-04-06 20:39:10
Art Ops Vol. 1,N/A,Sequential Art,3,£48.80,2026-04-06 20:39:12
Aristotle and Dante Discover the Secrets of the Universe (Aristotle and Dante Discover the Secrets of the Universe #1),N/A,Young Adult,4,£58.14,2026-04-06 20:39:14
Angels Walking (Angels Walking #1),N/A,Add a comment,2,£34.20,2026-04-06 20:39:15
Angels & Demons (Robert Langdon #1),N/A,Default,3,£51.48,2026-04-06 20:39:16
All the Light We Cannot See,N/A,Historical,5,£29.87,2026-04-06 20:39:18
"Adulthood Is a Myth: A ""Sarah's Scribbles"" Collection",N/A,Sequential Art,2,£10.90,2026-04-06 20:39:19
Abstract City,N/A,Nonfiction,5,£56.37,2026-04-06 20:39:21
A Time of Torment (Charlie Parker #14),N/A,Mystery,5,£48.35,2026-04-06 20:39:22
A Study in Scarlet (Sherlock Holmes #1),N/A,Mystery,2,£16.73,2026-04-06 20:39:23
"A Series of Catastrophes and Miracles: A True Story of Love, Science, and Cancer",N/A,Add a comment,2,£56.48,2026-04-06 20:39:25
A People's History of the United States,N/A,Add a comment,2,£40.79,2026-04-06 20:39:26
A Man Called Ove,N/A,Fiction,1,£39.72,2026-04-06 20:39:28
A Distant Mirror: The Calamitous 14th Century,N/A,History,3,£14.58,2026-04-06 20:39:29
A Brush of Wings (Angels Walking #3),N/A,Add a comment,1,£55.51,2026-04-06 20:39:31
1491: New Revelations of the Americas Before Columbus,N/A,History,3,£21.80,2026-04-06 20:39:32
"The Three Searches, Meaning, and the Story",N/A,Default,3,£13.33,2026-04-06 20:39:34
Searching for Meaning in Gailana,N/A,Fantasy,1,£38.73,2026-04-06 20:39:36
Rook,N/A,Add a comment,4,£37.86,2026-04-06 20:39:37
My Kitchen Year: 136 Recipes That Saved My Life,N/A,Food and Drink,2,£11.53,2026-04-06 20:39:38
13 Hours: The Inside Account of What Really Happened In Benghazi,N/A,Nonfiction,1,£27.06,2026-04-06 20:39:40
Will You Won't You Want Me?,N/A,Womens Fiction,3,£13.86,2026-04-06 20:39:41
Tipping Point for Planet Earth: How Close Are We to the Edge?,N/A,Science,1,£37.55,2026-04-06 20:39:43
The Star-Touched Queen,N/A,Fantasy,5,£32.30,2026-04-06 20:39:44
The Silent Sister (Riley MacPherson #1),N/A,Fiction,5,£46.29,2026-04-06 20:39:46
The Midnight Watch: A Novel of the Titanic and the Californian,N/A,Add a comment,1,£26.20,2026-04-06 20:39:47
The Lonely City: Adventures in the Art of Being Alone,N/A,Nonfiction,2,£33.26,2026-04-06 20:39:48
The Gray Rhino: How to Recognize and Act on the Obvious Dangers We Ignore,N/A,Add a comment,4,£59.15,2026-04-06 20:39:50
The Golden Condom: And Other Essays on Love Lost and Found,N/A,Psychology,1,£39.43,2026-04-06 20:39:51
The Epidemic (The Program 0.6),N/A,Young Adult,5,£14.44,2026-04-06 20:39:53
The Dinner Party,N/A,Fiction,2,£56.54,2026-04-06 20:39:54
The Diary of a Young Girl,N/A,Nonfiction,3,£59.90,2026-04-06 20:39:55
The Children,N/A,Add a comment,3,£11.88,2026-04-06 20:39:57
Stars Above (The Lunar Chronicles #4.5),N/A,Young Adult,2,£48.05,2026-04-06 20:39:58
Snatched: How A Drug Queen Went Undercover for the DEA and Was Kidnapped By Colombian Guerillas,N/A,Nonfiction,3,£21.21,2026-04-06 20:40:00
Raspberry Pi Electronics Projects for the Evil Genius,N/A,Default,4,£49.67,2026-04-06 20:40:01
Quench Your Own Thirst: Business Lessons Learned Over a Beer or Two,N/A,Business,1,£43.14,2026-04-06 20:40:02
Psycho: Sanitarium (Psycho #1.5),N/A,Horror,5,£36.97,2026-04-06 20:40:03
Poisonous (Max Revere Novels #3),N/A,Mystery,3,£26.80,2026-04-06 20:40:05
One with You (Crossfire #5),N/A,Add a comment,4,£15.71,2026-04-06 20:40:06
No Love Allowed (Dodge Cove #1),N/A,Young Adult,4,£54.65,2026-04-06 20:40:08
Murder at the 42nd Street Library (Raymond Ambler #1),N/A,Mystery,4,£54.36,2026-04-06 20:40:09
Most Wanted,N/A,Mystery,3,£35.28,2026-04-06 20:40:10
"Love, Lies and Spies",N/A,Historical Fiction,2,£20.55,2026-04-06 20:40:12
How to Speak Golf: An Illustrated Guide to Links Lingo,N/A,Default,5,£58.32,2026-04-06 20:40:13
Hide Away (Eve Duncan #20),N/A,Mystery,1,£11.84,2026-04-06 20:40:14
Furiously Happy: A Funny Book About Horrible Things,N/A,Nonfiction,4,£41.46,2026-04-06 20:40:16
Everyday Italian: 125 Simple and Delicious Recipes,N/A,Food and Drink,5,£20.10,2026-04-06 20:40:17
Equal Is Unfair: America's Misguided Fight Against Income Inequality,N/A,Politics,1,£56.86,2026-04-06 20:40:19
Eleanor & Park,N/A,Default,5,£56.51,2026-04-06 20:40:20
Dirty (Dive Bar #1),N/A,Romance,4,£40.83,2026-04-06 20:40:22
Can You Keep a Secret? (Fear Street Relaunch #4),N/A,Horror,1,£48.64,2026-04-06 20:40:23
Boar Island (Anna Pigeon #19),N/A,Mystery,3,£59.48,2026-04-06 20:40:24
A Paris Apartment,N/A,Historical Fiction,4,£39.01,2026-04-06 20:40:25
"A la Mode: 120 Recipes in 60 Pairings: Pies, Tarts, Cakes, Crisps, and More Topped with Ice Cream, Gelato, Frozen Custard, and More",N/A,Food and Drink,1,£38.77,2026-04-06 20:40:27
Troublemaker: Surviving Hollywood and Scientology,N/A,Default,2,£48.39,2026-04-06 20:40:28
The Widow,N/A,Mystery,2,£27.26,2026-04-06 20:40:30
"The Sleep Revolution: Transforming Your Life, One Night at a Time",N/A,Nonfiction,4,£11.68,2026-04-06 20:40:32
The Improbability of Love,N/A,Fiction,1,£59.45,2026-04-06 20:40:33
The Art of Startup Fundraising,N/A,Business,3,£21.00,2026-04-06 20:40:35
Take Me Home Tonight (Rock Star Romance #3),N/A,Romance,3,£53.98,2026-04-06 20:40:36
Sleeping Giants (Themis Files #1),N/A,Science Fiction,1,£48.74,2026-04-06 20:40:37
"Setting the World on Fire: The Brief, Astonishing Life of St. Catherine of Siena",N/A,Biography,2,£21.15,2026-04-06 20:40:38
Playing with Fire,N/A,Mystery,3,£13.71,2026-04-06 20:40:40
Off the Hook (Fishing for Trouble #1),N/A,Romance,3,£47.67,2026-04-06 20:40:41
Mothering Sunday,N/A,Fiction,2,£13.34,2026-04-06 20:40:43
"Mother, Can You Not?",N/A,Nonfiction,5,£16.89,2026-04-06 20:40:44
M Train,N/A,Autobiography,1,£27.18,2026-04-06 20:40:46
Lilac Girls,N/A,Historical Fiction,2,£17.28,2026-04-06 20:40:47
Lies and Other Acts of Love,N/A,Fiction,1,£45.14,2026-04-06 20:40:49
Lab Girl,N/A,Autobiography,1,£40.85,2026-04-06 20:40:50
Keep Me Posted,N/A,Womens Fiction,4,£20.46,2026-04-06 20:40:51
It Didn't Start with You: How Inherited Family Trauma Shapes Who We Are and How to End the Cycle,N/A,Psychology,3,£56.27,2026-04-06 20:40:53
Grey (Fifty Shades #4),N/A,Womens Fiction,4,£48.49,2026-04-06 20:40:55
"Exit, Pursued by a Bear",N/A,Young Adult,4,£51.34,2026-04-06 20:40:57
Daredevils,N/A,Fiction,3,£16.34,2026-04-06 20:40:58
Cravings: Recipes for What You Want to Eat,N/A,Food and Drink,3,£20.50,2026-04-06 20:40:59
Born for This: How to Find the Work You Were Meant to Do,N/A,Business,5,£21.59,2026-04-06 20:41:01
Arena,N/A,Science Fiction,4,£21.36,2026-04-06 20:41:02
Adultery,N/A,Default,5,£20.88,2026-04-06 20:41:03
A Mother's Reckoning: Living in the Aftermath of Tragedy,N/A,Nonfiction,3,£19.53,2026-04-06 20:41:05
A Gentleman's Position (Society of Gentlemen #3),N/A,Romance,5,£14.75,2026-04-06 20:41:06
11/22/63,N/A,Fiction,3,£48.48,2026-04-06 20:41:07
"10% Happier: How I Tamed the Voice in My Head, Reduced Stress Without Losing My Edge, and Found Self-Help That Actually Works",N/A,Nonfiction,2,£24.57,2026-04-06 20:41:09
10-Day Green Smoothie Cleanse: Lose Up to 15 Pounds in 10 Days!,N/A,Health,5,£49.71,2026-04-06 20:41:10
Without Shame,N/A,Add a comment,5,£48.27,2026-04-06 20:41:12
Watchmen,N/A,Add a comment,4,£58.05,2026-04-06 20:41:14
Unlimited Intuition Now,N/A,Default,4,£58.87,2026-04-06 20:41:15
Underlying Notes,N/A,Default,2,£11.82,2026-04-06 20:41:16
The Shack,N/A,Fiction,1,£28.03,2026-04-06 20:41:17
The New Brand You: Your New Image Makes the Sale for You,N/A,Default,5,£44.05,2026-04-06 20:41:18
"The Moosewood Cookbook: Recipes from Moosewood Restaurant, Ithaca, New York",N/A,Food and Drink,4,£12.34,2026-04-06 20:41:20
The Flowers Lied,N/A,Default,2,£16.68,2026-04-06 20:41:21
"The Fabric of the Cosmos: Space, Time, and the Texture of Reality",N/A,Science,1,£55.91,2026-04-06 20:41:23
The Book of Mormon,N/A,Religion,3,£24.57,2026-04-06 20:41:24
The Art and Science of Low Carbohydrate Living,N/A,Health,5,£52.98,2026-04-06 20:41:25
The Alien Club,N/A,Young Adult,1,£54.40,2026-04-06 20:41:27
Suzie Snowflake: One beautiful flake (a self-esteem story),N/A,Novels,5,£54.81,2026-04-06 20:41:29
Nap-a-Roo,N/A,Childrens,1,£25.08,2026-04-06 20:41:30
"NaNo What Now? Finding your editing process, revising your NaNoWriMo book and building a writing career through publishing and beyond",N/A,Default,4,£10.41,2026-04-06 20:41:32
Modern Day Fables,N/A,Default,2,£47.44,2026-04-06 20:41:33
If I Gave You God's Phone Number....: Searching for Spirituality in America,N/A,Spirituality,1,£20.91,2026-04-06 20:41:35
"Fruits Basket, Vol. 9 (Fruits Basket #9)",N/A,Sequential Art,4,£33.95,2026-04-06 20:41:36
Dress Your Family in Corduroy and Denim,N/A,Humor,3,£43.68,2026-04-06 20:41:37
Don't Forget Steven,N/A,Young Adult,1,£33.23,2026-04-06 20:41:39
Chernobyl 01:23:40: The Incredible True Story of the World's Worst Nuclear Disaster,N/A,Nonfiction,2,£35.92,2026-04-06 20:41:40
Art and Fear: Observations on the Perils (and Rewards) of Artmaking,N/A,Art,4,£48.63,2026-04-06 20:41:42
A Shard of Ice (The Black Symphony Saga #1),N/A,Fantasy,3,£56.63,2026-04-06 20:41:45
A Hero's Curse (The Unseen Chronicles #1),N/A,Add a comment,3,£50.49,2026-04-06 20:41:46
23 Degrees South: A Tropical Tale of Changing Whether...,N/A,Add a comment,2,£35.79,2026-04-06 20:41:48
"Zero to One: Notes on Startups, or How to Build the Future",N/A,Nonfiction,3,£34.06,2026-04-06 20:41:49
Why Not Me?,N/A,Nonfiction,1,£17.76,2026-04-06 20:41:51
When Breath Becomes Air,N/A,Nonfiction,2,£39.36,2026-04-06 20:41:52
Vagabonding: An Uncommon Guide to the Art of Long-Term World Travel,N/A,Travel,2,£36.94,2026-04-06 20:41:54
The Unlikely Pilgrimage of Harold Fry (Harold Fry #1),N/A,Default,5,£43.62,2026-04-06 20:41:55
The New Drawing on the Right Side of the Brain,N/A,Art,3,£43.02,2026-04-06 20:41:57
"The Midnight Assassin: Panic, Scandal, and the Hunt for America's First Serial Killer",N/A,Nonfiction,4,£28.45,2026-04-06 20:41:59
The Martian (The Martian #1),N/A,Default,2,£41.39,2026-04-06 20:42:00
The High Mountains of Portugal,N/A,Fiction,1,£51.15,2026-04-06 20:42:02
The Grownup,N/A,Short Stories,1,£35.88,2026-04-06 20:42:03
The E-Myth Revisited: Why Most Small Businesses Don't Work and What to Do About It,N/A,Business,1,£36.91,2026-04-06 20:42:04
South of Sunshine,N/A,Young Adult,1,£28.93,2026-04-06 20:42:06
Smarter Faster Better: The Secrets of Being Productive in Life and Business,N/A,Nonfiction,5,£38.89,2026-04-06 20:42:07
Silence in the Dark (Logan Point #4),N/A,Suspense,3,£58.33,2026-04-06 20:42:09
Shadows of the Past (Logan Point #1),N/A,Christian Fiction,5,£39.67,2026-04-06 20:42:10
Roller Girl,N/A,Sequential Art,5,£14.10,2026-04-06 20:42:11
Rising Strong,N/A,Nonfiction,3,£21.82,2026-04-06 20:42:12
Proofs of God: Classical Arguments from Tertullian to Barth,N/A,Philosophy,1,£54.21,2026-04-06 20:42:14
Please Kill Me: The Uncensored Oral History of Punk,N/A,Music,4,£31.19,2026-04-06 20:42:15
Out of Print: City Lights Spotlight No. 14,N/A,Poetry,5,£53.64,2026-04-06 20:42:17
My Life Next Door (My Life Next Door ),N/A,Young Adult,5,£36.39,2026-04-06 20:42:18
Miller's Valley,N/A,Fiction,2,£58.54,2026-04-06 20:42:20
Man's Search for Meaning,N/A,Nonfiction,3,£29.48,2026-04-06 20:42:21
"Love That Boy: What Two Presidents, Eight Road Trips, and My Son Taught Me About a Parent's Expectations",N/A,Nonfiction,2,£25.06,2026-04-06 20:42:22
Living Forward: A Proven Plan to Stop Drifting and Get the Life You Want,N/A,Nonfiction,3,£12.55,2026-04-06 20:42:24
Les Fleurs du Mal,N/A,Poetry,5,£29.04,2026-04-06 20:42:25
Left Behind (Left Behind #1),N/A,Default,2,£40.72,2026-04-06 20:42:27
Kill 'Em and Leave: Searching for James Brown and the American Soul,N/A,Music,5,£45.05,2026-04-06 20:42:29
Kierkegaard: A Christian Missionary to Christians,N/A,Philosophy,1,£47.13,2026-04-06 20:42:30
John Vassos: Industrial Design for Modern Life,N/A,Default,4,£20.22,2026-04-06 20:42:32
I'll Give You the Sun,N/A,Default,1,£56.48,2026-04-06 20:42:33
I Will Find You,N/A,Nonfiction,1,£44.21,2026-04-06 20:42:35
Hystopia: A Novel,N/A,Fiction,4,£21.96,2026-04-06 20:42:36
Howl and Other Poems,N/A,Poetry,2,£40.45,2026-04-06 20:42:38
History of Beauty,N/A,Art,4,£10.29,2026-04-06 20:42:39
Heaven is for Real: A Little Boy's Astounding Story of His Trip to Heaven and Back,N/A,Default,2,£52.86,2026-04-06 20:42:40
Future Shock (Future Shock #1),N/A,Young Adult,5,£55.65,2026-04-06 20:42:42
Ender's Game (The Ender Quintet #1),N/A,Default,1,£43.64,2026-04-06 20:42:43
Diary of a Citizen Scientist: Chasing Tiger Beetles and Other New Ways of Engaging the World,N/A,Science,1,£28.41,2026-04-06 20:42:45
Death by Leisure: A Cautionary Tale,N/A,Default,4,£37.51,2026-04-06 20:42:47
Brilliant Beacons: A History of the American Lighthouse,N/A,History,3,£11.45,2026-04-06 20:42:48
Brazen: The Courage to Find the You That's Been Hiding,N/A,Nonfiction,2,£19.22,2026-04-06 20:42:50
Between the World and Me,N/A,Nonfiction,4,£56.91,2026-04-06 20:42:51
Being Mortal: Medicine and What Matters in the End,N/A,Nonfiction,4,£55.06,2026-04-06 20:42:53
"A Murder Over a Girl: Justice, Gender, Junior High",N/A,Nonfiction,3,£13.20,2026-04-06 20:42:54
32 Yolks,N/A,Food and Drink,2,£53.63,2026-04-06 20:42:55
"""Most Blessed of the Patriarchs"": Thomas Jefferson and the Empire of the Imagination",N/A,History,5,£44.48,2026-04-06 20:42:57
You Are a Badass: How to Stop Doubting Your Greatness and Start Living an Awesome Life,N/A,Self Help,3,£12.08,2026-04-06 20:42:59
Wildlife of New York: A Five-Borough Coloring Book,N/A,Default,2,£22.14,2026-04-06 20:43:00
What Happened on Beale Street (Secrets of the South Mysteries #2),N/A,Mystery,5,£25.37,2026-04-06 20:43:01
Unreasonable Hope: Finding Faith in the God Who Brings Purpose to Your Pain,N/A,Spirituality,2,£46.33,2026-04-06 20:43:02
Under the Tuscan Sun,N/A,Travel,3,£37.33,2026-04-06 20:43:04
Toddlers Are A**holes: It's Not Your Fault,N/A,Humor,1,£25.55,2026-04-06 20:43:05
The Year of Living Biblically: One Man's Humble Quest to Follow the Bible as Literally as Possible,N/A,Default,1,£34.72,2026-04-06 20:43:07
The Whale,N/A,Childrens,4,£35.96,2026-04-06 20:43:08
The Story of Art,N/A,Art,4,£41.14,2026-04-06 20:43:10
The Origin of Species,N/A,Science,4,£10.01,2026-04-06 20:43:12
The Great Gatsby,N/A,Default,4,£36.05,2026-04-06 20:43:14
The Good Girl,N/A,Default,3,£49.03,2026-04-06 20:43:15
The Glass Castle,N/A,Add a comment,1,£16.24,2026-04-06 20:43:16
The Faith of Christopher Hitchens: The Restless Soul of the World's Most Notorious Atheist,N/A,Biography,1,£39.55,2026-04-06 20:43:18
The Drowning Girls,N/A,Add a comment,3,£35.67,2026-04-06 20:43:19
The Constant Princess (The Tudor Court #1),N/A,Historical Fiction,3,£16.62,2026-04-06 20:43:21
The Bourne Identity (Jason Bourne #1),N/A,Fiction,4,£42.78,2026-04-06 20:43:23
The Bachelor Girl's Guide to Murder (Herringford and Watts Mysteries #1),N/A,Mystery,5,£52.30,2026-04-06 20:43:24
The Art Book,N/A,Art,2,£32.34,2026-04-06 20:43:25
The 7 Habits of Highly Effective People: Powerful Lessons in Personal Change,N/A,Default,4,£33.17,2026-04-06 20:43:27
Team of Rivals: The Political Genius of Abraham Lincoln,N/A,Add a comment,5,£20.12,2026-04-06 20:43:29
Steal Like an Artist: 10 Things Nobody Told You About Being Creative,N/A,Default,2,£20.90,2026-04-06 20:43:30
"Sit, Stay, Love",N/A,Romance,3,£20.90,2026-04-06 20:43:32
Sister Dear,N/A,Fiction,4,£40.20,2026-04-06 20:43:34
"Shrunken Treasures: Literary Classics, Short, Sweet, and Silly",N/A,Childrens,3,£52.87,2026-04-06 20:43:35
"Rich Dad, Poor Dad",N/A,Business,1,£51.74,2026-04-06 20:43:37
Raymie Nightingale,N/A,Childrens,2,£34.41,2026-04-06 20:43:38
Playing from the Heart,N/A,Childrens,1,£32.38,2026-04-06 20:43:40
Nightstruck: A Novel,N/A,Young Adult,4,£50.35,2026-04-06 20:43:41
"Naturally Lean: 125 Nourishing Gluten-Free, Plant-Based Recipes--All Under 300 Calories",N/A,Food and Drink,5,£11.38,2026-04-06 20:43:43
Meternity,N/A,Womens Fiction,3,£43.58,2026-04-06 20:43:45
Memoirs of a Geisha,N/A,Fiction,3,£49.67,2026-04-06 20:43:46
Like Never Before (Walker Family #2),N/A,Christian Fiction,2,£28.77,2026-04-06 20:43:48
Life of Pi,N/A,Default,4,£13.22,2026-04-06 20:43:49
Leave This Song Behind: Teen Poetry at Its Best,N/A,Poetry,5,£51.17,2026-04-06 20:43:51
King's Folly (The Kinsman Chronicles #1),N/A,Fantasy,5,£39.61,2026-04-06 20:43:52
John Adams,N/A,Add a comment,4,£57.43,2026-04-06 20:43:54
How to Cook Everything Vegetarian: Simple Meatless Recipes for Great Food (How to Cook Everything),N/A,Food and Drink,4,£46.01,2026-04-06 20:43:55
How to Be a Domestic Goddess: Baking and the Art of Comfort Cooking,N/A,Food and Drink,2,£28.25,2026-04-06 20:43:57
Good in Bed (Cannie Shapiro #1),N/A,Add a comment,5,£37.05,2026-04-06 20:43:59
"Fruits Basket, Vol. 7 (Fruits Basket #7)",N/A,Sequential Art,1,£19.57,2026-04-06 20:44:00
For the Love: Fighting for Grace in a World of Impossible Standards,N/A,Nonfiction,3,£45.13,2026-04-06 20:44:02
Finding God in the Ruins: How God Redeems Pain,N/A,Nonfiction,2,£46.64,2026-04-06 20:44:04
Every Heart a Doorway (Every Heart A Doorway #1),N/A,Fantasy,5,£12.16,2026-04-06 20:44:05
Delivering the Truth (Quaker Midwife Mystery #1),N/A,Mystery,4,£20.89,2026-04-06 20:44:07
Counted With the Stars (Out from Egypt #1),N/A,Christian Fiction,5,£17.97,2026-04-06 20:44:09
"Chronicles, Vol. 1",N/A,Music,2,£52.60,2026-04-06 20:44:10
Blue Like Jazz: Nonreligious Thoughts on Christian Spirituality,N/A,Christian,1,£25.77,2026-04-06 20:44:12
Benjamin Franklin: An American Life,N/A,Biography,3,£48.19,2026-04-06 20:44:13
"At The Existentialist Café: Freedom, Being, and apricot cocktails with: Jean-Paul Sartre, Simone de Beauvoir, Albert Camus, Martin Heidegger, Edmund Husserl, Karl Jaspers, Maurice Merleau-Ponty and others",N/A,Philosophy,5,£29.93,2026-04-06 20:44:15
A Summer In Europe,N/A,Travel,2,£44.34,2026-04-06 20:44:16
A Short History of Nearly Everything,N/A,History,5,£52.40,2026-04-06 20:44:17
A Gathering of Shadows (Shades of Magic #2),N/A,Fantasy,4,£44.81,2026-04-06 20:44:19
The Sound Of Love,N/A,Default,5,£57.84,2026-04-06 20:44:20
The Rise and Fall of the Third Reich: A History of Nazi Germany,N/A,History,2,£39.67,2026-04-06 20:44:22
The Perks of Being a Wallflower,N/A,Default,3,£55.02,2026-04-06 20:44:24
The Mysterious Affair at Styles (Hercule Poirot #1),N/A,Mystery,4,£24.80,2026-04-06 20:44:25
The Man Who Mistook His Wife for a Hat and Other Clinical Tales,N/A,Nonfiction,4,£59.45,2026-04-06 20:44:27
The Makings of a Fatherless Child,N/A,Default,2,£31.58,2026-04-06 20:44:28
The Joy of Cooking,N/A,Add a comment,4,£43.27,2026-04-06 20:44:30
The Invention of Wings,N/A,Historical Fiction,1,£37.34,2026-04-06 20:44:31
The Hobbit (Middle-Earth Universe),N/A,Default,5,£17.80,2026-04-06 20:44:33
The Great Railway Bazaar,N/A,Travel,1,£30.54,2026-04-06 20:44:35
The Golden Compass (His Dark Materials #1),N/A,Add a comment,1,£18.77,2026-04-06 20:44:36
The God Delusion,N/A,Add a comment,3,£46.85,2026-04-06 20:44:37
The Girl You Left Behind (The Girl You Left Behind #1),N/A,Historical,1,£15.79,2026-04-06 20:44:39
The Fellowship of the Ring (The Lord of the Rings #1),N/A,Default,2,£10.27,2026-04-06 20:44:40
The Collected Poems of W.B. Yeats (The Collected Works of W.B. Yeats #1),N/A,Poetry,5,£15.42,2026-04-06 20:44:42
The Barefoot Contessa Cookbook,N/A,Food and Drink,5,£59.92,2026-04-06 20:44:43
Tell the Wolves I'm Home,N/A,Young Adult,2,£50.96,2026-04-06 20:44:45
Ship Leaves Harbor: Essays on Travel by a Recovering Journeyman,N/A,Default,3,£30.60,2026-04-06 20:44:47
Pride and Prejudice,N/A,Add a comment,4,£19.27,2026-04-06 20:44:49
Musicophilia: Tales of Music and the Brain,N/A,Default,1,£46.58,2026-04-06 20:44:50
Mere Christianity,N/A,Add a comment,3,£48.51,2026-04-06 20:44:52
Me Before You (Me Before You #1),N/A,Fiction,1,£19.02,2026-04-06 20:44:53
In the Woods (Dublin Murder Squad #1),N/A,Mystery,2,£38.38,2026-04-06 20:44:55
In Cold Blood,N/A,Nonfiction,4,£49.98,2026-04-06 20:44:57
How to Stop Worrying and Start Living,N/A,Self Help,5,£46.49,2026-04-06 20:44:58
Give It Back,N/A,Thriller,2,£18.32,2026-04-06 20:44:59
"Girl, Interrupted",N/A,Nonfiction,3,£42.14,2026-04-06 20:45:01
Fun Home: A Family Tragicomic,N/A,Add a comment,4,£56.59,2026-04-06 20:45:02
"Fruits Basket, Vol. 6 (Fruits Basket #6)",N/A,Sequential Art,4,£20.96,2026-04-06 20:45:03
Deception Point,N/A,Fiction,4,£40.32,2026-04-06 20:45:04
"Death Note, Vol. 6: Give-and-Take (Death Note #6)",N/A,Sequential Art,3,£36.39,2026-04-06 20:45:06
Catherine the Great: Portrait of a Woman,N/A,History,4,£58.55,2026-04-06 20:45:08
Better Homes and Gardens New Cook Book,N/A,Food and Drink,3,£39.61,2026-04-06 20:45:09
An Unquiet Mind: A Memoir of Moods and Madness,N/A,Psychology,3,£21.30,2026-04-06 20:45:11
A Year in Provence (Provence #1),N/A,Travel,4,£56.88,2026-04-06 20:45:12
World Without End (The Pillars of the Earth #2),N/A,Historical Fiction,4,£32.97,2026-04-06 20:45:14
"Will Grayson, Will Grayson (Will Grayson, Will Grayson)",N/A,Young Adult,4,£47.31,2026-04-06 20:45:16
Why Save the Bankers?: And Other Essays on Our Economic and Political Crisis,N/A,Nonfiction,2,£48.67,2026-04-06 20:45:17
Where She Went (If I Stay #2),N/A,Young Adult,4,£41.73,2026-04-06 20:45:18
What If?: Serious Scientific Answers to Absurd Hypothetical Questions,N/A,Default,4,£53.68,2026-04-06 20:45:20
Two Summers,N/A,Young Adult,1,£14.64,2026-04-06 20:45:21
This Is Your Brain on Music: The Science of a Human Obsession,N/A,Music,1,£38.40,2026-04-06 20:45:23
The Secret Garden,N/A,Classics,4,£15.08,2026-04-06 20:45:25
The Raven King (The Raven Cycle #4),N/A,Add a comment,2,£30.57,2026-04-06 20:45:26
The Raven Boys (The Raven Cycle #1),N/A,Fantasy,4,£57.74,2026-04-06 20:45:28
The Power Greens Cookbook: 140 Delicious Superfood Recipes,N/A,Food and Drink,5,£11.05,2026-04-06 20:45:29
The Metamorphosis,N/A,Classics,1,£28.58,2026-04-06 20:45:31
The Mathews Men: Seven Brothers and the War Against Hitler's U-boats,N/A,History,5,£42.91,2026-04-06 20:45:32
The Little Paris Bookshop,N/A,Fiction,3,£24.73,2026-04-06 20:45:34
The Hiding Place,N/A,History,4,£55.91,2026-04-06 20:45:36
The Grand Design,N/A,Science,3,£13.76,2026-04-06 20:45:37
The Firm,N/A,Fiction,3,£45.56,2026-04-06 20:45:39
The Fault in Our Stars,N/A,Default,1,£47.22,2026-04-06 20:45:40
The False Prince (The Ascendance Trilogy #1),N/A,Fantasy,5,£56.00,2026-04-06 20:45:42
The Expatriates,N/A,Fiction,2,£44.58,2026-04-06 20:45:44
The Dream Thieves (The Raven Cycle #2),N/A,Default,1,£34.50,2026-04-06 20:45:45
The Darkest Corners,N/A,Young Adult,5,£11.33,2026-04-06 20:45:47
The Crossover,N/A,Poetry,4,£38.77,2026-04-06 20:45:48
The 5th Wave (The 5th Wave #1),N/A,Default,2,£11.83,2026-04-06 20:45:49
Tell the Wind and Fire,N/A,Fantasy,3,£45.51,2026-04-06 20:45:51
Tell Me Three Things,N/A,Young Adult,1,£41.81,2026-04-06 20:45:53
Talking to Girls About Duran Duran: One Young Man's Quest for True Love and a Cooler Haircut,N/A,Nonfiction,4,£25.15,2026-04-06 20:45:54
Siddhartha,N/A,Fiction,5,£34.22,2026-04-06 20:45:55
Shiver (The Wolves of Mercy Falls #1),N/A,Default,5,£16.23,2026-04-06 20:45:57
Remember Me?,N/A,Default,3,£11.48,2026-04-06 20:45:59
Red Dragon (Hannibal Lecter #1),N/A,Horror,3,£23.37,2026-04-06 20:46:00
Peak: Secrets from the New Science of Expertise,N/A,Science,2,£16.28,2026-04-06 20:46:02
My Mother Was Nuts,N/A,Nonfiction,4,£31.63,2026-04-06 20:46:04
Mexican Today: New and Rediscovered Recipes for Contemporary Kitchens,N/A,Food and Drink,5,£24.91,2026-04-06 20:46:05
Maybe Something Beautiful: How Art Transformed a Neighborhood,N/A,Childrens,1,£22.54,2026-04-06 20:46:06
Lola and the Boy Next Door (Anna and the French Kiss #2),N/A,Young Adult,4,£23.63,2026-04-06 20:46:08
Logan Kade (Fallen Crest High #5.5),N/A,Academic,2,£13.12,2026-04-06 20:46:09
Last One Home (New Beginnings #1),N/A,Fiction,3,£59.98,2026-04-06 20:46:11
Killing Floor (Jack Reacher #1),N/A,Thriller,4,£31.49,2026-04-06 20:46:12
Kill the Boy Band,N/A,Young Adult,5,£15.52,2026-04-06 20:46:14
Isla and the Happily Ever After (Anna and the French Kiss #3),N/A,Young Adult,5,£48.13,2026-04-06 20:46:15
If I Stay (If I Stay #1),N/A,Default,5,£38.13,2026-04-06 20:46:17
I Know Why the Caged Bird Sings (Maya Angelou's Autobiography #1),N/A,Default,2,£36.55,2026-04-06 20:46:18
Harry Potter and the Deathly Hallows (Harry Potter #7),N/A,Default,1,£23.32,2026-04-06 20:46:20
"Fruits Basket, Vol. 5 (Fruits Basket #5)",N/A,Sequential Art,1,£16.33,2026-04-06 20:46:21
Foundation (Foundation (Publication Order) #1),N/A,Science Fiction,1,£32.42,2026-04-06 20:46:22
Fool Me Once,N/A,Default,1,£16.96,2026-04-06 20:46:24
Find Her (Detective D.D. Warren #8),N/A,Add a comment,1,£22.37,2026-04-06 20:46:25
Evicted: Poverty and Profit in the American City,N/A,Add a comment,1,£42.27,2026-04-06 20:46:27
Drama,N/A,Default,2,£38.70,2026-04-06 20:46:28
Dracula the Un-Dead,N/A,Horror,5,£35.63,2026-04-06 20:46:30
Digital Fortress,N/A,Fiction,5,£58.00,2026-04-06 20:46:32
"Death Note, Vol. 5: Whiteout (Death Note #5)",N/A,Sequential Art,1,£52.41,2026-04-06 20:46:33
"Data, A Love Story: How I Gamed Online Dating to Meet My Match",N/A,Nonfiction,3,£32.35,2026-04-06 20:46:35
Critique of Pure Reason,N/A,Philosophy,1,£20.75,2026-04-06 20:46:36
Booked,N/A,Poetry,5,£17.49,2026-04-06 20:46:37
"Blue Lily, Lily Blue (The Raven Cycle #3)",N/A,Default,5,£34.13,2026-04-06 20:46:39
Approval Junkie: Adventures in Caring Too Much,N/A,Autobiography,5,£58.81,2026-04-06 20:46:40
An Abundance of Katherines,N/A,Young Adult,5,£10.00,2026-04-06 20:46:41
America's War for the Greater Middle East: A Military History,N/A,History,2,£51.22,2026-04-06 20:46:43
Alight (The Generations Trilogy #2),N/A,Default,4,£58.59,2026-04-06 20:46:45
A Girl's Guide to Moving On (New Beginnings #2),N/A,Romance,1,£31.30,2026-04-06 20:46:46
A Game of Thrones (A Song of Ice and Fire #1),N/A,Add a comment,2,£46.42,2026-04-06 20:46:47
A Feast for Crows (A Song of Ice and Fire #4),N/A,Fantasy,4,£17.21,2026-04-06 20:46:49
A Clash of Kings (A Song of Ice and Fire #2),N/A,Add a comment,3,£10.79,2026-04-06 20:46:51
Vogue Colors A to Z: A Fashion Coloring Book,N/A,Default,4,£52.35,2026-04-06 20:46:53
The Shining (The Shining #1),N/A,Default,3,£27.88,2026-04-06 20:46:54
The Pilgrim's Progress,N/A,Classics,2,£50.26,2026-04-06 20:46:56
The Perfect Play (Play by Play #1),N/A,Romance,3,£59.99,2026-04-06 20:46:57
The Passion of Dolssa,N/A,Historical Fiction,5,£28.32,2026-04-06 20:46:59
The Jazz of Physics: The Secret Link Between Music and the Structure of the Universe,N/A,Nonfiction,3,£38.71,2026-04-06 20:47:01
The Hunger Games (The Hunger Games #1),N/A,Default,5,£29.85,2026-04-06 20:47:02
The Hound of the Baskervilles (Sherlock Holmes #5),N/A,Classics,2,£14.82,2026-04-06 20:47:03
The Gunning of America: Business and the Making of American Gun Culture,N/A,Nonfiction,4,£16.81,2026-04-06 20:47:05
The Geography of Bliss: One Grump's Search for the Happiest Places in the World,N/A,Nonfiction,2,£28.23,2026-04-06 20:47:06
The Demonists (Demonist #1),N/A,Fantasy,2,£52.11,2026-04-06 20:47:08
"The Demon Prince of Momochi House, Vol. 4 (The Demon Prince of Momochi House #4)",N/A,Sequential Art,2,£27.88,2026-04-06 20:47:09
The Bone Hunters (Lexy Vaughan & Steven Macaulay #2),N/A,Thriller,3,£59.71,2026-04-06 20:47:11
The Beast (Black Dagger Brotherhood #14),N/A,Fantasy,5,£46.08,2026-04-06 20:47:12
Some Women,N/A,Womens Fiction,5,£13.73,2026-04-06 20:47:14
Shopaholic Ties the Knot (Shopaholic #3),N/A,Womens Fiction,5,£48.39,2026-04-06 20:47:15
Paper and Fire (The Great Library #2),N/A,Fantasy,5,£49.45,2026-04-06 20:47:17
Outlander (Outlander #1),N/A,Default,5,£19.67,2026-04-06 20:47:19
"Orchestra of Exiles: The Story of Bronislaw Huberman, the Israel Philharmonic, and the One Thousand Jews He Saved from Nazi Horrors",N/A,Music,3,£12.36,2026-04-06 20:47:20
No One Here Gets Out Alive,N/A,Music,5,£20.02,2026-04-06 20:47:22
Night Shift (Night Shift #1-20),N/A,Horror,4,£12.75,2026-04-06 20:47:23
Needful Things,N/A,Horror,4,£47.51,2026-04-06 20:47:24
Mockingjay (The Hunger Games #3),N/A,Default,4,£20.44,2026-04-06 20:47:25
Misery,N/A,Horror,2,£34.79,2026-04-06 20:47:27
Little Women (Little Women #1),N/A,Classics,4,£28.07,2026-04-06 20:47:28
It,N/A,Horror,3,£25.01,2026-04-06 20:47:30
Harry Potter and the Sorcerer's Stone (Harry Potter #1),N/A,Default,3,£13.90,2026-04-06 20:47:32
Harry Potter and the Prisoner of Azkaban (Harry Potter #3),N/A,Young Adult,4,£24.17,2026-04-06 20:47:34
Harry Potter and the Order of the Phoenix (Harry Potter #5),N/A,Fantasy,4,£31.63,2026-04-06 20:47:35
Harry Potter and the Half-Blood Prince (Harry Potter #6),N/A,Fantasy,5,£48.75,2026-04-06 20:47:36
Harry Potter and the Chamber of Secrets (Harry Potter #2),N/A,Fantasy,1,£14.74,2026-04-06 20:47:38
Gone with the Wind,N/A,Classics,3,£32.49,2026-04-06 20:47:39
God Is Not Great: How Religion Poisons Everything,N/A,Nonfiction,1,£27.80,2026-04-06 20:47:40
Girl With a Pearl Earring,N/A,Historical Fiction,1,£26.77,2026-04-06 20:47:42
"Fruits Basket, Vol. 4 (Fruits Basket #4)",N/A,Sequential Art,4,£50.44,2026-04-06 20:47:44
Far From True (Promise Falls Trilogy #2),N/A,Thriller,2,£34.93,2026-04-06 20:47:45
Dark Lover (Black Dagger Brotherhood #1),N/A,Romance,1,£12.87,2026-04-06 20:47:47
Confessions of a Shopaholic (Shopaholic #1),N/A,Default,2,£48.94,2026-04-06 20:47:48
Changing the Game (Play by Play #2),N/A,Romance,3,£13.38,2026-04-06 20:47:50
Candide,N/A,Classics,3,£58.63,2026-04-06 20:47:51
Can You Keep a Secret?,N/A,Womens Fiction,1,£21.94,2026-04-06 20:47:53
Atlas Shrugged,N/A,Fiction,5,£26.58,2026-04-06 23:43:05
Animal Farm,N/A,Classics,3,£57.22,2026-04-06 23:43:06
A Walk to Remember,N/A,Romance,1,£56.43,2026-04-06 23:43:08
A New Earth: Awakening to Your Life's Purpose,N/A,Spirituality,5,£55.65,2026-04-06 23:43:09
"A History of God: The 4,000-Year Quest of Judaism, Christianity, and Islam",N/A,Religion,1,£27.62,2026-04-06 23:43:10
'Salem's Lot,N/A,Horror,4,£49.56,2026-04-06 23:43:11
Zero History (Blue Ant #3),N/A,Default,1,£34.77,2026-04-06 23:43:12
Wuthering Heights,N/A,Classics,3,£17.73,2026-04-06 23:43:14
World War Z: An Oral History of the Zombie War,N/A,Default,1,£21.80,2026-04-06 23:43:15
Wild: From Lost to Found on the Pacific Crest Trail,N/A,Default,3,£46.02,2026-04-06 23:43:16
"Where'd You Go, Bernadette",N/A,Default,1,£18.13,2026-04-06 23:43:18
When You Are Engulfed in Flames,N/A,Humor,5,£30.89,2026-04-06 23:43:19
We the People: The Modern-Day Figures Who Have Reshaped and Affirmed the Founding Fathers' Vision of America,N/A,Nonfiction,3,£31.95,2026-04-06 23:43:20
We Are All Completely Beside Ourselves,N/A,Contemporary,1,£24.04,2026-04-06 23:43:21
Walk the Edge (Thunder Road #2),N/A,Young Adult,3,£32.36,2026-04-06 23:43:23
Voyager (Outlander #3),N/A,Historical Fiction,5,£21.07,2026-04-06 23:43:24
Very Good Lives: The Fringe Benefits of Failure and the Importance of Imagination,N/A,Nonfiction,3,£50.66,2026-04-06 23:43:26
Vegan Vegetarian Omnivore: Dinner for Everyone at the Table,N/A,Food and Drink,2,£13.66,2026-04-06 23:43:27
"Unstuffed: Decluttering Your Home, Mind, and Soul",N/A,Nonfiction,1,£58.09,2026-04-06 23:43:29
Under the Banner of Heaven: A Story of Violent Faith,N/A,Nonfiction,1,£30.00,2026-04-06 23:43:30
Two Boys Kissing,N/A,Young Adult,2,£32.74,2026-04-06 23:43:31
Twilight (Twilight #1),N/A,Default,2,£41.93,2026-04-06 23:43:33
Twenties Girl,N/A,Womens Fiction,2,£42.80,2026-04-06 23:43:34
"Trespassing Across America: One Man's Epic, Never-Done-Before (and Sort of Illegal) Hike Across the Heartland",N/A,Nonfiction,1,£53.51,2026-04-06 23:43:36
Three-Martini Lunch,N/A,Fiction,3,£23.21,2026-04-06 23:43:37
"Thinking, Fast and Slow",N/A,Psychology,1,£21.14,2026-04-06 23:43:39
The Wild Robot,N/A,Childrens,3,£56.07,2026-04-06 23:43:40
"The Wicked + The Divine, Vol. 3: Commercial Suicide (The Wicked + The Divine)",N/A,Sequential Art,3,£14.41,2026-04-06 23:43:41
The Undomestic Goddess,N/A,Womens Fiction,4,£45.75,2026-04-06 23:43:42
The Travelers,N/A,Thriller,1,£15.77,2026-04-06 23:43:43
The Tipping Point: How Little Things Can Make a Big Difference,N/A,Add a comment,2,£10.02,2026-04-06 23:43:45
The Thing About Jellyfish,N/A,Childrens,1,£48.77,2026-04-06 23:43:46
The Stand,N/A,Horror,2,£57.86,2026-04-06 23:43:47
The Smitten Kitchen Cookbook,N/A,Food and Drink,1,£23.59,2026-04-06 23:43:48
The Silkworm (Cormoran Strike #2),N/A,Mystery,5,£23.05,2026-04-06 23:43:50
"The Sandman, Vol. 3: Dream Country (The Sandman (volumes) #3)",N/A,Sequential Art,5,£55.55,2026-04-06 23:43:51
The Rose & the Dagger (The Wrath and the Dawn #2),N/A,Fantasy,4,£58.64,2026-04-06 23:43:52
The Road to Little Dribbling: Adventures of an American in Britain (Notes From a Small Island #2),N/A,Travel,1,£23.21,2026-04-06 23:43:54
The Rise of Theodore Roosevelt (Theodore Roosevelt #1),N/A,Biography,3,£42.57,2026-04-06 23:43:55
The Restaurant at the End of the Universe (Hitchhiker's Guide to the Galaxy #2),N/A,Science Fiction,1,£10.92,2026-04-06 23:43:57
The Rest Is Noise: Listening to the Twentieth Century,N/A,Add a comment,1,£34.77,2026-04-06 23:43:58
The Red Tent,N/A,Historical Fiction,5,£35.66,2026-04-06 23:43:59
The Purpose Driven Life: What on Earth Am I Here for?,N/A,Add a comment,3,£37.19,2026-04-06 23:44:01
The Purest Hook (Second Circle Tattoos #3),N/A,Romance,1,£12.25,2026-04-06 23:44:02
The Picture of Dorian Gray,N/A,Classics,2,£29.70,2026-04-06 23:44:03
The Paris Wife,N/A,Default,3,£36.80,2026-04-06 23:44:04
The Obsession,N/A,Romance,1,£45.43,2026-04-06 23:44:06
The Nightingale,N/A,Fiction,4,£26.26,2026-04-06 23:44:07
The New Guy (and Other Senior Year Distractions),N/A,Young Adult,3,£44.92,2026-04-06 23:44:09
The Nanny Diaries (Nanny #1),N/A,Womens Fiction,5,£52.53,2026-04-06 23:44:10
The Name of God is Mercy,N/A,Nonfiction,2,£37.25,2026-04-06 23:44:12
The Maze Runner (The Maze Runner #1),N/A,Default,1,£20.93,2026-04-06 23:44:13
The Lover's Dictionary,N/A,Default,2,£58.09,2026-04-06 23:44:14
The Lonely Ones,N/A,Childrens,5,£43.59,2026-04-06 23:44:16
The Lean Startup: How Today's Entrepreneurs Use Continuous Innovation to Create Radically Successful Businesses,N/A,Business,3,£33.92,2026-04-06 23:44:17
The Last Painting of Sara de Vos,N/A,Historical Fiction,2,£55.55,2026-04-06 23:44:19
"The Land of 10,000 Madonnas",N/A,Young Adult,4,£29.64,2026-04-06 23:44:20
The Infinities,N/A,Fiction,1,£27.41,2026-04-06 23:44:22
The Husband's Secret,N/A,Fiction,5,£52.51,2026-04-06 23:44:23
The Hitchhiker's Guide to the Galaxy (Hitchhiker's Guide to the Galaxy #1),N/A,Add a comment,3,£47.80,2026-04-06 23:44:24
The Guns of August,N/A,History,2,£14.54,2026-04-06 23:44:26
The Guernsey Literary and Potato Peel Pie Society,N/A,Historical Fiction,1,£49.53,2026-04-06 23:44:27
The Goldfinch,N/A,Default,3,£43.58,2026-04-06 23:44:29
The Giver (The Giver Quartet #1),N/A,Default,1,£12.30,2026-04-06 23:44:30
The Girl with All the Gifts,N/A,Horror,3,£49.47,2026-04-06 23:44:31
The Girl Who Played with Fire (Millennium Trilogy #2),N/A,Default,2,£22.14,2026-04-06 23:44:33
The Girl Who Kicked the Hornet's Nest (Millennium Trilogy #3),N/A,Add a comment,1,£57.48,2026-04-06 23:44:34
The Exiled,N/A,Mystery,3,£43.45,2026-04-06 23:44:36
"The End of Faith: Religion, Terror, and the Future of Reason",N/A,Add a comment,4,£22.13,2026-04-06 23:44:37
"The Elegant Universe: Superstrings, Hidden Dimensions, and the Quest for the Ultimate Theory",N/A,Science,4,£13.03,2026-04-06 23:44:39
"The Disappearing Spoon: And Other True Tales of Madness, Love, and the History of the World from the Periodic Table of the Elements",N/A,Science,5,£57.35,2026-04-06 23:44:40
The Devil Wears Prada (The Devil Wears Prada #1),N/A,Womens Fiction,1,£44.29,2026-04-06 23:44:41
The Demon-Haunted World: Science as a Candle in the Dark,N/A,Default,4,£52.25,2026-04-06 23:44:43
The Day the Crayons Came Home (Crayons),N/A,Childrens,5,£26.33,2026-04-06 23:44:44
The Da Vinci Code (Robert Langdon #2),N/A,Fiction,2,£22.96,2026-04-06 23:44:46
The Cuckoo's Calling (Cormoran Strike #1),N/A,Mystery,1,£19.21,2026-04-06 23:44:47
The Complete Stories and Poems (The Works of Edgar Allan Poe [Cameo Edition]),N/A,Classics,4,£26.78,2026-04-06 23:44:49
The Complete Poems,N/A,Add a comment,5,£41.32,2026-04-06 23:44:50
The Catcher in the Rye,N/A,Add a comment,1,£24.55,2026-04-06 23:44:51
The Cat in the Hat (Beginner Books B-1),N/A,Childrens,2,£16.26,2026-04-06 23:44:53
The Case for Christ (Cases for Christianity),N/A,Add a comment,1,£47.84,2026-04-06 23:44:55
The Book Thief,N/A,Default,2,£53.49,2026-04-06 23:44:57
The Book of Basketball: The NBA According to The Sports Guy,N/A,Sports and Games,5,£44.84,2026-04-06 23:44:58
The Blind Side: Evolution of a Game,N/A,Add a comment,5,£53.71,2026-04-06 23:44:59
The Autobiography of Malcolm X,N/A,Default,2,£23.43,2026-04-06 23:45:01
"The Art of Simple Food: Notes, Lessons, and Recipes from a Delicious Revolution",N/A,Food and Drink,3,£34.32,2026-04-06 23:45:02
The Art of Fielding,N/A,Fiction,1,£22.10,2026-04-06 23:45:03
"Surely You're Joking, Mr. Feynman!: Adventures of a Curious Character",N/A,Science,2,£25.83,2026-04-06 23:45:05
Stiff: The Curious Lives of Human Cadavers,N/A,Nonfiction,3,£36.74,2026-04-06 23:45:06
Spilled Milk: Based on a True Story,N/A,Nonfiction,1,£49.51,2026-04-06 23:45:08
Something Borrowed (Darcy & Rachel #1),N/A,Womens Fiction,5,£48.96,2026-04-06 23:45:09
Something Blue (Darcy & Rachel #2),N/A,Womens Fiction,1,£54.62,2026-04-06 23:45:10
Soldier (Talon #3),N/A,Fantasy,2,£24.72,2026-04-06 23:45:12
Shopaholic & Baby (Shopaholic #5),N/A,Default,2,£46.45,2026-04-06 23:45:13
Seven Days in the Art World,N/A,Add a comment,2,£52.33,2026-04-06 23:45:15
Seven Brief Lessons on Physics,N/A,Science,4,£30.60,2026-04-06 23:45:17
Scarlet (The Lunar Chronicles #2),N/A,Young Adult,4,£14.57,2026-04-06 23:45:18
Sarah's Key,N/A,Add a comment,1,£46.29,2026-04-06 23:45:20
"Saga, Volume 3 (Saga (Collected Editions) #3)",N/A,Sequential Art,5,£21.57,2026-04-06 23:45:21
Running with Scissors,N/A,Autobiography,4,£12.91,2026-04-06 23:45:23
Rogue Lawyer (Rogue Lawyer #1),N/A,Add a comment,3,£50.11,2026-04-06 23:45:24
"Rise of the Rocket Girls: The Women Who Propelled Us, from Missiles to the Moon to Mars",N/A,Nonfiction,4,£41.67,2026-04-06 23:45:26
Rework,N/A,Business,2,£44.88,2026-04-06 23:45:27
Reservations for Two,N/A,Romance,3,£11.10,2026-04-06 23:45:29
Red: The True Story of Red Riding Hood,N/A,Childrens,3,£28.54,2026-04-06 23:45:30
Ready Player One,N/A,Science Fiction,4,£19.07,2026-04-06 23:45:31
Quiet: The Power of Introverts in a World That Can't Stop Talking,N/A,Default,1,£43.55,2026-04-06 23:45:33
Prodigy: The Graphic Novel (Legend: The Graphic Novel #2),N/A,Sequential Art,3,£43.63,2026-04-06 23:45:34
Persepolis: The Story of a Childhood (Persepolis #1-2),N/A,Sequential Art,1,£39.13,2026-04-06 23:45:36
Packing for Mars: The Curious Science of Life in the Void,N/A,Default,2,£56.68,2026-04-06 23:45:37
Outliers: The Story of Success,N/A,Nonfiction,1,£14.16,2026-04-06 23:45:39
Original Fake,N/A,Sequential Art,3,£31.45,2026-04-06 23:45:40
Orange Is the New Black,N/A,Default,2,£24.61,2026-04-06 23:45:41
One for the Money (Stephanie Plum #1),N/A,Default,2,£32.87,2026-04-06 23:45:43
Notes from a Small Island (Notes From a Small Island #1),N/A,Nonfiction,1,£40.17,2026-04-06 23:45:44
Night (The Night Trilogy #1),N/A,Nonfiction,1,£13.51,2026-04-06 23:45:46
Neither Here nor There: Travels in Europe,N/A,Travel,3,£38.95,2026-04-06 23:45:47
Naked,N/A,Humor,3,£31.69,2026-04-06 23:45:49
Morning Star (Red Rising #3),N/A,Default,1,£29.40,2026-04-06 23:45:50
"Miracles from Heaven: A Little Girl, Her Journey to Heaven, and Her Amazing Story of Healing",N/A,Nonfiction,1,£57.83,2026-04-06 23:45:52
Midnight Riot (Peter Grant/ Rivers of London - books #1),N/A,Fantasy,2,£55.46,2026-04-06 23:45:53
Me Talk Pretty One Day,N/A,Autobiography,2,£57.60,2026-04-06 23:45:55
Manuscript Found in Accra,N/A,Add a comment,2,£34.98,2026-04-06 23:45:56
Lust & Wonder,N/A,Autobiography,2,£11.87,2026-04-06 23:45:57
Lila (Gilead #3),N/A,Fiction,3,£12.47,2026-04-06 23:45:59
"Life, the Universe and Everything (Hitchhiker's Guide to the Galaxy #3)",N/A,Science Fiction,2,£33.26,2026-04-06 23:46:00
Life Without a Recipe,N/A,Autobiography,5,£59.04,2026-04-06 23:46:02
Life After Life,N/A,Default,2,£26.13,2026-04-06 23:46:03
Letter to a Christian Nation,N/A,Nonfiction,1,£22.20,2026-04-06 23:46:04
Let's Pretend This Never Happened: A Mostly True Memoir,N/A,Nonfiction,1,£45.11,2026-04-06 23:46:06
Legend (Legend #1),N/A,Young Adult,4,£43.69,2026-04-06 23:46:07
"Lean In: Women, Work, and the Will to Lead",N/A,Default,1,£25.02,2026-04-06 23:46:09
"Lamb: The Gospel According to Biff, Christ's Childhood Pal",N/A,Humor,5,£55.50,2026-04-06 23:46:10
Lady Renegades (Rebel Belle #3),N/A,Young Adult,5,£53.04,2026-04-06 23:46:12
Jurassic Park (Jurassic Park #1),N/A,Fiction,1,£44.97,2026-04-06 23:46:13
It's Never Too Late to Begin Again: Discovering Creativity and Meaning at Midlife and Beyond,N/A,Nonfiction,1,£42.38,2026-04-06 23:46:15
Is Everyone Hanging Out Without Me? (And Other Concerns),N/A,Default,3,£20.11,2026-04-06 23:46:16
Into the Wild,N/A,Nonfiction,5,£56.70,2026-04-06 23:46:18
Inferno (Robert Langdon #4),N/A,Fiction,5,£41.00,2026-04-06 23:46:22
"In the Garden of Beasts: Love, Terror, and an American Family in Hitler's Berlin",N/A,Nonfiction,3,£28.85,2026-04-06 23:46:23
If I Run (If I Run #1),N/A,Christian Fiction,4,£49.97,2026-04-06 23:46:25
I've Got Your Number,N/A,Womens Fiction,1,£19.69,2026-04-06 23:46:26
I Am Malala: The Girl Who Stood Up for Education and Was Shot by the Taliban,N/A,Nonfiction,2,£28.88,2026-04-06 23:46:27
Hungry Girl Clean & Hungry: Easy All-Natural Recipes for Healthy Eating in the Real World,N/A,Food and Drink,3,£33.14,2026-04-06 23:46:28
"House of Lost Worlds: Dinosaurs, Dynasties, and the Story of Life on Earth",N/A,History,2,£43.70,2026-04-06 23:46:30
House of Leaves,N/A,Horror,1,£54.89,2026-04-06 23:46:31
Horrible Bear!,N/A,Childrens,2,£37.52,2026-04-06 23:46:32
Holidays on Ice,N/A,Humor,2,£51.07,2026-04-06 23:46:34
Heir to the Sky,N/A,Fantasy,4,£44.07,2026-04-06 23:46:35
Green Eggs and Ham (Beginner Books B-16),N/A,Childrens,4,£10.79,2026-04-06 23:46:36
"Grayson, Vol 3: Nemesis (Grayson #3)",N/A,Sequential Art,1,£42.72,2026-04-06 23:46:38
Gratitude,N/A,Nonfiction,5,£26.66,2026-04-06 23:46:39
Gone Girl,N/A,Default,5,£37.60,2026-04-06 23:46:41
Golden (Heart of Dread #3),N/A,Young Adult,4,£42.21,2026-04-06 23:46:42
Girl in the Blue Coat,N/A,Historical Fiction,2,£46.83,2026-04-06 23:46:43
"Fruits Basket, Vol. 3 (Fruits Basket #3)",N/A,Sequential Art,2,£45.17,2026-04-06 23:46:44
"Friday Night Lights: A Town, a Team, and a Dream",N/A,Sports and Games,3,£51.22,2026-04-06 23:46:46
Fire Bound (Sea Haven/Sisters of the Heart #5),N/A,Add a comment,4,£21.28,2026-04-06 23:46:47
Fifty Shades Freed (Fifty Shades #3),N/A,Adult Fiction,5,£15.36,2026-04-06 23:46:49
Fellside,N/A,Default,1,£38.62,2026-04-06 23:46:50
Extreme Prey (Lucas Davenport #26),N/A,Mystery,3,£25.40,2026-04-06 23:46:51
Eragon (The Inheritance Cycle #1),N/A,Fantasy,3,£43.87,2026-04-06 23:46:52
Eclipse (Twilight #3),N/A,Default,1,£18.74,2026-04-06 23:46:54
Dune (Dune #1),N/A,Science Fiction,1,£54.86,2026-04-06 23:46:55
Dracula,N/A,Default,3,£52.62,2026-04-06 23:46:56
Do Androids Dream of Electric Sheep? (Blade Runner #1),N/A,Science Fiction,1,£51.48,2026-04-06 23:46:58
Disrupted: My Misadventure in the Start-Up Bubble,N/A,Nonfiction,5,£15.28,2026-04-06 23:46:59
Dead Wake: The Last Crossing of the Lusitania,N/A,Default,5,£39.24,2026-04-06 23:47:01
"David and Goliath: Underdogs, Misfits, and the Art of Battling Giants",N/A,Default,1,£17.81,2026-04-06 23:47:02
Darkfever (Fever #1),N/A,Fantasy,1,£56.02,2026-04-06 23:47:04
Dark Places,N/A,Default,5,£23.90,2026-04-06 23:47:05
Crazy Rich Asians (Crazy Rich Asians #1),N/A,Fiction,5,£49.13,2026-04-06 23:47:07
Counting Thyme,N/A,Childrens,1,£10.62,2026-04-06 23:47:08
Cosmos,N/A,Add a comment,2,£36.17,2026-04-06 23:47:10
Civilization and Its Discontents,N/A,Psychology,2,£59.95,2026-04-06 23:47:11
Cinder (The Lunar Chronicles #1),N/A,Young Adult,1,£26.09,2026-04-06 23:47:13
Catastrophic Happiness: Finding Joy in Childhood's Messy Years,N/A,Parenting,2,£37.35,2026-04-06 23:47:14
Career of Evil (Cormoran Strike #3),N/A,Mystery,2,£24.72,2026-04-06 23:47:15
Breaking Dawn (Twilight #4),N/A,Default,5,£35.28,2026-04-06 23:47:17
Brave Enough,N/A,Nonfiction,5,£51.32,2026-04-06 23:47:18
Boy Meets Boy,N/A,Young Adult,3,£21.12,2026-04-06 23:47:19
"Born to Run: A Hidden Tribe, Superathletes, and the Greatest Race the World Has Never Seen",N/A,Nonfiction,2,£27.35,2026-04-06 23:47:21
Blink: The Power of Thinking Without Thinking,N/A,Nonfiction,5,£21.74,2026-04-06 23:47:22
Black Flags: The Rise of ISIS,N/A,Nonfiction,1,£40.87,2026-04-06 23:47:24
"Black Butler, Vol. 1 (Black Butler #1)",N/A,Sequential Art,1,£49.31,2026-04-06 23:47:25
Big Little Lies,N/A,Fiction,1,£22.11,2026-04-06 23:47:27
Between Shades of Gray,N/A,Historical Fiction,5,£20.79,2026-04-06 23:47:28
Best of My Love (Fool's Gold #20),N/A,Romance,2,£27.41,2026-04-06 23:47:30
Beowulf,N/A,Classics,2,£38.35,2026-04-06 23:47:31
Beautiful Creatures (Caster Chronicles #1),N/A,Default,5,£21.55,2026-04-06 23:47:33
Awkward,N/A,Sequential Art,2,£38.02,2026-04-06 23:47:34
Ash,N/A,Fantasy,4,£22.06,2026-04-06 23:47:36
Are We There Yet?,N/A,Childrens,3,£10.66,2026-04-06 23:47:37
Are We Smart Enough to Know How Smart Animals Are?,N/A,Nonfiction,1,£56.58,2026-04-06 23:47:38
Annie on My Mind,N/A,Young Adult,5,£36.83,2026-04-06 23:47:40
And Then There Were None,N/A,Classics,2,£35.01,2026-04-06 23:47:41
A Walk in the Woods: Rediscovering America on the Appalachian Trail,N/A,Nonfiction,4,£30.48,2026-04-06 23:47:43
A Visit from the Goon Squad,N/A,Default,5,£14.08,2026-04-06 23:47:44
A Storm of Swords (A Song of Ice and Fire #3),N/A,Fantasy,2,£31.22,2026-04-06 23:47:45
A Heartbreaking Work of Staggering Genius,N/A,Autobiography,5,£54.29,2026-04-06 23:47:47
8 Keys to Mental Health Through Exercise,N/A,Psychology,1,£31.04,2026-04-06 23:47:48
#GIRLBOSS,N/A,Add a comment,1,£50.96,2026-04-06 23:47:50
"The Suffragettes (Little Black Classics, #96)",N/A,Nonfiction,2,£11.89,2026-04-06 23:47:51
The Sense of an Ending,N/A,Add a comment,3,£31.38,2026-04-06 23:47:52
"The Sandman, Vol. 2: The Doll's House (The Sandman (volumes) #2)",N/A,Sequential Art,1,£54.81,2026-04-06 23:47:54
The Course of Love,N/A,Fiction,3,£16.78,2026-04-06 23:47:55
Sugar Rush (Offensive Line #2),N/A,Sports and Games,1,£24.42,2026-04-06 23:47:57
"Saga, Volume 2 (Saga (Collected Editions) #2)",N/A,Sequential Art,3,£11.75,2026-04-06 23:47:58
"Run, Spot, Run: The Ethics of Keeping Pets",N/A,Philosophy,1,£20.02,2026-04-06 23:48:00
New Moon (Twilight #2),N/A,Young Adult,4,£12.86,2026-04-06 23:48:01
Life,N/A,Music,5,£31.58,2026-04-06 23:48:02
Kindle Paperwhite User's Guide,N/A,Nonfiction,3,£34.00,2026-04-06 23:48:03
H is for Hawk,N/A,Nonfiction,5,£57.42,2026-04-06 23:48:05
Girl Online On Tour (Girl Online #2),N/A,Young Adult,1,£53.47,2026-04-06 23:48:06
"Fruits Basket, Vol. 2 (Fruits Basket #2)",N/A,Sequential Art,5,£11.64,2026-04-06 23:48:08
Diary of a Minecraft Zombie Book 1: A Scare of a Dare (An Unofficial Minecraft Book),N/A,Childrens,4,£52.88,2026-04-06 23:48:10
"Y: The Last Man, Vol. 1: Unmanned (Y: The Last Man #1)",N/A,Sequential Art,4,£18.51,2026-04-06 23:48:11
While You Were Mine,N/A,Historical Fiction,5,£41.32,2026-04-06 23:48:13
Where Lightning Strikes (Bleeding Stars #3),N/A,Romance,3,£39.77,2026-04-06 23:48:14
When I'm Gone,N/A,Fiction,3,£51.96,2026-04-06 23:48:16
Ways of Seeing,N/A,Art,5,£39.51,2026-04-06 23:48:18
"Vampire Knight, Vol. 1 (Vampire Knight #1)",N/A,Paranormal,1,£15.40,2026-04-06 23:48:20
Vampire Girl (Vampire Girl #1),N/A,Fantasy,2,£53.82,2026-04-06 23:48:21
Twenty Love Poems and a Song of Despair,N/A,Poetry,4,£30.95,2026-04-06 23:48:23
Travels with Charley: In Search of America,N/A,Nonfiction,5,£57.82,2026-04-06 23:48:24
Three Wishes (River of Time: California #1),N/A,Science Fiction,2,£44.18,2026-04-06 23:48:26
This One Moment (Pushing Limits #1),N/A,Romance,1,£48.71,2026-04-06 23:48:27
The Zombie Room,N/A,Default,5,£19.69,2026-04-06 23:48:29
"The Wicked + The Divine, Vol. 1: The Faust Act (The Wicked + The Divine)",N/A,Sequential Art,2,£36.52,2026-04-06 23:48:30
The Tumor,N/A,Nonfiction,5,£41.56,2026-04-06 23:48:32
The Story of Hong Gildong,N/A,Classics,4,£43.19,2026-04-06 23:48:33
The Silent Wife,N/A,Fiction,5,£12.34,2026-04-06 23:48:35
The Silent Twin (Detective Jennifer Knight #3),N/A,Fantasy,3,£36.25,2026-04-06 23:48:36
The Selfish Gene,N/A,Science,1,£29.45,2026-04-06 23:48:38
The Secret Healer,N/A,Historical Fiction,3,£34.56,2026-04-06 23:48:40
"The Sandman, Vol. 1: Preludes and Nocturnes (The Sandman (volumes) #1)",N/A,Sequential Art,3,£54.12,2026-04-06 23:48:41
The Republic,N/A,Add a comment,3,£33.78,2026-04-06 23:48:42
The Odyssey,N/A,Add a comment,3,£29.64,2026-04-06 23:48:44
The No. 1 Ladies' Detective Agency (No. 1 Ladies' Detective Agency #1),N/A,Mystery,4,£57.70,2026-04-06 23:48:45
The Nicomachean Ethics,N/A,Philosophy,1,£36.34,2026-04-06 23:48:47
The Name of the Wind (The Kingkiller Chronicle #1),N/A,Default,3,£50.59,2026-04-06 23:48:48
The Mirror & the Maze (The Wrath and the Dawn #1.5),N/A,Fantasy,1,£29.38,2026-04-06 23:48:49
The Little Prince,N/A,Classics,2,£45.42,2026-04-06 23:48:51
The Light of the Fireflies,N/A,Add a comment,1,£54.43,2026-04-06 23:48:52
The Last Girl (The Dominion Trilogy #1),N/A,Science Fiction,2,£36.26,2026-04-06 23:48:54
The Iliad,N/A,Add a comment,1,£16.16,2026-04-06 23:48:55
The Hook Up (Game On #1),N/A,New Adult,5,£36.29,2026-04-06 23:48:57
The Haters,N/A,Young Adult,5,£27.89,2026-04-06 23:48:59
The Girl You Lost,N/A,Mystery,5,£12.29,2026-04-06 23:49:00
The Girl In The Ice (DCI Erika Foster #1),N/A,Mystery,3,£15.85,2026-04-06 23:49:02
The End of the Jesus Era (An Investigation #1),N/A,Nonfiction,1,£14.40,2026-04-06 23:49:03
The Edge of Reason (Bridget Jones #2),N/A,Womens Fiction,4,£19.18,2026-04-06 23:49:04
The Complete Maus (Maus #1-2),N/A,Sequential Art,3,£10.64,2026-04-06 23:49:06
The Communist Manifesto,N/A,Add a comment,3,£14.76,2026-04-06 23:49:08
The Bhagavad Gita,N/A,Religion,3,£57.49,2026-04-06 23:49:09
The Bette Davis Club,N/A,Fiction,3,£30.66,2026-04-06 23:49:11
The Art of Not Breathing,N/A,Young Adult,4,£40.83,2026-04-06 23:49:12
Taking Shots (Assassins #1),N/A,Default,2,£18.88,2026-04-06 23:49:13
Starlark,N/A,Historical Fiction,3,£25.83,2026-04-06 23:49:15
"Skip Beat!, Vol. 01 (Skip Beat! #1)",N/A,Sequential Art,3,£42.12,2026-04-06 23:49:16
Sister Sable (The Mad Queen #1),N/A,Fantasy,3,£13.33,2026-04-06 23:49:18
Shatter Me (Shatter Me #1),N/A,Default,1,£42.40,2026-04-06 23:49:20
Shameless,N/A,New Adult,3,£58.35,2026-04-06 23:49:21
Shadow Rites (Jane Yellowrock #10),N/A,Fantasy,4,£21.72,2026-04-06 23:49:23
Settling the Score (The Summer Games #1),N/A,Sports and Games,2,£44.91,2026-04-06 23:49:24
Sense and Sensibility,N/A,Classics,1,£37.46,2026-04-06 23:49:26
"Saga, Volume 1 (Saga (Collected Editions) #1)",N/A,Sequential Art,1,£28.48,2026-04-06 23:49:27
"Rhythm, Chord & Malykhin",N/A,Romance,2,£28.34,2026-04-06 23:49:29
"Rat Queens, Vol. 1: Sass & Sorcery (Rat Queens (Collected Editions) #1-5)",N/A,Sequential Art,5,£46.96,2026-04-06 23:49:31
Paradise Lost (Paradise #1),N/A,Default,1,£24.96,2026-04-06 23:49:32
"Paper Girls, Vol. 1 (Paper Girls #1-5)",N/A,Sequential Art,4,£21.71,2026-04-06 23:49:34
"Ouran High School Host Club, Vol. 1 (Ouran High School Host Club #1)",N/A,Sequential Art,3,£29.87,2026-04-06 23:49:35
Origins (Alphas 0.5),N/A,Fantasy,1,£28.99,2026-04-06 23:49:37
One Second (Seven #7),N/A,Fantasy,2,£52.94,2026-04-06 23:49:38
On the Road (Duluoz Legend),N/A,Default,3,£32.36,2026-04-06 23:49:40
Old Records Never Die: One Man's Quest for His Vinyl and His Past,N/A,Music,2,£55.66,2026-04-06 23:49:42
Off Sides (Off #1),N/A,New Adult,5,£39.45,2026-04-06 23:49:43
Of Mice and Men,N/A,Classics,2,£47.11,2026-04-06 23:49:45
Myriad (Prentor #1),N/A,Fantasy,4,£58.75,2026-04-06 23:49:46
My Perfect Mistake (Over the Top #1),N/A,Romance,2,£38.92,2026-04-06 23:49:48
"Ms. Marvel, Vol. 1: No Normal (Ms. Marvel (2014-2015) #1)",N/A,Sequential Art,4,£39.39,2026-04-06 23:49:50
Meditations,N/A,Philosophy,2,£25.89,2026-04-06 23:49:51
Matilda,N/A,Childrens,1,£28.34,2026-04-06 23:49:53
Lost Among the Living,N/A,Historical Fiction,4,£27.70,2026-04-06 23:49:54
Lord of the Flies,N/A,Add a comment,3,£24.89,2026-04-06 23:49:56
Listen to Me (Fusion #1),N/A,Romance,3,£58.99,2026-04-06 23:49:57
Kitchens of the Great Midwest,N/A,Fiction,5,£57.20,2026-04-06 23:49:59
Jane Eyre,N/A,Default,5,£38.43,2026-04-06 23:50:00
Imperfect Harmony,N/A,Romance,4,£34.74,2026-04-06 23:50:02
Icing (Aces Hockey #2),N/A,Sports and Games,4,£40.44,2026-04-06 23:50:04
"Hawkeye, Vol. 1: My Life as a Weapon (Hawkeye #1)",N/A,Sequential Art,3,£45.24,2026-04-06 23:50:06
Having the Barbarian's Baby (Ice Planet Barbarians #7.5),N/A,Science Fiction,4,£34.96,2026-04-06 23:50:08
"Giant Days, Vol. 1 (Giant Days #1-4)",N/A,Sequential Art,4,£56.76,2026-04-06 23:50:09
"Fruits Basket, Vol. 1 (Fruits Basket #1)",N/A,Sequential Art,5,£40.28,2026-04-06 23:50:11
Frankenstein,N/A,Default,2,£38.00,2026-04-06 23:50:12
Forever Rockers (The Rocker #12),N/A,Music,3,£28.80,2026-04-06 23:50:14
Fighting Fate (Fighting #6),N/A,Romance,3,£39.24,2026-04-06 23:50:16
Emma,N/A,Classics,2,£32.93,2026-04-06 23:50:17
"Eat, Pray, Love",N/A,Nonfiction,3,£51.32,2026-04-06 23:50:19
Deep Under (Walker Security #1),N/A,Romance,5,£47.09,2026-04-06 23:50:20
Choosing Our Religion: The Spiritual Lives of America's Nones,N/A,Religion,4,£28.42,2026-04-06 23:50:21
Charlie and the Chocolate Factory (Charlie Bucket #1),N/A,Childrens,3,£22.85,2026-04-06 23:50:23
Charity's Cross (Charles Towne Belles #4),N/A,Romance,1,£41.24,2026-04-06 23:50:24
Bright Lines,N/A,Fiction,5,£39.07,2026-04-06 23:50:25
Bridget Jones's Diary (Bridget Jones #1),N/A,Womens Fiction,1,£29.82,2026-04-06 23:50:27
Bounty (Colorado Mountain #7),N/A,Romance,4,£37.26,2026-04-06 23:50:29
Blood Defense (Samantha Brinkman #1),N/A,Mystery,3,£20.30,2026-04-06 23:50:30
"Bleach, Vol. 1: Strawberry and the Soul Reapers (Bleach #1)",N/A,Sequential Art,5,£34.65,2026-04-06 23:50:32
Beyond Good and Evil,N/A,Philosophy,1,£43.38,2026-04-06 23:50:33
Alice in Wonderland (Alice's Adventures in Wonderland #1),N/A,Classics,1,£55.53,2026-04-06 23:50:35
"Ajin: Demi-Human, Volume 1 (Ajin: Demi-Human #1)",N/A,Sequential Art,4,£57.06,2026-04-06 23:50:36
A Spy's Devotion (The Regency Spies of London #1),N/A,Historical Fiction,5,£16.97,2026-04-06 23:50:38
1st to Die (Women's Murder Club #1),N/A,Mystery,1,£53.98,2026-04-06 23:50:39
"1,000 Places to See Before You Die",N/A,Travel,5,£26.08,2026-04-06 23:50:41
A Light in the Attic,N/A,Poetry,3,£51.77,2026-04-07 10:33:27
Tipping the Velvet,N/A,Historical Fiction,1,£53.74,2026-04-07 10:33:28
Soumission,N/A,Fiction,1,£50.10,2026-04-07 10:33:30
Sharp Objects,N/A,Mystery,4,£47.82,2026-04-07 10:33:31
Sapiens: A Brief History of Humankind,N/A,History,5,£54.23,2026-04-07 10:33:33
The Requiem Red,N/A,Young Adult,1,£22.65,2026-04-07 10:33:34
The Dirty Little Secrets of Getting Your Dream Job,N/A,Business,4,£33.34,2026-04-07 10:33:36
"The Coming Woman: A Novel Based on the Life of the Infamous Feminist, Victoria Woodhull",N/A,Default,3,£17.93,2026-04-07 10:33:37
The Boys in the Boat: Nine Americans and Their Epic Quest for Gold at the 1936 Berlin Olympics,N/A,Default,4,£22.60,2026-04-07 10:33:39
The Black Maria,N/A,Poetry,1,£52.15,2026-04-07 10:33:40
"Starving Hearts (Triangular Trade Trilogy, #1)",N/A,Default,2,£13.99,2026-04-07 10:33:42
Shakespeare's Sonnets,N/A,Poetry,4,£20.66,2026-04-07 10:33:43
Set Me Free,N/A,Young Adult,5,£17.46,2026-04-07 10:33:44
Scott Pilgrim's Precious Little Life (Scott Pilgrim #1),N/A,Sequential Art,5,£52.29,2026-04-07 10:33:46
Rip it Up and Start Again,N/A,Music,5,£35.02,2026-04-07 10:33:47
"Our Band Could Be Your Life: Scenes from the American Indie Underground, 1981-1991",N/A,Music,3,£57.25,2026-04-07 10:33:49
Olio,N/A,Poetry,1,£23.88,2026-04-07 10:33:50
Mesaerion: The Best Science Fiction Stories 1800-1849,N/A,Science Fiction,1,£37.59,2026-04-07 10:33:52
Libertarianism for Beginners,N/A,Politics,2,£51.33,2026-04-07 10:33:53
It's Only the Himalayas,N/A,Travel,2,£45.17,2026-04-07 10:33:55
In Her Wake,N/A,Thriller,1,£12.84,2026-04-07 10:33:56
How Music Works,N/A,Music,2,£37.32,2026-04-07 10:33:58
"Foolproof Preserving: A Guide to Small Batch Jams, Jellies, Pickles, Condiments, and More: A Foolproof Guide to Making Small Batch Jams, Jellies, Pickles, Condiments, and More",N/A,Food and Drink,3,£30.52,2026-04-07 10:33:59
Chase Me (Paris Nights #2),N/A,Romance,5,£25.27,2026-04-07 10:34:01
Black Dust,N/A,Romance,5,£34.53,2026-04-07 10:34:02
Birdsong: A Story in Pictures,N/A,Childrens,3,£54.64,2026-04-07 10:34:04
America's Cradle of Quarterbacks: Western Pennsylvania's Football Factory from Johnny Unitas to Joe Montana,N/A,Default,3,£22.50,2026-04-07 10:34:05
Aladdin and His Wonderful Lamp,N/A,Default,3,£53.13,2026-04-07 10:34:07
Worlds Elsewhere: Journeys Around Shakespeare’s Globe,N/A,Nonfiction,5,£40.30,2026-04-07 10:34:08
Wall and Piece,N/A,Art,4,£44.18,2026-04-07 10:34:09
The Four Agreements: A Practical Guide to Personal Freedom,N/A,Spirituality,5,£17.66,2026-04-07 10:34:10
The Five Love Languages: How to Express Heartfelt Commitment to Your Mate,N/A,Nonfiction,3,£31.05,2026-04-07 10:34:12
The Elephant Tree,N/A,Thriller,5,£23.82,2026-04-07 10:34:13
The Bear and the Piano,N/A,Childrens,1,£36.89,2026-04-07 10:34:15
Sophie's World,N/A,Philosophy,5,£15.94,2026-04-07 10:34:16
Penny Maybe,N/A,Default,3,£33.29,2026-04-07 10:34:18
Maude (1883-1993):She Grew Up with the country,N/A,Default,2,£18.02,2026-04-07 10:34:19
"In a Dark, Dark Wood",N/A,Mystery,1,£19.63,2026-04-07 10:34:21
Behind Closed Doors,N/A,Thriller,4,£52.22,2026-04-07 10:34:23
You can't bury them all: Poems,N/A,Poetry,2,£33.63,2026-04-07 10:34:24
Slow States of Collapse: Poems,N/A,Poetry,3,£57.31,2026-04-07 10:34:26
Reasons to Stay Alive,N/A,Nonfiction,2,£26.41,2026-04-07 10:34:27
Private Paris (Private #10),N/A,Fiction,5,£47.61,2026-04-07 10:34:29
#HigherSelfie: Wake Up Your Life. Free Your Soul. Find Your Tribe.,N/A,Nonfiction,5,£23.11,2026-04-07 10:34:30
Without Borders (Wanderlove #1),N/A,New Adult,2,£45.07,2026-04-07 10:34:31
When We Collided,N/A,Contemporary,1,£31.77,2026-04-07 10:34:33
"We Love You, Charlie Freeman",N/A,Fiction,5,£50.27,2026-04-07 10:34:34
Untitled Collection: Sabbath Poems 2014,N/A,Poetry,4,£14.27,2026-04-07 10:34:35
"Unseen City: The Majesty of Pigeons, the Discreet Charm of Snails & Other Wonders of the Urban Wilderness",N/A,Nonfiction,4,£44.18,2026-04-07 10:34:37
Unicorn Tracks,N/A,Fantasy,3,£18.78,2026-04-07 10:34:38
"Unbound: How Eight Technologies Made Us Human, Transformed Society, and Brought Our World to the Brink",N/A,History,1,£25.52,2026-04-07 10:34:40
Tsubasa: WoRLD CHRoNiCLE 2 (Tsubasa WoRLD CHRoNiCLE #2),N/A,Sequential Art,1,£16.28,2026-04-07 10:34:41
Throwing Rocks at the Google Bus: How Growth Became the Enemy of Prosperity,N/A,Nonfiction,3,£31.12,2026-04-07 10:34:42
This One Summer,N/A,Sequential Art,4,£19.49,2026-04-07 10:34:44
Thirst,N/A,Fiction,5,£17.27,2026-04-07 10:34:45
The Torch Is Passed: A Harding Family Story,N/A,Add a comment,1,£19.09,2026-04-07 10:34:47
The Secret of Dreadwillow Carse,N/A,Childrens,1,£56.13,2026-04-07 10:34:49
"The Pioneer Woman Cooks: Dinnertime: Comfort Classics, Freezer Food, 16-Minute Meals, and Other Delicious Ways to Solve Supper!",N/A,Food and Drink,1,£56.41,2026-04-07 10:34:50
The Past Never Ends,N/A,Mystery,4,£56.50,2026-04-07 10:34:52
The Natural History of Us (The Fine Art of Pretending #2),N/A,Young Adult,3,£45.22,2026-04-07 10:34:53
The Nameless City (The Nameless City #1),N/A,Sequential Art,4,£38.16,2026-04-07 10:34:54
The Murder That Never Was (Forensic Instincts #5),N/A,Fiction,3,£54.11,2026-04-07 10:34:55
The Most Perfect Thing: Inside (and Outside) a Bird's Egg,N/A,Science,4,£42.96,2026-04-07 10:34:57
"The Mindfulness and Acceptance Workbook for Anxiety: A Guide to Breaking Free from Anxiety, Phobias, and Worry Using Acceptance and Commitment Therapy",N/A,Add a comment,4,£23.89,2026-04-07 10:34:58
The Life-Changing Magic of Tidying Up: The Japanese Art of Decluttering and Organizing,N/A,Nonfiction,3,£16.77,2026-04-07 10:35:00
"The Inefficiency Assassin: Time Management Tactics for Working Smarter, Not Longer",N/A,Default,5,£20.59,2026-04-07 10:35:01
The Gutsy Girl: Escapades for Your Life of Epic Adventure,N/A,Nonfiction,1,£37.13,2026-04-07 10:35:03
The Electric Pencil: Drawings from Inside State Hospital No. 3,N/A,Nonfiction,1,£56.06,2026-04-07 10:35:04
The Death of Humanity: and the Case for Life,N/A,Philosophy,4,£58.11,2026-04-07 10:35:06
"The Bulletproof Diet: Lose up to a Pound a Day, Reclaim Energy and Focus, Upgrade Your Life",N/A,Health,3,£49.05,2026-04-07 10:35:08
The Art Forger,N/A,Add a comment,3,£40.76,2026-04-07 10:35:09
The Age of Genius: The Seventeenth Century and the Birth of the Modern Mind,N/A,History,1,£19.73,2026-04-07 10:35:10
The Activist's Tao Te Ching: Ancient Advice for a Modern Revolution,N/A,Spirituality,5,£32.24,2026-04-07 10:35:12
Spark Joy: An Illustrated Master Class on the Art of Organizing and Tidying Up,N/A,Nonfiction,4,£41.83,2026-04-07 10:35:14
Soul Reader,N/A,Default,2,£39.58,2026-04-07 10:35:15
Security,N/A,Horror,2,£39.25,2026-04-07 10:35:17
"Saga, Volume 6 (Saga (Collected Editions) #6)",N/A,Fantasy,3,£25.02,2026-04-07 10:35:18
"Saga, Volume 5 (Saga (Collected Editions) #5)",N/A,Sequential Art,2,£51.04,2026-04-07 10:35:19
Reskilling America: Learning to Labor in the Twenty-First Century,N/A,Nonfiction,2,£19.83,2026-04-07 10:35:21
"Rat Queens, Vol. 3: Demons (Rat Queens (Collected Editions) #11-15)",N/A,Sequential Art,3,£50.40,2026-04-07 10:35:22
"Princess Jellyfish 2-in-1 Omnibus, Vol. 01 (Princess Jellyfish 2-in-1 Omnibus #1)",N/A,Sequential Art,5,£13.61,2026-04-07 10:35:24
Princess Between Worlds (Wide-Awake Princess #5),N/A,Fantasy,5,£13.34,2026-04-07 10:35:25
"Pop Gun War, Volume 1: Gift",N/A,Sequential Art,1,£18.97,2026-04-07 10:35:26
"Political Suicide: Missteps, Peccadilloes, Bad Calls, Backroom Hijinx, Sordid Pasts, Rotten Breaks, and Just Plain Dumb Mistakes in the Annals of American Politics",N/A,History,2,£36.28,2026-04-07 10:35:28
Patience,N/A,Sequential Art,3,£10.16,2026-04-07 10:35:29
"Outcast, Vol. 1: A Darkness Surrounds Him (Outcast #1)",N/A,Sequential Art,4,£15.44,2026-04-07 10:35:31
orange: The Complete Collection 1 (orange: The Complete Collection #1),N/A,Sequential Art,1,£48.41,2026-04-07 10:35:32
Online Marketing for Busy Authors: A Step-By-Step Guide,N/A,Self Help,1,£46.35,2026-04-07 10:35:34
On a Midnight Clear,N/A,Add a comment,3,£14.07,2026-04-07 10:35:35
Obsidian (Lux #1),N/A,Young Adult,2,£14.86,2026-04-07 10:35:37
My Paris Kitchen: Recipes and Stories,N/A,Food and Drink,2,£33.37,2026-04-07 10:35:39
Masks and Shadows,N/A,Fantasy,2,£56.40,2026-04-07 10:35:40
"Mama Tried: Traditional Italian Cooking for the Screwed, Crude, Vegan, and Tattooed",N/A,Food and Drink,4,£14.02,2026-04-07 10:35:42
"Lumberjanes, Vol. 2: Friendship to the Max (Lumberjanes #5-8)",N/A,Sequential Art,2,£46.91,2026-04-07 10:35:43
"Lumberjanes, Vol. 1: Beware the Kitten Holy (Lumberjanes #1-4)",N/A,Sequential Art,3,£45.61,2026-04-07 10:35:45
Lumberjanes Vol. 3: A Terrible Plan (Lumberjanes #9-12),N/A,Sequential Art,2,£19.92,2026-04-07 10:35:46
"Layered: Baking, Building, and Styling Spectacular Cakes",N/A,Food and Drink,1,£40.11,2026-04-07 10:35:47
Judo: Seven Steps to Black Belt (an Introductory Guide for Beginners),N/A,Add a comment,2,£53.90,2026-04-07 10:35:49
Join,N/A,Science Fiction,5,£35.67,2026-04-07 10:35:50
In the Country We Love: My Family Divided,N/A,Nonfiction,4,£22.00,2026-04-07 10:35:52
Immunity: How Elie Metchnikoff Changed the Course of Modern Medicine,N/A,Science,5,£57.36,2026-04-07 10:35:53
"I Hate Fairyland, Vol. 1: Madly Ever After (I Hate Fairyland (Compilations) #1-5)",N/A,Sequential Art,2,£29.17,2026-04-07 10:35:54
I am a Hero Omnibus Volume 1,N/A,Sequential Art,3,£54.63,2026-04-07 10:35:56
How to Be Miserable: 40 Strategies You Already Use,N/A,Self Help,1,£46.03,2026-04-07 10:35:57
Her Backup Boyfriend (The Sorensen Family #1),N/A,Romance,1,£33.97,2026-04-07 10:35:59
"Giant Days, Vol. 2 (Giant Days #5-8)",N/A,Sequential Art,2,£22.11,2026-04-07 10:36:00
Forever and Forever: The Courtship of Henry Longfellow and Fanny Appleton,N/A,Historical Fiction,3,£29.69,2026-04-07 10:36:02
First and First (Five Boroughs #3),N/A,Romance,4,£15.97,2026-04-07 10:36:03
Fifty Shades Darker (Fifty Shades #2),N/A,Romance,1,£21.96,2026-04-07 10:36:04
Everydata: The Misinformation Hidden in the Little Data You Consume Every Day,N/A,Nonfiction,2,£54.35,2026-04-07 10:36:06
"Don't Be a Jerk: And Other Practical Advice from Dogen, Japan's Greatest Zen Master",N/A,Religion,2,£37.97,2026-04-07 10:36:07
Danganronpa Volume 1,N/A,Sequential Art,4,£51.99,2026-04-07 10:36:08
Crown of Midnight (Throne of Glass #2),N/A,Fantasy,3,£43.29,2026-04-07 10:36:09
"Codename Baboushka, Volume 1: The Conclave of Death",N/A,Sequential Art,4,£36.72,2026-04-07 10:36:10
Camp Midnight,N/A,Sequential Art,4,£17.08,2026-04-07 10:36:12
Call the Nurse: True Stories of a Country Nurse on a Scottish Isle,N/A,Nonfiction,5,£29.14,2026-04-07 10:36:13
Burning,N/A,Young Adult,3,£28.81,2026-04-07 10:36:15
Bossypants,N/A,Default,2,£49.46,2026-04-07 10:36:17
"Bitch Planet, Vol. 1: Extraordinary Machine (Bitch Planet (Collected Editions))",N/A,Sequential Art,2,£37.92,2026-04-07 10:36:18
"Avatar: The Last Airbender: Smoke and Shadow, Part 3 (Smoke and Shadow #3)",N/A,Fantasy,2,£28.09,2026-04-07 10:36:20
Algorithms to Live By: The Computer Science of Human Decisions,N/A,Nonfiction,1,£30.81,2026-04-07 10:36:21
A World of Flavor: Your Gluten Free Passport,N/A,Default,1,£42.95,2026-04-07 10:36:23
"A Piece of Sky, a Grain of Rice: A Memoir in Four Meditations",N/A,Default,5,£56.76,2026-04-07 10:36:24
A Murder in Time,N/A,Mystery,1,£16.64,2026-04-07 10:36:26
A Flight of Arrows (The Pathfinders #2),N/A,Historical Fiction,5,£55.53,2026-04-07 10:36:27
A Fierce and Subtle Poison,N/A,Young Adult,4,£28.13,2026-04-07 10:36:29
A Court of Thorns and Roses (A Court of Thorns and Roses #1),N/A,Fantasy,1,£52.37,2026-04-07 10:36:31
(Un)Qualified: How God Uses Broken People to Do Big Things,N/A,Christian,5,£54.00,2026-04-07 10:36:32
You Are What You Love: The Spiritual Power of Habit,N/A,Religion,4,£21.87,2026-04-07 10:36:34
"William Shakespeare's Star Wars: Verily, A New Hope (William Shakespeare's Star Wars #4)",N/A,Science Fiction,4,£43.30,2026-04-07 10:36:35
Tuesday Nights in 1980,N/A,Fiction,2,£21.04,2026-04-07 10:36:36
Tracing Numbers on a Train,N/A,Default,3,£41.60,2026-04-07 10:36:38
Throne of Glass (Throne of Glass #1),N/A,Fantasy,3,£35.07,2026-04-07 10:36:39
Thomas Jefferson and the Tripoli Pirates: The Forgotten War That Changed American History,N/A,History,1,£59.64,2026-04-07 10:36:40
Thirteen Reasons Why,N/A,Default,1,£52.72,2026-04-07 10:36:42
The White Cat and the Monk: A Retelling of the Poem “Pangur Bán”,N/A,Childrens,4,£58.08,2026-04-07 10:36:43
The Wedding Dress,N/A,Romance,1,£24.12,2026-04-07 10:36:44
The Vacationers,N/A,Fiction,4,£42.15,2026-04-07 10:36:46
The Third Wave: An Entrepreneur’s Vision of the Future,N/A,Business,5,£12.61,2026-04-07 10:36:47
The Stranger,N/A,Philosophy,4,£17.44,2026-04-07 10:36:49
The Shadow Hero (The Shadow Hero),N/A,Sequential Art,1,£33.14,2026-04-07 10:36:50
The Secret (The Secret #1),N/A,Default,4,£27.37,2026-04-07 10:36:51
The Regional Office Is Under Attack!,N/A,Fiction,5,£51.36,2026-04-07 10:36:53
The Psychopath Test: A Journey Through the Madness Industry,N/A,Default,2,£36.00,2026-04-07 10:36:54
The Project,N/A,Science Fiction,1,£10.65,2026-04-07 10:36:55
The Power of Now: A Guide to Spiritual Enlightenment,N/A,Nonfiction,2,£43.54,2026-04-07 10:36:56
The Omnivore's Dilemma: A Natural History of Four Meals,N/A,Nonfiction,2,£38.21,2026-04-07 10:36:57
The Nerdy Nummies Cookbook: Sweet Treats for the Geek in All of Us,N/A,Food and Drink,5,£37.34,2026-04-07 10:36:59
The Murder of Roger Ackroyd (Hercule Poirot #4),N/A,Mystery,4,£44.10,2026-04-07 10:37:00
The Mistake (Off-Campus #2),N/A,New Adult,3,£43.29,2026-04-07 10:37:02
The Matchmaker's Playbook (Wingmen Inc. #1),N/A,New Adult,1,£55.85,2026-04-07 10:37:03
The Love and Lemons Cookbook: An Apple-to-Zucchini Celebration of Impromptu Cooking,N/A,Food and Drink,2,£37.60,2026-04-07 10:37:05
The Long Shadow of Small Ghosts: Murder and Memory in an American City,N/A,Crime,1,£10.97,2026-04-07 10:37:06
The Kite Runner,N/A,Default,4,£41.82,2026-04-07 10:37:08
The House by the Lake,N/A,Historical Fiction,1,£36.95,2026-04-07 10:37:09
The Glittering Court (The Glittering Court #1),N/A,Fantasy,1,£44.28,2026-04-07 10:37:11
The Girl on the Train,N/A,Default,2,£55.02,2026-04-07 10:37:12
The Genius of Birds,N/A,Nonfiction,1,£17.24,2026-04-07 10:37:13
The Emerald Mystery,N/A,Default,2,£23.15,2026-04-07 10:37:15
The Cookies & Cups Cookbook: 125+ sweet & savory recipes reminding you to Always Eat Dessert First,N/A,Food and Drink,1,£41.25,2026-04-07 10:37:16
The Bridge to Consciousness: I'm Writing the Bridge Between Science and Our Old and New Beliefs.,N/A,Default,3,£32.00,2026-04-07 10:37:17
The Artist's Way: A Spiritual Path to Higher Creativity,N/A,Nonfiction,5,£38.49,2026-04-07 10:37:19
The Art of War,N/A,Default,5,£33.34,2026-04-07 10:37:20
The Argonauts,N/A,Autobiography,2,£10.93,2026-04-07 10:37:21
The 10% Entrepreneur: Live Your Startup Dream Without Quitting Your Day Job,N/A,Business,3,£27.55,2026-04-07 10:37:23
Suddenly in Love (Lake Haven #1),N/A,Romance,2,£55.99,2026-04-07 10:37:24
Something More Than This,N/A,Romance,4,£16.24,2026-04-07 10:37:26
Soft Apocalypse,N/A,Science Fiction,2,£26.12,2026-04-07 10:37:27
So You've Been Publicly Shamed,N/A,Nonfiction,2,£12.23,2026-04-07 10:37:29
Shoe Dog: A Memoir by the Creator of NIKE,N/A,Business,2,£23.99,2026-04-07 10:37:30
"Shobu Samurai, Project Aryoku (#3)",N/A,Add a comment,3,£29.06,2026-04-07 10:37:32
Secrets and Lace (Fatal Hearts #1),N/A,Default,1,£20.27,2026-04-07 10:37:33
Scarlett Epstein Hates It Here,N/A,Young Adult,5,£43.55,2026-04-07 10:37:34
Romero and Juliet: A Tragic Tale of Love and Zombies,N/A,Default,1,£36.94,2026-04-07 10:37:36
Redeeming Love,N/A,Christian Fiction,5,£20.47,2026-04-07 10:37:37
Poses for Artists Volume 1 - Dynamic and Sitting Poses: An Essential Reference for Figure Drawing and the Human Form,N/A,Default,1,£41.06,2026-04-07 10:37:38
Poems That Make Grown Women Cry,N/A,Poetry,4,£14.19,2026-04-07 10:37:40
"Nightingale, Sing",N/A,Young Adult,1,£38.28,2026-04-07 10:37:41
Night Sky with Exit Wounds,N/A,Poetry,1,£41.05,2026-04-07 10:37:43
Mrs. Houdini,N/A,Historical Fiction,5,£30.25,2026-04-07 10:37:44
Modern Romance,N/A,Add a comment,5,£28.26,2026-04-07 10:37:46
Miss Peregrine’s Home for Peculiar Children (Miss Peregrine’s Peculiar Children #1),N/A,Default,1,£10.76,2026-04-07 10:37:47
Louisa: The Extraordinary Life of Mrs. Adams,N/A,Biography,2,£16.85,2026-04-07 10:37:49
Little Red,N/A,Childrens,3,£13.47,2026-04-07 10:37:50
Library of Souls (Miss Peregrine’s Peculiar Children #3),N/A,Young Adult,5,£48.56,2026-04-07 10:37:52
Large Print Heart of the Pride,N/A,Default,2,£19.15,2026-04-07 10:37:53
I Had a Nice Time And Other Lies...: How to find love & sh*t like that,N/A,Womens Fiction,4,£57.36,2026-04-07 10:37:55
Hollow City (Miss Peregrine’s Peculiar Children #2),N/A,Fantasy,1,£42.98,2026-04-07 10:37:56
Grumbles,N/A,Default,2,£22.16,2026-04-07 10:37:58
Full Moon over Noah’s Ark: An Odyssey to Mount Ararat and Beyond,N/A,Travel,4,£49.43,2026-04-07 10:38:00
Frostbite (Vampire Academy #2),N/A,Young Adult,5,£29.99,2026-04-07 10:38:01
Follow You Home,N/A,Horror,1,£21.36,2026-04-07 10:38:02
First Steps for New Christians (Print Edition),N/A,Default,1,£29.00,2026-04-07 10:38:04
Finders Keepers (Bill Hodges Trilogy #2),N/A,Fiction,5,£53.53,2026-04-07 10:38:05
"Fables, Vol. 1: Legends in Exile (Fables #1)",N/A,Sequential Art,4,£41.62,2026-04-07 10:38:07
Eureka Trivia 6.0,N/A,Default,4,£54.59,2026-04-07 10:38:08
Drive: The Surprising Truth About What Motivates Us,N/A,Default,4,£34.95,2026-04-07 10:38:09
Done Rubbed Out (Reightman & Bailey #1),N/A,Default,5,£37.72,2026-04-07 10:38:11
Doing It Over (Most Likely To #1),N/A,Romance,3,£35.61,2026-04-07 10:38:12
"Deliciously Ella Every Day: Quick and Easy Recipes for Gluten-Free Snacks, Packed Lunches, and Simple Meals",N/A,Food and Drink,3,£42.16,2026-04-07 10:38:13
Dark Notes,N/A,Erotica,5,£19.19,2026-04-07 10:38:15
"Daring Greatly: How the Courage to Be Vulnerable Transforms the Way We Live, Love, Parent, and Lead",N/A,Nonfiction,3,£19.43,2026-04-07 10:38:16
Close to You,N/A,Christian Fiction,4,£49.46,2026-04-07 10:38:18
Chasing Heaven: What Dying Taught Me About Living,N/A,Spirituality,2,£37.80,2026-04-07 10:38:20
Big Magic: Creative Living Beyond Fear,N/A,Nonfiction,3,£30.80,2026-04-07 10:38:21
Becoming Wise: An Inquiry into the Mystery and Art of Living,N/A,Nonfiction,2,£27.43,2026-04-07 10:38:23
Beauty Restored (Riley Family Legacy Novellas #3),N/A,Default,2,£11.11,2026-04-07 10:38:24
Batman: The Long Halloween (Batman),N/A,Sequential Art,2,£36.50,2026-04-07 10:38:26
Batman: The Dark Knight Returns (Batman),N/A,Sequential Art,5,£15.38,2026-04-07 10:38:27
Ayumi's Violin,N/A,Default,2,£15.48,2026-04-07 10:38:29
Anonymous,N/A,Default,4,£46.82,2026-04-07 10:38:30
Amy Meets the Saints and Sages,N/A,Default,3,£18.46,2026-04-07 10:38:32
Amid the Chaos,N/A,Cultural,1,£36.58,2026-04-07 10:38:33
Amatus,N/A,Default,5,£50.54,2026-04-07 10:38:35
Agnostic: A Spirited Manifesto,N/A,Nonfiction,5,£12.51,2026-04-07 10:38:37
Zealot: The Life and Times of Jesus of Nazareth,N/A,History,3,£24.70,2026-04-07 10:38:38
You (You #1),N/A,Thriller,5,£43.61,2026-04-07 10:38:39
"Wonder Woman: Earth One, Volume One (Wonder Woman: Earth One #1)",N/A,Sequential Art,4,£37.34,2026-04-07 10:38:41
Wild Swans,N/A,Young Adult,2,£14.36,2026-04-07 10:38:42
Why the Right Went Wrong: Conservatism--From Goldwater to the Tea Party and Beyond,N/A,Politics,4,£52.65,2026-04-07 10:38:44
Whole Lotta Creativity Going On: 60 Fun and Unusual Exercises to Awaken and Strengthen Your Creativity,N/A,Nonfiction,4,£38.20,2026-04-07 10:38:46
What's It Like in Space?: Stories from Astronauts Who've Been There,N/A,Nonfiction,2,£19.60,2026-04-07 10:38:47
"We Are Robin, Vol. 1: The Vigilante Business (We Are Robin #1)",N/A,Sequential Art,1,£53.90,2026-04-07 10:38:48
Walt Disney's Alice in Wonderland,N/A,Childrens,5,£12.96,2026-04-07 10:38:50
V for Vendetta (V for Vendetta Complete),N/A,Default,4,£37.10,2026-04-07 10:38:51
Until Friday Night (The Field Party #1),N/A,Young Adult,2,£46.31,2026-04-07 10:38:52
"Unbroken: A World War II Story of Survival, Resilience, and Redemption",N/A,Default,2,£45.95,2026-04-07 10:38:54
Twenty Yawns,N/A,Childrens,2,£22.08,2026-04-07 10:38:56
Through the Woods,N/A,Sequential Art,2,£25.38,2026-04-07 10:38:57
This Is Where It Ends,N/A,Young Adult,2,£27.12,2026-04-07 10:38:59
The Year of Magical Thinking,N/A,Nonfiction,2,£43.04,2026-04-07 10:39:00
The Wright Brothers,N/A,Default,4,£56.80,2026-04-07 10:39:02
The White Queen (The Cousins' War #1),N/A,Add a comment,5,£25.91,2026-04-07 10:39:04
The Wedding Pact (The O'Malleys #2),N/A,Romance,3,£32.61,2026-04-07 10:39:05
The Time Keeper,N/A,Fiction,5,£27.88,2026-04-07 10:39:07
The Testament of Mary,N/A,Fiction,4,£52.67,2026-04-07 10:39:08
The Star-Touched Queen,N/A,Fantasy,5,£46.02,2026-04-07 10:39:10
The Songs of the Gods,N/A,Default,5,£44.48,2026-04-07 10:39:11
The Song of Achilles,N/A,Add a comment,5,£37.40,2026-04-07 10:39:12
The Rosie Project (Don Tillman #1),N/A,Default,1,£54.04,2026-04-07 10:39:14
The Power of Habit: Why We Do What We Do in Life and Business,N/A,Default,3,£16.88,2026-04-07 10:39:16
The Marriage of Opposites,N/A,Historical Fiction,4,£28.08,2026-04-07 10:39:17
The Lucifer Effect: Understanding How Good People Turn Evil,N/A,Psychology,1,£10.40,2026-04-07 10:39:19
The Long Haul (Diary of a Wimpy Kid #9),N/A,Humor,1,£44.07,2026-04-07 10:39:20
The Loney,N/A,Horror,1,£23.40,2026-04-07 10:39:22
The Literature Book (Big Ideas Simply Explained),N/A,Nonfiction,3,£17.43,2026-04-07 10:39:24
The Last Mile (Amos Decker #2),N/A,Mystery,2,£54.21,2026-04-07 10:39:25
The Immortal Life of Henrietta Lacks,N/A,Add a comment,2,£40.67,2026-04-07 10:39:27
The Hidden Oracle (The Trials of Apollo #1),N/A,Fantasy,2,£52.26,2026-04-07 10:39:29
The Help Yourself Cookbook for Kids: 60 Easy Plant-Based Recipes Kids Can Make to Stay Healthy and Save the Earth,N/A,Food and Drink,3,£28.77,2026-04-07 10:39:30
The Guilty (Will Robie #4),N/A,Thriller,2,£13.82,2026-04-07 10:39:32
The First Hostage (J.B. Collins #2),N/A,Fiction,3,£25.85,2026-04-07 10:39:33
The Dovekeepers,N/A,Add a comment,1,£48.78,2026-04-07 10:39:35
The Darkest Lie,N/A,Young Adult,5,£35.35,2026-04-07 10:39:36
The Bane Chronicles (The Bane Chronicles #1-11),N/A,Fantasy,4,£44.73,2026-04-07 10:39:37
The Bad-Ass Librarians of Timbuktu: And Their Race to Save the World’s Most Precious Manuscripts,N/A,Nonfiction,1,£15.77,2026-04-07 10:39:39
The 14th Colony (Cotton Malone #11),N/A,Thriller,1,£39.24,2026-04-07 10:39:41
That Darkness (Gardiner and Renner #1),N/A,Mystery,1,£13.92,2026-04-07 10:39:42
Tastes Like Fear (DI Marnie Rome #3),N/A,Mystery,1,£10.69,2026-04-07 10:39:44
Take Me with You,N/A,Fiction,3,£45.21,2026-04-07 10:39:46
Swell: A Year of Waves,N/A,Nonfiction,1,£45.58,2026-04-07 10:39:47
Superman Vol. 1: Before Truth (Superman by Gene Luen Yang #1),N/A,Sequential Art,5,£11.89,2026-04-07 10:39:49
Still Life with Bread Crumbs,N/A,Fiction,3,£26.41,2026-04-07 10:39:51
Steve Jobs,N/A,Default,5,£39.50,2026-04-07 10:39:52
Sorting the Beef from the Bull: The Science of Food Fraud Forensics,N/A,Science,4,£44.74,2026-04-07 10:39:54
Someone Like You (The Harrisons #2),N/A,Contemporary,5,£52.79,2026-04-07 10:39:55
"So Cute It Hurts!!, Vol. 6 (So Cute It Hurts!! #6)",N/A,Sequential Art,4,£35.43,2026-04-07 10:39:57
Shtum,N/A,Fiction,4,£55.84,2026-04-07 10:39:59
See America: A Celebration of Our National Parks & Treasured Sites,N/A,Travel,3,£48.87,2026-04-07 10:40:00
salt.,N/A,Poetry,4,£46.78,2026-04-07 10:40:02
Robin War,N/A,Sequential Art,3,£47.82,2026-04-07 10:40:03
"Red Hood/Arsenal, Vol. 1: Open for Business (Red Hood/Arsenal #1)",N/A,Sequential Art,2,£25.48,2026-04-07 10:40:05
Rain Fish,N/A,Childrens,3,£23.57,2026-04-07 10:40:06
"Quarter Life Poetry: Poems for the Young, Broke and Hangry",N/A,Poetry,5,£50.89,2026-04-07 10:40:08
Pet Sematary,N/A,Horror,3,£10.56,2026-04-07 10:40:09
"Overload: How to Unplug, Unwind, and Unleash Yourself from the Pressure of Stress",N/A,Self Help,3,£52.15,2026-04-07 10:40:11
Once Was a Time,N/A,Childrens,2,£18.28,2026-04-07 10:40:12
Old School (Diary of a Wimpy Kid #10),N/A,Humor,5,£11.83,2026-04-07 10:40:14
No Dream Is Too High: Life Lessons From a Man Who Walked on the Moon,N/A,Nonfiction,2,£21.95,2026-04-07 10:40:16
"Naruto (3-in-1 Edition), Vol. 14: Includes Vols. 40, 41 & 42 (Naruto: Omnibus #14)",N/A,Sequential Art,2,£38.39,2026-04-07 10:40:17
My Name Is Lucy Barton,N/A,Fiction,1,£41.56,2026-04-07 10:40:19
My Mrs. Brown,N/A,Fiction,3,£24.48,2026-04-07 10:40:21
My Kind of Crazy,N/A,Young Adult,1,£40.36,2026-04-07 10:40:22
Mr. Mercedes (Bill Hodges Trilogy #1),N/A,Fiction,1,£28.90,2026-04-07 10:40:24
More Than Music (Chasing the Dream #1),N/A,Add a comment,2,£37.61,2026-04-07 10:40:25
Made to Stick: Why Some Ideas Survive and Others Die,N/A,Business,5,£38.85,2026-04-07 10:40:27
Luis Paints the World,N/A,Childrens,3,£53.95,2026-04-07 10:40:28
Luckiest Girl Alive,N/A,Default,3,£49.83,2026-04-07 10:40:30
Lowriders to the Center of the Earth (Lowriders in Space #2),N/A,Sequential Art,2,£51.51,2026-04-07 10:40:31
Love Is a Mix Tape (Music #1),N/A,Music,1,£18.03,2026-04-07 10:40:33
Looking for Lovely: Collecting the Moments that Matter,N/A,Nonfiction,5,£29.14,2026-04-07 10:40:34
"Living Leadership by Insight: A Good Leader Achieves, a Great Leader Builds Monuments",N/A,Default,4,£46.91,2026-04-07 10:40:36
Let It Out: A Journey Through Journaling,N/A,Nonfiction,5,£26.79,2026-04-07 10:40:38
Lady Midnight (The Dark Artifices #1),N/A,Default,5,£16.28,2026-04-07 10:40:40
"It's All Easy: Healthy, Delicious Weeknight Meals in under 30 Minutes",N/A,Food and Drink,1,£19.55,2026-04-07 10:40:41
Island of Dragons (Unwanteds #7),N/A,Fantasy,1,£29.65,2026-04-07 10:40:43
I Know What I'm Doing -- and Other Lies I Tell Myself: Dispatches from a Life Under Construction,N/A,Humor,4,£25.98,2026-04-07 10:40:44
I Am Pilgrim (Pilgrim #1),N/A,Fiction,4,£10.60,2026-04-07 10:40:46
"Hyperbole and a Half: Unfortunate Situations, Flawed Coping Mechanisms, Mayhem, and Other Things That Happened",N/A,Humor,5,£14.75,2026-04-07 10:40:47
"Hush, Hush (Hush, Hush #1)",N/A,Default,3,£47.02,2026-04-07 10:40:49
Hold Your Breath (Search and Rescue #1),N/A,Romance,1,£28.82,2026-04-07 10:40:50
Hamilton: The Revolution,N/A,Nonfiction,3,£58.79,2026-04-07 10:40:52
Greek Mythic History,N/A,Default,5,£10.23,2026-04-07 10:40:54
God: The Most Unpleasant Character in All Fiction,N/A,Religion,5,£30.03,2026-04-07 10:40:56
Glory over Everything: Beyond The Kitchen House,N/A,Historical Fiction,3,£45.84,2026-04-07 10:40:57
Feathers: Displays of Brilliant Plumage,N/A,Art,3,£49.05,2026-04-07 10:40:59
"Far & Away: Places on the Brink of Change: Seven Continents, Twenty-Five Years",N/A,Nonfiction,4,£15.06,2026-04-07 10:41:00
Every Last Word,N/A,Default,3,£46.47,2026-04-07 10:41:02
Eligible (The Austen Project #4),N/A,Fiction,3,£27.09,2026-04-07 10:41:04
El Deafo,N/A,Sequential Art,5,£57.62,2026-04-07 10:41:05
Eight Hundred Grapes,N/A,Fiction,4,£14.39,2026-04-07 10:41:07
"Eaternity: More than 150 Deliciously Easy Vegan Recipes for a Long, Healthy, Satisfied, Joyful Life",N/A,Nonfiction,5,£51.75,2026-04-07 10:41:08
"Eat Fat, Get Thin",N/A,Health,2,£54.07,2026-04-07 10:41:09
Don't Get Caught,N/A,Young Adult,1,£55.35,2026-04-07 10:41:10
Doctor Sleep (The Shining #2),N/A,Horror,2,£40.12,2026-04-07 10:41:12
Demigods & Magicians: Percy and Annabeth Meet the Kanes (Percy Jackson & Kane Chronicles Crossover #1-3),N/A,Fantasy,5,£37.51,2026-04-07 10:41:14
Dear Mr. Knightley,N/A,Fiction,5,£11.21,2026-04-07 10:41:15
Daily Fantasy Sports,N/A,Default,1,£36.58,2026-04-07 10:41:17
Crazy Love: Overwhelmed by a Relentless God,N/A,Christian,2,£47.72,2026-04-07 10:41:18
Cometh the Hour (The Clifton Chronicles #6),N/A,Fiction,3,£25.01,2026-04-07 10:41:20
Code Name Verity (Code Name Verity #1),N/A,Add a comment,4,£22.13,2026-04-07 10:41:21
Clockwork Angel (The Infernal Devices #1),N/A,Default,1,£44.14,2026-04-07 10:41:23
City of Glass (The Mortal Instruments #3),N/A,Fantasy,4,£56.02,2026-04-07 10:41:25
City of Fallen Angels (The Mortal Instruments #4),N/A,Default,4,£11.23,2026-04-07 10:41:26
City of Bones (The Mortal Instruments #1),N/A,Default,1,£43.28,2026-04-07 10:41:28
City of Ashes (The Mortal Instruments #2),N/A,Default,1,£47.27,2026-04-07 10:41:29
Cell,N/A,Add a comment,4,£20.29,2026-04-07 10:41:31
Catching Jordan (Hundred Oaks),N/A,Young Adult,3,£50.83,2026-04-07 10:41:32
"Carry On, Warrior: Thoughts on Life Unarmed",N/A,Default,3,£31.85,2026-04-07 10:41:34
Carrie,N/A,Default,2,£46.23,2026-04-07 10:41:35
Buying In: The Secret Dialogue Between What We Buy and Who We Are,N/A,Nonfiction,4,£37.80,2026-04-07 10:41:37
Brain on Fire: My Month of Madness,N/A,Nonfiction,5,£49.32,2026-04-07 10:41:38
Batman: Europa,N/A,Sequential Art,2,£32.01,2026-04-07 10:41:40
Barefoot Contessa Back to Basics,N/A,Food and Drink,1,£28.01,2026-04-07 10:41:41
Barefoot Contessa at Home: Everyday Recipes You'll Make Over and Over Again,N/A,Food and Drink,5,£50.62,2026-04-07 10:41:42
Balloon Animals,N/A,Fiction,3,£17.03,2026-04-07 10:41:44
Art Ops Vol. 1,N/A,Sequential Art,3,£48.80,2026-04-07 10:41:45
Aristotle and Dante Discover the Secrets of the Universe (Aristotle and Dante Discover the Secrets of the Universe #1),N/A,Young Adult,4,£58.14,2026-04-07 10:41:47
Angels Walking (Angels Walking #1),N/A,Add a comment,2,£34.20,2026-04-07 10:41:49
Angels & Demons (Robert Langdon #1),N/A,Default,3,£51.48,2026-04-07 10:41:50
All the Light We Cannot See,N/A,Historical,5,£29.87,2026-04-07 10:41:52
"Adulthood Is a Myth: A ""Sarah's Scribbles"" Collection",N/A,Sequential Art,2,£10.90,2026-04-07 10:41:54
Abstract City,N/A,Nonfiction,5,£56.37,2026-04-07 10:41:55
A Time of Torment (Charlie Parker #14),N/A,Mystery,5,£48.35,2026-04-07 10:41:56
A Study in Scarlet (Sherlock Holmes #1),N/A,Mystery,2,£16.73,2026-04-07 10:41:58
"A Series of Catastrophes and Miracles: A True Story of Love, Science, and Cancer",N/A,Add a comment,2,£56.48,2026-04-07 10:41:59
A People's History of the United States,N/A,Add a comment,2,£40.79,2026-04-07 10:42:01
A Man Called Ove,N/A,Fiction,1,£39.72,2026-04-07 10:42:03
A Distant Mirror: The Calamitous 14th Century,N/A,History,3,£14.58,2026-04-07 10:42:04
A Brush of Wings (Angels Walking #3),N/A,Add a comment,1,£55.51,2026-04-07 10:42:06
1491: New Revelations of the Americas Before Columbus,N/A,History,3,£21.80,2026-04-07 10:42:08
"The Three Searches, Meaning, and the Story",N/A,Default,3,£13.33,2026-04-07 10:42:09
Searching for Meaning in Gailana,N/A,Fantasy,1,£38.73,2026-04-07 10:42:11
Rook,N/A,Add a comment,4,£37.86,2026-04-07 10:42:13
My Kitchen Year: 136 Recipes That Saved My Life,N/A,Food and Drink,2,£11.53,2026-04-07 10:42:14
13 Hours: The Inside Account of What Really Happened In Benghazi,N/A,Nonfiction,1,£27.06,2026-04-07 10:42:16
Will You Won't You Want Me?,N/A,Womens Fiction,3,£13.86,2026-04-07 10:42:18
Tipping Point for Planet Earth: How Close Are We to the Edge?,N/A,Science,1,£37.55,2026-04-07 10:42:19
The Star-Touched Queen,N/A,Fantasy,5,£32.30,2026-04-07 10:42:20
The Silent Sister (Riley MacPherson #1),N/A,Fiction,5,£46.29,2026-04-07 10:42:22
The Midnight Watch: A Novel of the Titanic and the Californian,N/A,Add a comment,1,£26.20,2026-04-07 10:42:23
The Lonely City: Adventures in the Art of Being Alone,N/A,Nonfiction,2,£33.26,2026-04-07 10:42:25
The Gray Rhino: How to Recognize and Act on the Obvious Dangers We Ignore,N/A,Add a comment,4,£59.15,2026-04-07 10:42:26
The Golden Condom: And Other Essays on Love Lost and Found,N/A,Psychology,1,£39.43,2026-04-07 10:42:28
The Epidemic (The Program 0.6),N/A,Young Adult,5,£14.44,2026-04-07 10:42:30
The Dinner Party,N/A,Fiction,2,£56.54,2026-04-07 10:42:32
The Diary of a Young Girl,N/A,Nonfiction,3,£59.90,2026-04-07 10:42:33
The Children,N/A,Add a comment,3,£11.88,2026-04-07 10:42:35
Stars Above (The Lunar Chronicles #4.5),N/A,Young Adult,2,£48.05,2026-04-07 10:42:37
Snatched: How A Drug Queen Went Undercover for the DEA and Was Kidnapped By Colombian Guerillas,N/A,Nonfiction,3,£21.21,2026-04-07 10:42:38
Raspberry Pi Electronics Projects for the Evil Genius,N/A,Default,4,£49.67,2026-04-07 10:42:40
Quench Your Own Thirst: Business Lessons Learned Over a Beer or Two,N/A,Business,1,£43.14,2026-04-07 10:42:41
Psycho: Sanitarium (Psycho #1.5),N/A,Horror,5,£36.97,2026-04-07 10:42:42
Poisonous (Max Revere Novels #3),N/A,Mystery,3,£26.80,2026-04-07 10:42:44
One with You (Crossfire #5),N/A,Add a comment,4,£15.71,2026-04-07 10:42:45
No Love Allowed (Dodge Cove #1),N/A,Young Adult,4,£54.65,2026-04-07 10:42:47
Murder at the 42nd Street Library (Raymond Ambler #1),N/A,Mystery,4,£54.36,2026-04-07 10:42:48
Most Wanted,N/A,Mystery,3,£35.28,2026-04-07 10:42:50
"Love, Lies and Spies",N/A,Historical Fiction,2,£20.55,2026-04-07 10:42:51
How to Speak Golf: An Illustrated Guide to Links Lingo,N/A,Default,5,£58.32,2026-04-07 10:42:53
Hide Away (Eve Duncan #20),N/A,Mystery,1,£11.84,2026-04-07 10:42:55
Furiously Happy: A Funny Book About Horrible Things,N/A,Nonfiction,4,£41.46,2026-04-07 10:42:56
Everyday Italian: 125 Simple and Delicious Recipes,N/A,Food and Drink,5,£20.10,2026-04-07 10:42:58
Equal Is Unfair: America's Misguided Fight Against Income Inequality,N/A,Politics,1,£56.86,2026-04-07 10:42:59
Eleanor & Park,N/A,Default,5,£56.51,2026-04-07 10:43:01
Dirty (Dive Bar #1),N/A,Romance,4,£40.83,2026-04-07 10:43:03
Can You Keep a Secret? (Fear Street Relaunch #4),N/A,Horror,1,£48.64,2026-04-07 10:43:04
Boar Island (Anna Pigeon #19),N/A,Mystery,3,£59.48,2026-04-07 10:43:05
A Paris Apartment,N/A,Historical Fiction,4,£39.01,2026-04-07 10:43:07
"A la Mode: 120 Recipes in 60 Pairings: Pies, Tarts, Cakes, Crisps, and More Topped with Ice Cream, Gelato, Frozen Custard, and More",N/A,Food and Drink,1,£38.77,2026-04-07 10:43:08
Troublemaker: Surviving Hollywood and Scientology,N/A,Default,2,£48.39,2026-04-07 10:43:10
The Widow,N/A,Mystery,2,£27.26,2026-04-07 10:43:12
"The Sleep Revolution: Transforming Your Life, One Night at a Time",N/A,Nonfiction,4,£11.68,2026-04-07 10:43:13
The Improbability of Love,N/A,Fiction,1,£59.45,2026-04-07 10:43:15
The Art of Startup Fundraising,N/A,Business,3,£21.00,2026-04-07 10:43:17
Take Me Home Tonight (Rock Star Romance #3),N/A,Romance,3,£53.98,2026-04-07 10:43:19
Sleeping Giants (Themis Files #1),N/A,Science Fiction,1,£48.74,2026-04-07 10:43:21
"Setting the World on Fire: The Brief, Astonishing Life of St. Catherine of Siena",N/A,Biography,2,£21.15,2026-04-07 10:43:22
Playing with Fire,N/A,Mystery,3,£13.71,2026-04-07 10:43:24
Off the Hook (Fishing for Trouble #1),N/A,Romance,3,£47.67,2026-04-07 10:43:25
Mothering Sunday,N/A,Fiction,2,£13.34,2026-04-07 10:43:27
"Mother, Can You Not?",N/A,Nonfiction,5,£16.89,2026-04-07 10:43:28
M Train,N/A,Autobiography,1,£27.18,2026-04-07 10:43:30
Lilac Girls,N/A,Historical Fiction,2,£17.28,2026-04-07 10:43:31
Lies and Other Acts of Love,N/A,Fiction,1,£45.14,2026-04-07 10:43:33
Lab Girl,N/A,Autobiography,1,£40.85,2026-04-07 10:43:35
Keep Me Posted,N/A,Womens Fiction,4,£20.46,2026-04-07 10:43:36
It Didn't Start with You: How Inherited Family Trauma Shapes Who We Are and How to End the Cycle,N/A,Psychology,3,£56.27,2026-04-07 10:43:38
Grey (Fifty Shades #4),N/A,Womens Fiction,4,£48.49,2026-04-07 10:43:39
"Exit, Pursued by a Bear",N/A,Young Adult,4,£51.34,2026-04-07 10:43:41
Daredevils,N/A,Fiction,3,£16.34,2026-04-07 10:43:42
Cravings: Recipes for What You Want to Eat,N/A,Food and Drink,3,£20.50,2026-04-07 10:43:44
Born for This: How to Find the Work You Were Meant to Do,N/A,Business,5,£21.59,2026-04-07 10:43:46
Arena,N/A,Science Fiction,4,£21.36,2026-04-07 10:43:47
Adultery,N/A,Default,5,£20.88,2026-04-07 10:43:49
A Mother's Reckoning: Living in the Aftermath of Tragedy,N/A,Nonfiction,3,£19.53,2026-04-07 10:43:51
A Gentleman's Position (Society of Gentlemen #3),N/A,Romance,5,£14.75,2026-04-07 10:43:52
11/22/63,N/A,Fiction,3,£48.48,2026-04-07 10:43:53
"10% Happier: How I Tamed the Voice in My Head, Reduced Stress Without Losing My Edge, and Found Self-Help That Actually Works",N/A,Nonfiction,2,£24.57,2026-04-07 10:43:55
10-Day Green Smoothie Cleanse: Lose Up to 15 Pounds in 10 Days!,N/A,Health,5,£49.71,2026-04-07 10:43:56
Without Shame,N/A,Add a comment,5,£48.27,2026-04-07 10:43:58
Watchmen,N/A,Add a comment,4,£58.05,2026-04-07 10:43:59
Unlimited Intuition Now,N/A,Default,4,£58.87,2026-04-07 10:44:01
Underlying Notes,N/A,Default,2,£11.82,2026-04-07 10:44:02
The Shack,N/A,Fiction,1,£28.03,2026-04-07 10:44:04
The New Brand You: Your New Image Makes the Sale for You,N/A,Default,5,£44.05,2026-04-07 10:44:05
"The Moosewood Cookbook: Recipes from Moosewood Restaurant, Ithaca, New York",N/A,Food and Drink,4,£12.34,2026-04-07 10:44:07
The Flowers Lied,N/A,Default,2,£16.68,2026-04-07 10:44:08
"The Fabric of the Cosmos: Space, Time, and the Texture of Reality",N/A,Science,1,£55.91,2026-04-07 10:44:09
The Book of Mormon,N/A,Religion,3,£24.57,2026-04-07 10:44:11
The Art and Science of Low Carbohydrate Living,N/A,Health,5,£52.98,2026-04-07 10:44:13
The Alien Club,N/A,Young Adult,1,£54.40,2026-04-07 10:44:14
Suzie Snowflake: One beautiful flake (a self-esteem story),N/A,Novels,5,£54.81,2026-04-07 10:44:16
Nap-a-Roo,N/A,Childrens,1,£25.08,2026-04-07 10:44:17
"NaNo What Now? Finding your editing process, revising your NaNoWriMo book and building a writing career through publishing and beyond",N/A,Default,4,£10.41,2026-04-07 10:44:19
Modern Day Fables,N/A,Default,2,£47.44,2026-04-07 10:44:20
If I Gave You God's Phone Number....: Searching for Spirituality in America,N/A,Spirituality,1,£20.91,2026-04-07 10:44:22
"Fruits Basket, Vol. 9 (Fruits Basket #9)",N/A,Sequential Art,4,£33.95,2026-04-07 10:44:23
Dress Your Family in Corduroy and Denim,N/A,Humor,3,£43.68,2026-04-07 10:44:25
Don't Forget Steven,N/A,Young Adult,1,£33.23,2026-04-07 10:44:27
Chernobyl 01:23:40: The Incredible True Story of the World's Worst Nuclear Disaster,N/A,Nonfiction,2,£35.92,2026-04-07 10:44:29
Art and Fear: Observations on the Perils (and Rewards) of Artmaking,N/A,Art,4,£48.63,2026-04-07 10:44:30
A Shard of Ice (The Black Symphony Saga #1),N/A,Fantasy,3,£56.63,2026-04-07 10:44:32
A Hero's Curse (The Unseen Chronicles #1),N/A,Add a comment,3,£50.49,2026-04-07 10:44:34
23 Degrees South: A Tropical Tale of Changing Whether...,N/A,Add a comment,2,£35.79,2026-04-07 10:44:35
"Zero to One: Notes on Startups, or How to Build the Future",N/A,Nonfiction,3,£34.06,2026-04-07 10:44:37
Why Not Me?,N/A,Nonfiction,1,£17.76,2026-04-07 10:44:38
When Breath Becomes Air,N/A,Nonfiction,2,£39.36,2026-04-07 10:44:40
Vagabonding: An Uncommon Guide to the Art of Long-Term World Travel,N/A,Travel,2,£36.94,2026-04-07 10:44:41
The Unlikely Pilgrimage of Harold Fry (Harold Fry #1),N/A,Default,5,£43.62,2026-04-07 10:44:43
The New Drawing on the Right Side of the Brain,N/A,Art,3,£43.02,2026-04-07 10:44:44
"The Midnight Assassin: Panic, Scandal, and the Hunt for America's First Serial Killer",N/A,Nonfiction,4,£28.45,2026-04-07 10:44:46
The Martian (The Martian #1),N/A,Default,2,£41.39,2026-04-07 10:44:48
The High Mountains of Portugal,N/A,Fiction,1,£51.15,2026-04-07 10:44:49
The Grownup,N/A,Short Stories,1,£35.88,2026-04-07 10:44:51
The E-Myth Revisited: Why Most Small Businesses Don't Work and What to Do About It,N/A,Business,1,£36.91,2026-04-07 10:44:53
South of Sunshine,N/A,Young Adult,1,£28.93,2026-04-07 10:44:54
Smarter Faster Better: The Secrets of Being Productive in Life and Business,N/A,Nonfiction,5,£38.89,2026-04-07 10:44:56
Silence in the Dark (Logan Point #4),N/A,Suspense,3,£58.33,2026-04-07 10:44:57
Shadows of the Past (Logan Point #1),N/A,Christian Fiction,5,£39.67,2026-04-07 10:44:59
Roller Girl,N/A,Sequential Art,5,£14.10,2026-04-07 10:45:00
Rising Strong,N/A,Nonfiction,3,£21.82,2026-04-07 10:45:02
Proofs of God: Classical Arguments from Tertullian to Barth,N/A,Philosophy,1,£54.21,2026-04-07 10:45:03
Please Kill Me: The Uncensored Oral History of Punk,N/A,Music,4,£31.19,2026-04-07 10:45:05
Out of Print: City Lights Spotlight No. 14,N/A,Poetry,5,£53.64,2026-04-07 10:45:07
My Life Next Door (My Life Next Door ),N/A,Young Adult,5,£36.39,2026-04-07 10:45:08
Miller's Valley,N/A,Fiction,2,£58.54,2026-04-07 10:45:09
Man's Search for Meaning,N/A,Nonfiction,3,£29.48,2026-04-07 10:45:11
"Love That Boy: What Two Presidents, Eight Road Trips, and My Son Taught Me About a Parent's Expectations",N/A,Nonfiction,2,£25.06,2026-04-07 10:45:12
Living Forward: A Proven Plan to Stop Drifting and Get the Life You Want,N/A,Nonfiction,3,£12.55,2026-04-07 10:45:14
Les Fleurs du Mal,N/A,Poetry,5,£29.04,2026-04-07 10:45:16
Left Behind (Left Behind #1),N/A,Default,2,£40.72,2026-04-07 10:45:17
Kill 'Em and Leave: Searching for James Brown and the American Soul,N/A,Music,5,£45.05,2026-04-07 10:45:19
Kierkegaard: A Christian Missionary to Christians,N/A,Philosophy,1,£47.13,2026-04-07 10:45:20
John Vassos: Industrial Design for Modern Life,N/A,Default,4,£20.22,2026-04-07 10:45:22
I'll Give You the Sun,N/A,Default,1,£56.48,2026-04-07 10:45:24
I Will Find You,N/A,Nonfiction,1,£44.21,2026-04-07 10:45:25
Hystopia: A Novel,N/A,Fiction,4,£21.96,2026-04-07 10:45:26
Howl and Other Poems,N/A,Poetry,2,£40.45,2026-04-07 10:45:28
History of Beauty,N/A,Art,4,£10.29,2026-04-07 10:45:29
Heaven is for Real: A Little Boy's Astounding Story of His Trip to Heaven and Back,N/A,Default,2,£52.86,2026-04-07 10:45:31
Future Shock (Future Shock #1),N/A,Young Adult,5,£55.65,2026-04-07 10:45:33
Ender's Game (The Ender Quintet #1),N/A,Default,1,£43.64,2026-04-07 10:45:34
Diary of a Citizen Scientist: Chasing Tiger Beetles and Other New Ways of Engaging the World,N/A,Science,1,£28.41,2026-04-07 10:45:36
Death by Leisure: A Cautionary Tale,N/A,Default,4,£37.51,2026-04-07 10:45:37
Brilliant Beacons: A History of the American Lighthouse,N/A,History,3,£11.45,2026-04-07 10:45:39
Brazen: The Courage to Find the You That's Been Hiding,N/A,Nonfiction,2,£19.22,2026-04-07 10:45:40
Between the World and Me,N/A,Nonfiction,4,£56.91,2026-04-07 10:45:42
Being Mortal: Medicine and What Matters in the End,N/A,Nonfiction,4,£55.06,2026-04-07 10:45:43
"A Murder Over a Girl: Justice, Gender, Junior High",N/A,Nonfiction,3,£13.20,2026-04-07 10:45:44
32 Yolks,N/A,Food and Drink,2,£53.63,2026-04-07 10:45:46
"""Most Blessed of the Patriarchs"": Thomas Jefferson and the Empire of the Imagination",N/A,History,5,£44.48,2026-04-07 10:45:47
You Are a Badass: How to Stop Doubting Your Greatness and Start Living an Awesome Life,N/A,Self Help,3,£12.08,2026-04-07 10:45:49
Wildlife of New York: A Five-Borough Coloring Book,N/A,Default,2,£22.14,2026-04-07 10:45:50
What Happened on Beale Street (Secrets of the South Mysteries #2),N/A,Mystery,5,£25.37,2026-04-07 10:45:52
Unreasonable Hope: Finding Faith in the God Who Brings Purpose to Your Pain,N/A,Spirituality,2,£46.33,2026-04-07 10:45:54
Under the Tuscan Sun,N/A,Travel,3,£37.33,2026-04-07 10:45:55
Toddlers Are A**holes: It's Not Your Fault,N/A,Humor,1,£25.55,2026-04-07 10:45:57
The Year of Living Biblically: One Man's Humble Quest to Follow the Bible as Literally as Possible,N/A,Default,1,£34.72,2026-04-07 10:45:59
The Whale,N/A,Childrens,4,£35.96,2026-04-07 10:46:01
The Story of Art,N/A,Art,4,£41.14,2026-04-07 10:46:02
The Origin of Species,N/A,Science,4,£10.01,2026-04-07 10:46:04
The Great Gatsby,N/A,Default,4,£36.05,2026-04-07 10:46:05
The Good Girl,N/A,Default,3,£49.03,2026-04-07 10:46:07
The Glass Castle,N/A,Add a comment,1,£16.24,2026-04-07 10:46:09
The Faith of Christopher Hitchens: The Restless Soul of the World's Most Notorious Atheist,N/A,Biography,1,£39.55,2026-04-07 10:46:10
The Drowning Girls,N/A,Add a comment,3,£35.67,2026-04-07 10:46:11
The Constant Princess (The Tudor Court #1),N/A,Historical Fiction,3,£16.62,2026-04-07 10:46:13
The Bourne Identity (Jason Bourne #1),N/A,Fiction,4,£42.78,2026-04-07 10:46:15
The Bachelor Girl's Guide to Murder (Herringford and Watts Mysteries #1),N/A,Mystery,5,£52.30,2026-04-07 10:46:16
The Art Book,N/A,Art,2,£32.34,2026-04-07 10:46:18
The 7 Habits of Highly Effective People: Powerful Lessons in Personal Change,N/A,Default,4,£33.17,2026-04-07 10:46:19
Team of Rivals: The Political Genius of Abraham Lincoln,N/A,Add a comment,5,£20.12,2026-04-07 10:46:20
Steal Like an Artist: 10 Things Nobody Told You About Being Creative,N/A,Default,2,£20.90,2026-04-07 10:46:22
"Sit, Stay, Love",N/A,Romance,3,£20.90,2026-04-07 10:46:23
Sister Dear,N/A,Fiction,4,£40.20,2026-04-07 10:46:25
"Shrunken Treasures: Literary Classics, Short, Sweet, and Silly",N/A,Childrens,3,£52.87,2026-04-07 10:46:26
"Rich Dad, Poor Dad",N/A,Business,1,£51.74,2026-04-07 10:46:28
Raymie Nightingale,N/A,Childrens,2,£34.41,2026-04-07 10:46:29
Playing from the Heart,N/A,Childrens,1,£32.38,2026-04-07 10:46:31
Nightstruck: A Novel,N/A,Young Adult,4,£50.35,2026-04-07 10:46:33
"Naturally Lean: 125 Nourishing Gluten-Free, Plant-Based Recipes--All Under 300 Calories",N/A,Food and Drink,5,£11.38,2026-04-07 10:46:34
Meternity,N/A,Womens Fiction,3,£43.58,2026-04-07 10:46:36
Memoirs of a Geisha,N/A,Fiction,3,£49.67,2026-04-07 10:46:37
Like Never Before (Walker Family #2),N/A,Christian Fiction,2,£28.77,2026-04-07 10:46:39
Life of Pi,N/A,Default,4,£13.22,2026-04-07 10:46:40
Leave This Song Behind: Teen Poetry at Its Best,N/A,Poetry,5,£51.17,2026-04-07 10:46:42
King's Folly (The Kinsman Chronicles #1),N/A,Fantasy,5,£39.61,2026-04-07 10:46:43
John Adams,N/A,Add a comment,4,£57.43,2026-04-07 10:46:45
How to Cook Everything Vegetarian: Simple Meatless Recipes for Great Food (How to Cook Everything),N/A,Food and Drink,4,£46.01,2026-04-07 10:46:47
How to Be a Domestic Goddess: Baking and the Art of Comfort Cooking,N/A,Food and Drink,2,£28.25,2026-04-07 10:46:49
Good in Bed (Cannie Shapiro #1),N/A,Add a comment,5,£37.05,2026-04-07 10:46:50
"Fruits Basket, Vol. 7 (Fruits Basket #7)",N/A,Sequential Art,1,£19.57,2026-04-07 10:46:52
For the Love: Fighting for Grace in a World of Impossible Standards,N/A,Nonfiction,3,£45.13,2026-04-07 10:46:53
Finding God in the Ruins: How God Redeems Pain,N/A,Nonfiction,2,£46.64,2026-04-07 10:46:55
Every Heart a Doorway (Every Heart A Doorway #1),N/A,Fantasy,5,£12.16,2026-04-07 10:46:57
Delivering the Truth (Quaker Midwife Mystery #1),N/A,Mystery,4,£20.89,2026-04-07 10:46:59
Counted With the Stars (Out from Egypt #1),N/A,Christian Fiction,5,£17.97,2026-04-07 10:47:00
"Chronicles, Vol. 1",N/A,Music,2,£52.60,2026-04-07 10:47:02
Blue Like Jazz: Nonreligious Thoughts on Christian Spirituality,N/A,Christian,1,£25.77,2026-04-07 10:47:03
Benjamin Franklin: An American Life,N/A,Biography,3,£48.19,2026-04-07 10:47:05
"At The Existentialist Café: Freedom, Being, and apricot cocktails with: Jean-Paul Sartre, Simone de Beauvoir, Albert Camus, Martin Heidegger, Edmund Husserl, Karl Jaspers, Maurice Merleau-Ponty and others",N/A,Philosophy,5,£29.93,2026-04-07 10:47:06
A Summer In Europe,N/A,Travel,2,£44.34,2026-04-07 10:47:09
A Short History of Nearly Everything,N/A,History,5,£52.40,2026-04-07 10:47:10
A Gathering of Shadows (Shades of Magic #2),N/A,Fantasy,4,£44.81,2026-04-07 10:47:12
The Sound Of Love,N/A,Default,5,£57.84,2026-04-07 10:47:14
The Rise and Fall of the Third Reich: A History of Nazi Germany,N/A,History,2,£39.67,2026-04-07 10:47:16
The Perks of Being a Wallflower,N/A,Default,3,£55.02,2026-04-07 10:47:17
The Mysterious Affair at Styles (Hercule Poirot #1),N/A,Mystery,4,£24.80,2026-04-07 10:47:18
The Man Who Mistook His Wife for a Hat and Other Clinical Tales,N/A,Nonfiction,4,£59.45,2026-04-07 10:47:20
The Makings of a Fatherless Child,N/A,Default,2,£31.58,2026-04-07 10:47:21
The Joy of Cooking,N/A,Add a comment,4,£43.27,2026-04-07 10:47:23
The Invention of Wings,N/A,Historical Fiction,1,£37.34,2026-04-07 10:47:24
The Hobbit (Middle-Earth Universe),N/A,Default,5,£17.80,2026-04-07 10:47:26
The Great Railway Bazaar,N/A,Travel,1,£30.54,2026-04-07 10:47:28
The Golden Compass (His Dark Materials #1),N/A,Add a comment,1,£18.77,2026-04-07 10:47:29
The God Delusion,N/A,Add a comment,3,£46.85,2026-04-07 10:47:31
The Girl You Left Behind (The Girl You Left Behind #1),N/A,Historical,1,£15.79,2026-04-07 10:47:33
The Fellowship of the Ring (The Lord of the Rings #1),N/A,Default,2,£10.27,2026-04-07 10:47:34
The Collected Poems of W.B. Yeats (The Collected Works of W.B. Yeats #1),N/A,Poetry,5,£15.42,2026-04-07 10:47:36
The Barefoot Contessa Cookbook,N/A,Food and Drink,5,£59.92,2026-04-07 10:47:37
Tell the Wolves I'm Home,N/A,Young Adult,2,£50.96,2026-04-07 10:47:39
Ship Leaves Harbor: Essays on Travel by a Recovering Journeyman,N/A,Default,3,£30.60,2026-04-07 10:47:41
Pride and Prejudice,N/A,Add a comment,4,£19.27,2026-04-07 10:47:42
Musicophilia: Tales of Music and the Brain,N/A,Default,1,£46.58,2026-04-07 10:47:44
Mere Christianity,N/A,Add a comment,3,£48.51,2026-04-07 10:47:45
Me Before You (Me Before You #1),N/A,Fiction,1,£19.02,2026-04-07 10:47:47
In the Woods (Dublin Murder Squad #1),N/A,Mystery,2,£38.38,2026-04-07 10:47:48
In Cold Blood,N/A,Nonfiction,4,£49.98,2026-04-07 10:47:49
How to Stop Worrying and Start Living,N/A,Self Help,5,£46.49,2026-04-07 10:47:51
Give It Back,N/A,Thriller,2,£18.32,2026-04-07 10:47:53
"Girl, Interrupted",N/A,Nonfiction,3,£42.14,2026-04-07 10:47:55
Fun Home: A Family Tragicomic,N/A,Add a comment,4,£56.59,2026-04-07 10:47:56
"Fruits Basket, Vol. 6 (Fruits Basket #6)",N/A,Sequential Art,4,£20.96,2026-04-07 10:47:58
Deception Point,N/A,Fiction,4,£40.32,2026-04-07 10:48:00
"Death Note, Vol. 6: Give-and-Take (Death Note #6)",N/A,Sequential Art,3,£36.39,2026-04-07 10:48:01
Catherine the Great: Portrait of a Woman,N/A,History,4,£58.55,2026-04-07 10:48:03
Better Homes and Gardens New Cook Book,N/A,Food and Drink,3,£39.61,2026-04-07 10:48:05
An Unquiet Mind: A Memoir of Moods and Madness,N/A,Psychology,3,£21.30,2026-04-07 10:48:06
A Year in Provence (Provence #1),N/A,Travel,4,£56.88,2026-04-07 10:48:08
World Without End (The Pillars of the Earth #2),N/A,Historical Fiction,4,£32.97,2026-04-07 10:48:10
"Will Grayson, Will Grayson (Will Grayson, Will Grayson)",N/A,Young Adult,4,£47.31,2026-04-07 10:48:11
Why Save the Bankers?: And Other Essays on Our Economic and Political Crisis,N/A,Nonfiction,2,£48.67,2026-04-07 10:48:13
Where She Went (If I Stay #2),N/A,Young Adult,4,£41.73,2026-04-07 10:48:14
What If?: Serious Scientific Answers to Absurd Hypothetical Questions,N/A,Default,4,£53.68,2026-04-07 10:48:16
Two Summers,N/A,Young Adult,1,£14.64,2026-04-07 10:48:18
This Is Your Brain on Music: The Science of a Human Obsession,N/A,Music,1,£38.40,2026-04-07 10:48:20
The Secret Garden,N/A,Classics,4,£15.08,2026-04-07 10:48:21
The Raven King (The Raven Cycle #4),N/A,Add a comment,2,£30.57,2026-04-07 10:48:23
The Raven Boys (The Raven Cycle #1),N/A,Fantasy,4,£57.74,2026-04-07 10:48:25
The Power Greens Cookbook: 140 Delicious Superfood Recipes,N/A,Food and Drink,5,£11.05,2026-04-07 10:48:26
The Metamorphosis,N/A,Classics,1,£28.58,2026-04-07 10:48:28
The Mathews Men: Seven Brothers and the War Against Hitler's U-boats,N/A,History,5,£42.91,2026-04-07 10:48:30
The Little Paris Bookshop,N/A,Fiction,3,£24.73,2026-04-07 10:48:31
The Hiding Place,N/A,History,4,£55.91,2026-04-07 10:48:33
The Grand Design,N/A,Science,3,£13.76,2026-04-07 10:48:34
The Firm,N/A,Fiction,3,£45.56,2026-04-07 10:48:36
The Fault in Our Stars,N/A,Default,1,£47.22,2026-04-07 10:48:37
The False Prince (The Ascendance Trilogy #1),N/A,Fantasy,5,£56.00,2026-04-07 10:48:39
The Expatriates,N/A,Fiction,2,£44.58,2026-04-07 10:48:40
The Dream Thieves (The Raven Cycle #2),N/A,Default,1,£34.50,2026-04-07 10:48:41
The Darkest Corners,N/A,Young Adult,5,£11.33,2026-04-07 10:48:43
The Crossover,N/A,Poetry,4,£38.77,2026-04-07 10:48:45
The 5th Wave (The 5th Wave #1),N/A,Default,2,£11.83,2026-04-07 10:48:46
Tell the Wind and Fire,N/A,Fantasy,3,£45.51,2026-04-07 10:48:48
Tell Me Three Things,N/A,Young Adult,1,£41.81,2026-04-07 10:48:49
Talking to Girls About Duran Duran: One Young Man's Quest for True Love and a Cooler Haircut,N/A,Nonfiction,4,£25.15,2026-04-07 10:48:51
Siddhartha,N/A,Fiction,5,£34.22,2026-04-07 10:48:53
Shiver (The Wolves of Mercy Falls #1),N/A,Default,5,£16.23,2026-04-07 10:48:54
Remember Me?,N/A,Default,3,£11.48,2026-04-07 10:48:56
Red Dragon (Hannibal Lecter #1),N/A,Horror,3,£23.37,2026-04-07 10:48:57
Peak: Secrets from the New Science of Expertise,N/A,Science,2,£16.28,2026-04-07 10:48:59
My Mother Was Nuts,N/A,Nonfiction,4,£31.63,2026-04-07 10:49:01
Mexican Today: New and Rediscovered Recipes for Contemporary Kitchens,N/A,Food and Drink,5,£24.91,2026-04-07 10:49:02
Maybe Something Beautiful: How Art Transformed a Neighborhood,N/A,Childrens,1,£22.54,2026-04-07 10:49:03
Lola and the Boy Next Door (Anna and the French Kiss #2),N/A,Young Adult,4,£23.63,2026-04-07 10:49:05
Logan Kade (Fallen Crest High #5.5),N/A,Academic,2,£13.12,2026-04-07 10:49:06
Last One Home (New Beginnings #1),N/A,Fiction,3,£59.98,2026-04-07 10:49:08
Killing Floor (Jack Reacher #1),N/A,Thriller,4,£31.49,2026-04-07 10:49:09
Kill the Boy Band,N/A,Young Adult,5,£15.52,2026-04-07 10:49:11
Isla and the Happily Ever After (Anna and the French Kiss #3),N/A,Young Adult,5,£48.13,2026-04-07 10:49:13
If I Stay (If I Stay #1),N/A,Default,5,£38.13,2026-04-07 10:49:14
I Know Why the Caged Bird Sings (Maya Angelou's Autobiography #1),N/A,Default,2,£36.55,2026-04-07 10:49:15
Harry Potter and the Deathly Hallows (Harry Potter #7),N/A,Default,1,£23.32,2026-04-07 10:49:17
"Fruits Basket, Vol. 5 (Fruits Basket #5)",N/A,Sequential Art,1,£16.33,2026-04-07 10:49:18
Foundation (Foundation (Publication Order) #1),N/A,Science Fiction,1,£32.42,2026-04-07 10:49:20
Fool Me Once,N/A,Default,1,£16.96,2026-04-07 10:49:21
Find Her (Detective D.D. Warren #8),N/A,Add a comment,1,£22.37,2026-04-07 10:49:23
Evicted: Poverty and Profit in the American City,N/A,Add a comment,1,£42.27,2026-04-07 10:49:24
Drama,N/A,Default,2,£38.70,2026-04-07 10:49:26
Dracula the Un-Dead,N/A,Horror,5,£35.63,2026-04-07 10:49:28
Digital Fortress,N/A,Fiction,5,£58.00,2026-04-07 10:49:29
"Death Note, Vol. 5: Whiteout (Death Note #5)",N/A,Sequential Art,1,£52.41,2026-04-07 10:49:31
"Data, A Love Story: How I Gamed Online Dating to Meet My Match",N/A,Nonfiction,3,£32.35,2026-04-07 10:49:32
Critique of Pure Reason,N/A,Philosophy,1,£20.75,2026-04-07 10:49:34
Booked,N/A,Poetry,5,£17.49,2026-04-07 10:49:35
"Blue Lily, Lily Blue (The Raven Cycle #3)",N/A,Default,5,£34.13,2026-04-07 10:49:37
Approval Junkie: Adventures in Caring Too Much,N/A,Autobiography,5,£58.81,2026-04-07 10:49:39
An Abundance of Katherines,N/A,Young Adult,5,£10.00,2026-04-07 10:49:40
America's War for the Greater Middle East: A Military History,N/A,History,2,£51.22,2026-04-07 10:49:42
Alight (The Generations Trilogy #2),N/A,Default,4,£58.59,2026-04-07 10:49:43
A Girl's Guide to Moving On (New Beginnings #2),N/A,Romance,1,£31.30,2026-04-07 10:49:44
A Game of Thrones (A Song of Ice and Fire #1),N/A,Add a comment,2,£46.42,2026-04-07 10:49:46
A Feast for Crows (A Song of Ice and Fire #4),N/A,Fantasy,4,£17.21,2026-04-07 10:49:47
A Clash of Kings (A Song of Ice and Fire #2),N/A,Add a comment,3,£10.79,2026-04-07 10:49:49
Vogue Colors A to Z: A Fashion Coloring Book,N/A,Default,4,£52.35,2026-04-07 10:49:50
The Shining (The Shining #1),N/A,Default,3,£27.88,2026-04-07 10:49:52
The Pilgrim's Progress,N/A,Classics,2,£50.26,2026-04-07 10:49:54
The Perfect Play (Play by Play #1),N/A,Romance,3,£59.99,2026-04-07 10:49:55
The Passion of Dolssa,N/A,Historical Fiction,5,£28.32,2026-04-07 10:49:57
The Jazz of Physics: The Secret Link Between Music and the Structure of the Universe,N/A,Nonfiction,3,£38.71,2026-04-07 10:49:59
The Hunger Games (The Hunger Games #1),N/A,Default,5,£29.85,2026-04-07 10:50:00
The Hound of the Baskervilles (Sherlock Holmes #5),N/A,Classics,2,£14.82,2026-04-07 10:50:02
The Gunning of America: Business and the Making of American Gun Culture,N/A,Nonfiction,4,£16.81,2026-04-07 10:50:03
The Geography of Bliss: One Grump's Search for the Happiest Places in the World,N/A,Nonfiction,2,£28.23,2026-04-07 10:50:05
The Demonists (Demonist #1),N/A,Fantasy,2,£52.11,2026-04-07 10:50:06
"The Demon Prince of Momochi House, Vol. 4 (The Demon Prince of Momochi House #4)",N/A,Sequential Art,2,£27.88,2026-04-07 10:50:07
The Bone Hunters (Lexy Vaughan & Steven Macaulay #2),N/A,Thriller,3,£59.71,2026-04-07 10:50:08
The Beast (Black Dagger Brotherhood #14),N/A,Fantasy,5,£46.08,2026-04-07 10:50:10
Some Women,N/A,Womens Fiction,5,£13.73,2026-04-07 10:50:12
Shopaholic Ties the Knot (Shopaholic #3),N/A,Womens Fiction,5,£48.39,2026-04-07 10:50:13
Paper and Fire (The Great Library #2),N/A,Fantasy,5,£49.45,2026-04-07 10:50:15
Outlander (Outlander #1),N/A,Default,5,£19.67,2026-04-07 10:50:16
"Orchestra of Exiles: The Story of Bronislaw Huberman, the Israel Philharmonic, and the One Thousand Jews He Saved from Nazi Horrors",N/A,Music,3,£12.36,2026-04-07 10:50:18
No One Here Gets Out Alive,N/A,Music,5,£20.02,2026-04-07 10:50:20
Night Shift (Night Shift #1-20),N/A,Horror,4,£12.75,2026-04-07 10:50:21
Needful Things,N/A,Horror,4,£47.51,2026-04-07 10:50:23
Mockingjay (The Hunger Games #3),N/A,Default,4,£20.44,2026-04-07 10:50:25
Misery,N/A,Horror,2,£34.79,2026-04-07 10:50:26
Little Women (Little Women #1),N/A,Classics,4,£28.07,2026-04-07 10:50:28
It,N/A,Horror,3,£25.01,2026-04-07 10:50:29
Harry Potter and the Sorcerer's Stone (Harry Potter #1),N/A,Default,3,£13.90,2026-04-07 10:50:31
Harry Potter and the Prisoner of Azkaban (Harry Potter #3),N/A,Young Adult,4,£24.17,2026-04-07 10:50:32
Harry Potter and the Order of the Phoenix (Harry Potter #5),N/A,Fantasy,4,£31.63,2026-04-07 10:50:33
Harry Potter and the Half-Blood Prince (Harry Potter #6),N/A,Fantasy,5,£48.75,2026-04-07 10:50:35
Harry Potter and the Chamber of Secrets (Harry Potter #2),N/A,Fantasy,1,£14.74,2026-04-07 10:50:36
Gone with the Wind,N/A,Classics,3,£32.49,2026-04-07 10:50:38
God Is Not Great: How Religion Poisons Everything,N/A,Nonfiction,1,£27.80,2026-04-07 10:50:40
Girl With a Pearl Earring,N/A,Historical Fiction,1,£26.77,2026-04-07 10:50:41
"Fruits Basket, Vol. 4 (Fruits Basket #4)",N/A,Sequential Art,4,£50.44,2026-04-07 10:50:43
Far From True (Promise Falls Trilogy #2),N/A,Thriller,2,£34.93,2026-04-07 10:50:45
Dark Lover (Black Dagger Brotherhood #1),N/A,Romance,1,£12.87,2026-04-07 10:50:46
Confessions of a Shopaholic (Shopaholic #1),N/A,Default,2,£48.94,2026-04-07 10:50:48
Changing the Game (Play by Play #2),N/A,Romance,3,£13.38,2026-04-07 10:50:49
Candide,N/A,Classics,3,£58.63,2026-04-07 10:50:51
Can You Keep a Secret?,N/A,Womens Fiction,1,£21.94,2026-04-07 10:50:53
Atlas Shrugged,N/A,Fiction,5,£26.58,2026-04-07 10:50:54
Animal Farm,N/A,Classics,3,£57.22,2026-04-07 10:50:56
A Walk to Remember,N/A,Romance,1,£56.43,2026-04-07 10:50:57
A New Earth: Awakening to Your Life's Purpose,N/A,Spirituality,5,£55.65,2026-04-07 10:50:59
"A History of God: The 4,000-Year Quest of Judaism, Christianity, and Islam",N/A,Religion,1,£27.62,2026-04-07 10:51:00
'Salem's Lot,N/A,Horror,4,£49.56,2026-04-07 10:51:02
Zero History (Blue Ant #3),N/A,Default,1,£34.77,2026-04-07 10:51:03
Wuthering Heights,N/A,Classics,3,£17.73,2026-04-07 10:51:05
World War Z: An Oral History of the Zombie War,N/A,Default,1,£21.80,2026-04-07 10:51:06
Wild: From Lost to Found on the Pacific Crest Trail,N/A,Default,3,£46.02,2026-04-07 10:51:08
"Where'd You Go, Bernadette",N/A,Default,1,£18.13,2026-04-07 10:51:09
When You Are Engulfed in Flames,N/A,Humor,5,£30.89,2026-04-07 10:51:11
We the People: The Modern-Day Figures Who Have Reshaped and Affirmed the Founding Fathers' Vision of America,N/A,Nonfiction,3,£31.95,2026-04-07 10:51:12
We Are All Completely Beside Ourselves,N/A,Contemporary,1,£24.04,2026-04-07 10:51:14
Walk the Edge (Thunder Road #2),N/A,Young Adult,3,£32.36,2026-04-07 10:51:16
Voyager (Outlander #3),N/A,Historical Fiction,5,£21.07,2026-04-07 10:51:17
Very Good Lives: The Fringe Benefits of Failure and the Importance of Imagination,N/A,Nonfiction,3,£50.66,2026-04-07 10:51:18
Vegan Vegetarian Omnivore: Dinner for Everyone at the Table,N/A,Food and Drink,2,£13.66,2026-04-07 10:51:20
"Unstuffed: Decluttering Your Home, Mind, and Soul",N/A,Nonfiction,1,£58.09,2026-04-07 10:51:21
Under the Banner of Heaven: A Story of Violent Faith,N/A,Nonfiction,1,£30.00,2026-04-07 10:51:23
Two Boys Kissing,N/A,Young Adult,2,£32.74,2026-04-07 10:51:24
Twilight (Twilight #1),N/A,Default,2,£41.93,2026-04-07 10:51:26
Twenties Girl,N/A,Womens Fiction,2,£42.80,2026-04-07 10:51:28
"Trespassing Across America: One Man's Epic, Never-Done-Before (and Sort of Illegal) Hike Across the Heartland",N/A,Nonfiction,1,£53.51,2026-04-07 10:51:30
Three-Martini Lunch,N/A,Fiction,3,£23.21,2026-04-07 10:51:31
"Thinking, Fast and Slow",N/A,Psychology,1,£21.14,2026-04-07 10:51:33
The Wild Robot,N/A,Childrens,3,£56.07,2026-04-07 10:51:34
"The Wicked + The Divine, Vol. 3: Commercial Suicide (The Wicked + The Divine)",N/A,Sequential Art,3,£14.41,2026-04-07 10:51:36
The Undomestic Goddess,N/A,Womens Fiction,4,£45.75,2026-04-07 10:51:38
The Travelers,N/A,Thriller,1,£15.77,2026-04-07 10:51:39
The Tipping Point: How Little Things Can Make a Big Difference,N/A,Add a comment,2,£10.02,2026-04-07 10:51:40
The Thing About Jellyfish,N/A,Childrens,1,£48.77,2026-04-07 10:51:42
The Stand,N/A,Horror,2,£57.86,2026-04-07 10:51:43
The Smitten Kitchen Cookbook,N/A,Food and Drink,1,£23.59,2026-04-07 10:51:44
The Silkworm (Cormoran Strike #2),N/A,Mystery,5,£23.05,2026-04-07 10:51:46
"The Sandman, Vol. 3: Dream Country (The Sandman (volumes) #3)",N/A,Sequential Art,5,£55.55,2026-04-07 10:51:47
The Rose & the Dagger (The Wrath and the Dawn #2),N/A,Fantasy,4,£58.64,2026-04-07 10:51:49
The Road to Little Dribbling: Adventures of an American in Britain (Notes From a Small Island #2),N/A,Travel,1,£23.21,2026-04-07 10:51:50
The Rise of Theodore Roosevelt (Theodore Roosevelt #1),N/A,Biography,3,£42.57,2026-04-07 10:51:52
The Restaurant at the End of the Universe (Hitchhiker's Guide to the Galaxy #2),N/A,Science Fiction,1,£10.92,2026-04-07 10:51:54
The Rest Is Noise: Listening to the Twentieth Century,N/A,Add a comment,1,£34.77,2026-04-07 10:51:56
The Red Tent,N/A,Historical Fiction,5,£35.66,2026-04-07 10:51:57
The Purpose Driven Life: What on Earth Am I Here for?,N/A,Add a comment,3,£37.19,2026-04-07 10:51:59
The Purest Hook (Second Circle Tattoos #3),N/A,Romance,1,£12.25,2026-04-07 10:52:01
The Picture of Dorian Gray,N/A,Classics,2,£29.70,2026-04-07 10:52:02
The Paris Wife,N/A,Default,3,£36.80,2026-04-07 10:52:03
The Obsession,N/A,Romance,1,£45.43,2026-04-07 10:52:05
The Nightingale,N/A,Fiction,4,£26.26,2026-04-07 10:52:06
The New Guy (and Other Senior Year Distractions),N/A,Young Adult,3,£44.92,2026-04-07 10:52:08
The Nanny Diaries (Nanny #1),N/A,Womens Fiction,5,£52.53,2026-04-07 10:52:09
The Name of God is Mercy,N/A,Nonfiction,2,£37.25,2026-04-07 10:52:11
The Maze Runner (The Maze Runner #1),N/A,Default,1,£20.93,2026-04-07 10:52:13
The Lover's Dictionary,N/A,Default,2,£58.09,2026-04-07 10:52:15
The Lonely Ones,N/A,Childrens,5,£43.59,2026-04-07 10:52:16
The Lean Startup: How Today's Entrepreneurs Use Continuous Innovation to Create Radically Successful Businesses,N/A,Business,3,£33.92,2026-04-07 10:52:18
The Last Painting of Sara de Vos,N/A,Historical Fiction,2,£55.55,2026-04-07 10:52:19
"The Land of 10,000 Madonnas",N/A,Young Adult,4,£29.64,2026-04-07 10:52:21
The Infinities,N/A,Fiction,1,£27.41,2026-04-07 10:52:22
The Husband's Secret,N/A,Fiction,5,£52.51,2026-04-07 10:52:24
The Hitchhiker's Guide to the Galaxy (Hitchhiker's Guide to the Galaxy #1),N/A,Add a comment,3,£47.80,2026-04-07 10:52:25
The Guns of August,N/A,History,2,£14.54,2026-04-07 10:52:27
The Guernsey Literary and Potato Peel Pie Society,N/A,Historical Fiction,1,£49.53,2026-04-07 10:52:28
The Goldfinch,N/A,Default,3,£43.58,2026-04-07 10:52:30
The Giver (The Giver Quartet #1),N/A,Default,1,£12.30,2026-04-07 10:52:31
The Girl with All the Gifts,N/A,Horror,3,£49.47,2026-04-07 10:52:33
The Girl Who Played with Fire (Millennium Trilogy #2),N/A,Default,2,£22.14,2026-04-07 10:52:35
The Girl Who Kicked the Hornet's Nest (Millennium Trilogy #3),N/A,Add a comment,1,£57.48,2026-04-07 10:52:36
The Exiled,N/A,Mystery,3,£43.45,2026-04-07 10:52:38
"The End of Faith: Religion, Terror, and the Future of Reason",N/A,Add a comment,4,£22.13,2026-04-07 10:52:39
"The Elegant Universe: Superstrings, Hidden Dimensions, and the Quest for the Ultimate Theory",N/A,Science,4,£13.03,2026-04-07 10:52:41
"The Disappearing Spoon: And Other True Tales of Madness, Love, and the History of the World from the Periodic Table of the Elements",N/A,Science,5,£57.35,2026-04-07 10:52:42
The Devil Wears Prada (The Devil Wears Prada #1),N/A,Womens Fiction,1,£44.29,2026-04-07 10:52:44
The Demon-Haunted World: Science as a Candle in the Dark,N/A,Default,4,£52.25,2026-04-07 10:52:45
The Day the Crayons Came Home (Crayons),N/A,Childrens,5,£26.33,2026-04-07 10:52:47
The Da Vinci Code (Robert Langdon #2),N/A,Fiction,2,£22.96,2026-04-07 10:52:48
The Cuckoo's Calling (Cormoran Strike #1),N/A,Mystery,1,£19.21,2026-04-07 10:52:50
The Complete Stories and Poems (The Works of Edgar Allan Poe [Cameo Edition]),N/A,Classics,4,£26.78,2026-04-07 10:52:51
The Complete Poems,N/A,Add a comment,5,£41.32,2026-04-07 10:52:53
The Catcher in the Rye,N/A,Add a comment,1,£24.55,2026-04-07 10:52:55
The Cat in the Hat (Beginner Books B-1),N/A,Childrens,2,£16.26,2026-04-07 10:52:56
The Case for Christ (Cases for Christianity),N/A,Add a comment,1,£47.84,2026-04-07 10:52:58
The Book Thief,N/A,Default,2,£53.49,2026-04-07 10:53:00
The Book of Basketball: The NBA According to The Sports Guy,N/A,Sports and Games,5,£44.84,2026-04-07 10:53:01
The Blind Side: Evolution of a Game,N/A,Add a comment,5,£53.71,2026-04-07 10:53:03
The Autobiography of Malcolm X,N/A,Default,2,£23.43,2026-04-07 10:53:05
"The Art of Simple Food: Notes, Lessons, and Recipes from a Delicious Revolution",N/A,Food and Drink,3,£34.32,2026-04-07 10:53:06
The Art of Fielding,N/A,Fiction,1,£22.10,2026-04-07 10:53:07
"Surely You're Joking, Mr. Feynman!: Adventures of a Curious Character",N/A,Science,2,£25.83,2026-04-07 10:53:09
Stiff: The Curious Lives of Human Cadavers,N/A,Nonfiction,3,£36.74,2026-04-07 10:53:11
Spilled Milk: Based on a True Story,N/A,Nonfiction,1,£49.51,2026-04-07 10:53:13
Something Borrowed (Darcy & Rachel #1),N/A,Womens Fiction,5,£48.96,2026-04-07 10:53:14
Something Blue (Darcy & Rachel #2),N/A,Womens Fiction,1,£54.62,2026-04-07 10:53:15
Soldier (Talon #3),N/A,Fantasy,2,£24.72,2026-04-07 10:53:17
Shopaholic & Baby (Shopaholic #5),N/A,Default,2,£46.45,2026-04-07 10:53:18
Seven Days in the Art World,N/A,Add a comment,2,£52.33,2026-04-07 10:53:20
Seven Brief Lessons on Physics,N/A,Science,4,£30.60,2026-04-07 10:53:21
Scarlet (The Lunar Chronicles #2),N/A,Young Adult,4,£14.57,2026-04-07 10:53:23
Sarah's Key,N/A,Add a comment,1,£46.29,2026-04-07 10:53:25
"Saga, Volume 3 (Saga (Collected Editions) #3)",N/A,Sequential Art,5,£21.57,2026-04-07 10:53:26
Running with Scissors,N/A,Autobiography,4,£12.91,2026-04-07 10:53:28
Rogue Lawyer (Rogue Lawyer #1),N/A,Add a comment,3,£50.11,2026-04-07 10:53:30
"Rise of the Rocket Girls: The Women Who Propelled Us, from Missiles to the Moon to Mars",N/A,Nonfiction,4,£41.67,2026-04-07 10:53:31
Rework,N/A,Business,2,£44.88,2026-04-07 10:53:33
Reservations for Two,N/A,Romance,3,£11.10,2026-04-07 10:53:34
Red: The True Story of Red Riding Hood,N/A,Childrens,3,£28.54,2026-04-07 10:53:36
Ready Player One,N/A,Science Fiction,4,£19.07,2026-04-07 10:53:37
Quiet: The Power of Introverts in a World That Can't Stop Talking,N/A,Default,1,£43.55,2026-04-07 10:53:39
Prodigy: The Graphic Novel (Legend: The Graphic Novel #2),N/A,Sequential Art,3,£43.63,2026-04-07 10:53:40
Persepolis: The Story of a Childhood (Persepolis #1-2),N/A,Sequential Art,1,£39.13,2026-04-07 10:53:42
Packing for Mars: The Curious Science of Life in the Void,N/A,Default,2,£56.68,2026-04-07 10:53:43
Outliers: The Story of Success,N/A,Nonfiction,1,£14.16,2026-04-07 10:53:45
Original Fake,N/A,Sequential Art,3,£31.45,2026-04-07 10:53:47
Orange Is the New Black,N/A,Default,2,£24.61,2026-04-07 10:53:48
One for the Money (Stephanie Plum #1),N/A,Default,2,£32.87,2026-04-07 10:53:50
Notes from a Small Island (Notes From a Small Island #1),N/A,Nonfiction,1,£40.17,2026-04-07 10:53:52
Night (The Night Trilogy #1),N/A,Nonfiction,1,£13.51,2026-04-07 10:53:54
Neither Here nor There: Travels in Europe,N/A,Travel,3,£38.95,2026-04-07 10:53:55
Naked,N/A,Humor,3,£31.69,2026-04-07 10:53:57
Morning Star (Red Rising #3),N/A,Default,1,£29.40,2026-04-07 10:53:59
"Miracles from Heaven: A Little Girl, Her Journey to Heaven, and Her Amazing Story of Healing",N/A,Nonfiction,1,£57.83,2026-04-07 10:54:00
Midnight Riot (Peter Grant/ Rivers of London - books #1),N/A,Fantasy,2,£55.46,2026-04-07 10:54:02
Me Talk Pretty One Day,N/A,Autobiography,2,£57.60,2026-04-07 10:54:03
Manuscript Found in Accra,N/A,Add a comment,2,£34.98,2026-04-07 10:54:04
Lust & Wonder,N/A,Autobiography,2,£11.87,2026-04-07 10:54:06
Lila (Gilead #3),N/A,Fiction,3,£12.47,2026-04-07 10:54:07
"Life, the Universe and Everything (Hitchhiker's Guide to the Galaxy #3)",N/A,Science Fiction,2,£33.26,2026-04-07 10:54:09
Life Without a Recipe,N/A,Autobiography,5,£59.04,2026-04-07 10:54:11
Life After Life,N/A,Default,2,£26.13,2026-04-07 10:54:13
Letter to a Christian Nation,N/A,Nonfiction,1,£22.20,2026-04-07 10:54:14
Let's Pretend This Never Happened: A Mostly True Memoir,N/A,Nonfiction,1,£45.11,2026-04-07 10:54:16
Legend (Legend #1),N/A,Young Adult,4,£43.69,2026-04-07 10:54:18
"Lean In: Women, Work, and the Will to Lead",N/A,Default,1,£25.02,2026-04-07 10:54:19
"Lamb: The Gospel According to Biff, Christ's Childhood Pal",N/A,Humor,5,£55.50,2026-04-07 10:54:21
Lady Renegades (Rebel Belle #3),N/A,Young Adult,5,£53.04,2026-04-07 10:54:22
Jurassic Park (Jurassic Park #1),N/A,Fiction,1,£44.97,2026-04-07 10:54:24
It's Never Too Late to Begin Again: Discovering Creativity and Meaning at Midlife and Beyond,N/A,Nonfiction,1,£42.38,2026-04-07 10:54:25
Is Everyone Hanging Out Without Me? (And Other Concerns),N/A,Default,3,£20.11,2026-04-07 10:54:27
Into the Wild,N/A,Nonfiction,5,£56.70,2026-04-07 10:54:29
Inferno (Robert Langdon #4),N/A,Fiction,5,£41.00,2026-04-07 10:54:30
"In the Garden of Beasts: Love, Terror, and an American Family in Hitler's Berlin",N/A,Nonfiction,3,£28.85,2026-04-07 10:54:32
If I Run (If I Run #1),N/A,Christian Fiction,4,£49.97,2026-04-07 10:54:33
I've Got Your Number,N/A,Womens Fiction,1,£19.69,2026-04-07 10:54:35
I Am Malala: The Girl Who Stood Up for Education and Was Shot by the Taliban,N/A,Nonfiction,2,£28.88,2026-04-07 10:54:37
Hungry Girl Clean & Hungry: Easy All-Natural Recipes for Healthy Eating in the Real World,N/A,Food and Drink,3,£33.14,2026-04-07 10:54:39
"House of Lost Worlds: Dinosaurs, Dynasties, and the Story of Life on Earth",N/A,History,2,£43.70,2026-04-07 10:54:40
House of Leaves,N/A,Horror,1,£54.89,2026-04-07 10:54:42
Horrible Bear!,N/A,Childrens,2,£37.52,2026-04-07 10:54:44
Holidays on Ice,N/A,Humor,2,£51.07,2026-04-07 10:54:46
Heir to the Sky,N/A,Fantasy,4,£44.07,2026-04-07 10:54:47
Green Eggs and Ham (Beginner Books B-16),N/A,Childrens,4,£10.79,2026-04-07 10:54:48
"Grayson, Vol 3: Nemesis (Grayson #3)",N/A,Sequential Art,1,£42.72,2026-04-07 10:54:50
Gratitude,N/A,Nonfiction,5,£26.66,2026-04-07 10:54:51
Gone Girl,N/A,Default,5,£37.60,2026-04-07 10:54:53
Golden (Heart of Dread #3),N/A,Young Adult,4,£42.21,2026-04-07 10:54:55
Girl in the Blue Coat,N/A,Historical Fiction,2,£46.83,2026-04-07 10:54:56
"Fruits Basket, Vol. 3 (Fruits Basket #3)",N/A,Sequential Art,2,£45.17,2026-04-07 10:54:58
"Friday Night Lights: A Town, a Team, and a Dream",N/A,Sports and Games,3,£51.22,2026-04-07 10:55:00
Fire Bound (Sea Haven/Sisters of the Heart #5),N/A,Add a comment,4,£21.28,2026-04-07 10:55:02
Fifty Shades Freed (Fifty Shades #3),N/A,Adult Fiction,5,£15.36,2026-04-07 10:55:03
Fellside,N/A,Default,1,£38.62,2026-04-07 10:55:04
Extreme Prey (Lucas Davenport #26),N/A,Mystery,3,£25.40,2026-04-07 10:55:06
Eragon (The Inheritance Cycle #1),N/A,Fantasy,3,£43.87,2026-04-07 10:55:07
Eclipse (Twilight #3),N/A,Default,1,£18.74,2026-04-07 10:55:09
Dune (Dune #1),N/A,Science Fiction,1,£54.86,2026-04-07 10:55:10
Dracula,N/A,Default,3,£52.62,2026-04-07 10:55:12
Do Androids Dream of Electric Sheep? (Blade Runner #1),N/A,Science Fiction,1,£51.48,2026-04-07 10:55:13
Disrupted: My Misadventure in the Start-Up Bubble,N/A,Nonfiction,5,£15.28,2026-04-07 10:55:15
Dead Wake: The Last Crossing of the Lusitania,N/A,Default,5,£39.24,2026-04-07 10:55:16
"David and Goliath: Underdogs, Misfits, and the Art of Battling Giants",N/A,Default,1,£17.81,2026-04-07 10:55:18
Darkfever (Fever #1),N/A,Fantasy,1,£56.02,2026-04-07 10:55:19
Dark Places,N/A,Default,5,£23.90,2026-04-07 10:55:21
Crazy Rich Asians (Crazy Rich Asians #1),N/A,Fiction,5,£49.13,2026-04-07 10:55:22
Counting Thyme,N/A,Childrens,1,£10.62,2026-04-07 10:55:24
Cosmos,N/A,Add a comment,2,£36.17,2026-04-07 10:55:26
Civilization and Its Discontents,N/A,Psychology,2,£59.95,2026-04-07 10:55:28
Cinder (The Lunar Chronicles #1),N/A,Young Adult,1,£26.09,2026-04-07 10:55:29
Catastrophic Happiness: Finding Joy in Childhood's Messy Years,N/A,Parenting,2,£37.35,2026-04-07 10:55:31
Career of Evil (Cormoran Strike #3),N/A,Mystery,2,£24.72,2026-04-07 10:55:32
Breaking Dawn (Twilight #4),N/A,Default,5,£35.28,2026-04-07 10:55:34
Brave Enough,N/A,Nonfiction,5,£51.32,2026-04-07 10:55:35
Boy Meets Boy,N/A,Young Adult,3,£21.12,2026-04-07 10:55:37
"Born to Run: A Hidden Tribe, Superathletes, and the Greatest Race the World Has Never Seen",N/A,Nonfiction,2,£27.35,2026-04-07 10:55:39
Blink: The Power of Thinking Without Thinking,N/A,Nonfiction,5,£21.74,2026-04-07 10:55:40
Black Flags: The Rise of ISIS,N/A,Nonfiction,1,£40.87,2026-04-07 10:55:42
"Black Butler, Vol. 1 (Black Butler #1)",N/A,Sequential Art,1,£49.31,2026-04-07 10:55:44
Big Little Lies,N/A,Fiction,1,£22.11,2026-04-07 10:55:45
Between Shades of Gray,N/A,Historical Fiction,5,£20.79,2026-04-07 10:55:47
Best of My Love (Fool's Gold #20),N/A,Romance,2,£27.41,2026-04-07 10:55:48
Beowulf,N/A,Classics,2,£38.35,2026-04-07 10:55:50
Beautiful Creatures (Caster Chronicles #1),N/A,Default,5,£21.55,2026-04-07 10:55:51
Awkward,N/A,Sequential Art,2,£38.02,2026-04-07 10:55:53
Ash,N/A,Fantasy,4,£22.06,2026-04-07 10:55:55
Are We There Yet?,N/A,Childrens,3,£10.66,2026-04-07 10:55:57
Are We Smart Enough to Know How Smart Animals Are?,N/A,Nonfiction,1,£56.58,2026-04-07 10:55:58
Annie on My Mind,N/A,Young Adult,5,£36.83,2026-04-07 10:55:59
And Then There Were None,N/A,Classics,2,£35.01,2026-04-07 10:56:01
A Walk in the Woods: Rediscovering America on the Appalachian Trail,N/A,Nonfiction,4,£30.48,2026-04-07 10:56:02
A Visit from the Goon Squad,N/A,Default,5,£14.08,2026-04-07 10:56:04
A Storm of Swords (A Song of Ice and Fire #3),N/A,Fantasy,2,£31.22,2026-04-07 10:56:06
A Heartbreaking Work of Staggering Genius,N/A,Autobiography,5,£54.29,2026-04-07 10:56:07
8 Keys to Mental Health Through Exercise,N/A,Psychology,1,£31.04,2026-04-07 10:56:09
#GIRLBOSS,N/A,Add a comment,1,£50.96,2026-04-07 10:56:10
"The Suffragettes (Little Black Classics, #96)",N/A,Nonfiction,2,£11.89,2026-04-07 10:56:12
The Sense of an Ending,N/A,Add a comment,3,£31.38,2026-04-07 10:56:13
"The Sandman, Vol. 2: The Doll's House (The Sandman (volumes) #2)",N/A,Sequential Art,1,£54.81,2026-04-07 10:56:15
The Course of Love,N/A,Fiction,3,£16.78,2026-04-07 10:56:16
Sugar Rush (Offensive Line #2),N/A,Sports and Games,1,£24.42,2026-04-07 10:56:18
"Saga, Volume 2 (Saga (Collected Editions) #2)",N/A,Sequential Art,3,£11.75,2026-04-07 10:56:19
"Run, Spot, Run: The Ethics of Keeping Pets",N/A,Philosophy,1,£20.02,2026-04-07 10:56:21
New Moon (Twilight #2),N/A,Young Adult,4,£12.86,2026-04-07 10:56:22
Life,N/A,Music,5,£31.58,2026-04-07 10:56:23
Kindle Paperwhite User's Guide,N/A,Nonfiction,3,£34.00,2026-04-07 10:56:25
H is for Hawk,N/A,Nonfiction,5,£57.42,2026-04-07 10:56:27
Girl Online On Tour (Girl Online #2),N/A,Young Adult,1,£53.47,2026-04-07 10:56:28
"Fruits Basket, Vol. 2 (Fruits Basket #2)",N/A,Sequential Art,5,£11.64,2026-04-07 10:56:29
Diary of a Minecraft Zombie Book 1: A Scare of a Dare (An Unofficial Minecraft Book),N/A,Childrens,4,£52.88,2026-04-07 10:56:31
"Y: The Last Man, Vol. 1: Unmanned (Y: The Last Man #1)",N/A,Sequential Art,4,£18.51,2026-04-07 10:56:33
While You Were Mine,N/A,Historical Fiction,5,£41.32,2026-04-07 10:56:34
Where Lightning Strikes (Bleeding Stars #3),N/A,Romance,3,£39.77,2026-04-07 10:56:36
When I'm Gone,N/A,Fiction,3,£51.96,2026-04-07 10:56:37
Ways of Seeing,N/A,Art,5,£39.51,2026-04-07 10:56:39
"Vampire Knight, Vol. 1 (Vampire Knight #1)",N/A,Paranormal,1,£15.40,2026-04-07 10:56:41
Vampire Girl (Vampire Girl #1),N/A,Fantasy,2,£53.82,2026-04-07 10:56:42
Twenty Love Poems and a Song of Despair,N/A,Poetry,4,£30.95,2026-04-07 10:56:44
Travels with Charley: In Search of America,N/A,Nonfiction,5,£57.82,2026-04-07 10:56:45
Three Wishes (River of Time: California #1),N/A,Science Fiction,2,£44.18,2026-04-07 10:56:47
This One Moment (Pushing Limits #1),N/A,Romance,1,£48.71,2026-04-07 10:56:48
The Zombie Room,N/A,Default,5,£19.69,2026-04-07 10:56:49
"The Wicked + The Divine, Vol. 1: The Faust Act (The Wicked + The Divine)",N/A,Sequential Art,2,£36.52,2026-04-07 10:56:51
The Tumor,N/A,Nonfiction,5,£41.56,2026-04-07 10:56:53
The Story of Hong Gildong,N/A,Classics,4,£43.19,2026-04-07 10:56:55
The Silent Wife,N/A,Fiction,5,£12.34,2026-04-07 10:56:56
The Silent Twin (Detective Jennifer Knight #3),N/A,Fantasy,3,£36.25,2026-04-07 10:56:58
The Selfish Gene,N/A,Science,1,£29.45,2026-04-07 10:56:59
The Secret Healer,N/A,Historical Fiction,3,£34.56,2026-04-07 10:57:01
"The Sandman, Vol. 1: Preludes and Nocturnes (The Sandman (volumes) #1)",N/A,Sequential Art,3,£54.12,2026-04-07 10:57:03
The Republic,N/A,Add a comment,3,£33.78,2026-04-07 10:57:04
The Odyssey,N/A,Add a comment,3,£29.64,2026-04-07 10:57:06
The No. 1 Ladies' Detective Agency (No. 1 Ladies' Detective Agency #1),N/A,Mystery,4,£57.70,2026-04-07 10:57:07
The Nicomachean Ethics,N/A,Philosophy,1,£36.34,2026-04-07 10:57:09
The Name of the Wind (The Kingkiller Chronicle #1),N/A,Default,3,£50.59,2026-04-07 10:57:10
The Mirror & the Maze (The Wrath and the Dawn #1.5),N/A,Fantasy,1,£29.38,2026-04-07 10:57:11
The Little Prince,N/A,Classics,2,£45.42,2026-04-07 10:57:13
The Light of the Fireflies,N/A,Add a comment,1,£54.43,2026-04-07 10:57:14
The Last Girl (The Dominion Trilogy #1),N/A,Science Fiction,2,£36.26,2026-04-07 10:57:16
The Iliad,N/A,Add a comment,1,£16.16,2026-04-07 10:57:18
The Hook Up (Game On #1),N/A,New Adult,5,£36.29,2026-04-07 10:57:19
The Haters,N/A,Young Adult,5,£27.89,2026-04-07 10:57:21
The Girl You Lost,N/A,Mystery,5,£12.29,2026-04-07 10:57:23
The Girl In The Ice (DCI Erika Foster #1),N/A,Mystery,3,£15.85,2026-04-07 10:57:24
The End of the Jesus Era (An Investigation #1),N/A,Nonfiction,1,£14.40,2026-04-07 10:57:26
The Edge of Reason (Bridget Jones #2),N/A,Womens Fiction,4,£19.18,2026-04-07 10:57:28
The Complete Maus (Maus #1-2),N/A,Sequential Art,3,£10.64,2026-04-07 10:57:29
The Communist Manifesto,N/A,Add a comment,3,£14.76,2026-04-07 10:57:31
The Bhagavad Gita,N/A,Religion,3,£57.49,2026-04-07 10:57:32
The Bette Davis Club,N/A,Fiction,3,£30.66,2026-04-07 10:57:34
The Art of Not Breathing,N/A,Young Adult,4,£40.83,2026-04-07 10:57:35
Taking Shots (Assassins #1),N/A,Default,2,£18.88,2026-04-07 10:57:37
Starlark,N/A,Historical Fiction,3,£25.83,2026-04-07 10:57:38
"Skip Beat!, Vol. 01 (Skip Beat! #1)",N/A,Sequential Art,3,£42.12,2026-04-07 10:57:40
Sister Sable (The Mad Queen #1),N/A,Fantasy,3,£13.33,2026-04-07 10:57:41
Shatter Me (Shatter Me #1),N/A,Default,1,£42.40,2026-04-07 10:57:43
Shameless,N/A,New Adult,3,£58.35,2026-04-07 10:57:45
Shadow Rites (Jane Yellowrock #10),N/A,Fantasy,4,£21.72,2026-04-07 10:57:46
Settling the Score (The Summer Games #1),N/A,Sports and Games,2,£44.91,2026-04-07 10:57:48
Sense and Sensibility,N/A,Classics,1,£37.46,2026-04-07 10:57:50
"Saga, Volume 1 (Saga (Collected Editions) #1)",N/A,Sequential Art,1,£28.48,2026-04-07 10:57:52
"Rhythm, Chord & Malykhin",N/A,Romance,2,£28.34,2026-04-07 10:57:53
"Rat Queens, Vol. 1: Sass & Sorcery (Rat Queens (Collected Editions) #1-5)",N/A,Sequential Art,5,£46.96,2026-04-07 10:57:55
Paradise Lost (Paradise #1),N/A,Default,1,£24.96,2026-04-07 10:57:56
"Paper Girls, Vol. 1 (Paper Girls #1-5)",N/A,Sequential Art,4,£21.71,2026-04-07 10:57:58
"Ouran High School Host Club, Vol. 1 (Ouran High School Host Club #1)",N/A,Sequential Art,3,£29.87,2026-04-07 10:57:59
Origins (Alphas 0.5),N/A,Fantasy,1,£28.99,2026-04-07 10:58:01
One Second (Seven #7),N/A,Fantasy,2,£52.94,2026-04-07 10:58:02
On the Road (Duluoz Legend),N/A,Default,3,£32.36,2026-04-07 10:58:03
Old Records Never Die: One Man's Quest for His Vinyl and His Past,N/A,Music,2,£55.66,2026-04-07 10:58:05
Off Sides (Off #1),N/A,New Adult,5,£39.45,2026-04-07 10:58:07
Of Mice and Men,N/A,Classics,2,£47.11,2026-04-07 10:58:09
Myriad (Prentor #1),N/A,Fantasy,4,£58.75,2026-04-07 10:58:10
My Perfect Mistake (Over the Top #1),N/A,Romance,2,£38.92,2026-04-07 10:58:11
"Ms. Marvel, Vol. 1: No Normal (Ms. Marvel (2014-2015) #1)",N/A,Sequential Art,4,£39.39,2026-04-07 10:58:13
Meditations,N/A,Philosophy,2,£25.89,2026-04-07 10:58:15
Matilda,N/A,Childrens,1,£28.34,2026-04-07 10:58:17
Lost Among the Living,N/A,Historical Fiction,4,£27.70,2026-04-07 10:58:18
Lord of the Flies,N/A,Add a comment,3,£24.89,2026-04-07 10:58:20
Listen to Me (Fusion #1),N/A,Romance,3,£58.99,2026-04-07 10:58:21
Kitchens of the Great Midwest,N/A,Fiction,5,£57.20,2026-04-07 10:58:23
Jane Eyre,N/A,Default,5,£38.43,2026-04-07 10:58:24
Imperfect Harmony,N/A,Romance,4,£34.74,2026-04-07 10:58:26
Icing (Aces Hockey #2),N/A,Sports and Games,4,£40.44,2026-04-07 10:58:28
"Hawkeye, Vol. 1: My Life as a Weapon (Hawkeye #1)",N/A,Sequential Art,3,£45.24,2026-04-07 10:58:29
Having the Barbarian's Baby (Ice Planet Barbarians #7.5),N/A,Science Fiction,4,£34.96,2026-04-07 10:58:31
"Giant Days, Vol. 1 (Giant Days #1-4)",N/A,Sequential Art,4,£56.76,2026-04-07 10:58:33
"Fruits Basket, Vol. 1 (Fruits Basket #1)",N/A,Sequential Art,5,£40.28,2026-04-07 10:58:34
Frankenstein,N/A,Default,2,£38.00,2026-04-07 10:58:36
Forever Rockers (The Rocker #12),N/A,Music,3,£28.80,2026-04-07 10:58:38
Fighting Fate (Fighting #6),N/A,Romance,3,£39.24,2026-04-07 10:58:39
Emma,N/A,Classics,2,£32.93,2026-04-07 10:58:41
"Eat, Pray, Love",N/A,Nonfiction,3,£51.32,2026-04-07 10:58:42
Deep Under (Walker Security #1),N/A,Romance,5,£47.09,2026-04-07 10:58:44
Choosing Our Religion: The Spiritual Lives of America's Nones,N/A,Religion,4,£28.42,2026-04-07 10:58:45
Charlie and the Chocolate Factory (Charlie Bucket #1),N/A,Childrens,3,£22.85,2026-04-07 10:58:47
Charity's Cross (Charles Towne Belles #4),N/A,Romance,1,£41.24,2026-04-07 10:58:48
Bright Lines,N/A,Fiction,5,£39.07,2026-04-07 10:58:50
Bridget Jones's Diary (Bridget Jones #1),N/A,Womens Fiction,1,£29.82,2026-04-07 10:58:52
Bounty (Colorado Mountain #7),N/A,Romance,4,£37.26,2026-04-07 10:58:53
Blood Defense (Samantha Brinkman #1),N/A,Mystery,3,£20.30,2026-04-07 10:58:55
"Bleach, Vol. 1: Strawberry and the Soul Reapers (Bleach #1)",N/A,Sequential Art,5,£34.65,2026-04-07 10:58:56
Beyond Good and Evil,N/A,Philosophy,1,£43.38,2026-04-07 10:58:58
Alice in Wonderland (Alice's Adventures in Wonderland #1),N/A,Classics,1,£55.53,2026-04-07 10:58:59
"Ajin: Demi-Human, Volume 1 (Ajin: Demi-Human #1)",N/A,Sequential Art,4,£57.06,2026-04-07 10:59:01
A Spy's Devotion (The Regency Spies of London #1),N/A,Historical Fiction,5,£16.97,2026-04-07 10:59:03
1st to Die (Women's Murder Club #1),N/A,Mystery,1,£53.98,2026-04-07 10:59:04
"1,000 Places to See Before You Die",N/A,Travel,5,£26.08,2026-04-07 10:59:05
A Light in the Attic,N/A,Poetry,3,£51.77,2026-04-08 18:47:25
Tipping the Velvet,N/A,Historical Fiction,1,£53.74,2026-04-08 18:47:26
Soumission,N/A,Fiction,1,£50.10,2026-04-08 18:47:27
Sharp Objects,N/A,Mystery,4,£47.82,2026-04-08 18:47:28
Sapiens: A Brief History of Humankind,N/A,History,5,£54.23,2026-04-08 18:47:29
The Requiem Red,N/A,Young Adult,1,£22.65,2026-04-08 18:47:30
The Dirty Little Secrets of Getting Your Dream Job,N/A,Business,4,£33.34,2026-04-08 18:47:31
"The Coming Woman: A Novel Based on the Life of the Infamous Feminist, Victoria Woodhull",N/A,Default,3,£17.93,2026-04-08 18:47:32
The Boys in the Boat: Nine Americans and Their Epic Quest for Gold at the 1936 Berlin Olympics,N/A,Default,4,£22.60,2026-04-08 18:47:33
The Black Maria,N/A,Poetry,1,£52.15,2026-04-08 18:47:34
"Starving Hearts (Triangular Trade Trilogy, #1)",N/A,Default,2,£13.99,2026-04-08 18:47:35
Shakespeare's Sonnets,N/A,Poetry,4,£20.66,2026-04-08 18:47:36
Set Me Free,N/A,Young Adult,5,£17.46,2026-04-08 18:47:37
Scott Pilgrim's Precious Little Life (Scott Pilgrim #1),N/A,Sequential Art,5,£52.29,2026-04-08 18:47:38
Rip it Up and Start Again,N/A,Music,5,£35.02,2026-04-08 18:47:39
"Our Band Could Be Your Life: Scenes from the American Indie Underground, 1981-1991",N/A,Music,3,£57.25,2026-04-08 18:47:40
Olio,N/A,Poetry,1,£23.88,2026-04-08 18:47:41
Mesaerion: The Best Science Fiction Stories 1800-1849,N/A,Science Fiction,1,£37.59,2026-04-08 18:47:42
Libertarianism for Beginners,N/A,Politics,2,£51.33,2026-04-08 18:47:43
It's Only the Himalayas,N/A,Travel,2,£45.17,2026-04-08 18:47:45
In Her Wake,N/A,Thriller,1,£12.84,2026-04-08 18:47:46
How Music Works,N/A,Music,2,£37.32,2026-04-08 18:47:47
"Foolproof Preserving: A Guide to Small Batch Jams, Jellies, Pickles, Condiments, and More: A Foolproof Guide to Making Small Batch Jams, Jellies, Pickles, Condiments, and More",N/A,Food and Drink,3,£30.52,2026-04-08 18:47:48
Chase Me (Paris Nights #2),N/A,Romance,5,£25.27,2026-04-08 18:47:49
Black Dust,N/A,Romance,5,£34.53,2026-04-08 18:47:50
Birdsong: A Story in Pictures,N/A,Childrens,3,£54.64,2026-04-08 18:47:51
America's Cradle of Quarterbacks: Western Pennsylvania's Football Factory from Johnny Unitas to Joe Montana,N/A,Default,3,£22.50,2026-04-08 18:47:52
Aladdin and His Wonderful Lamp,N/A,Default,3,£53.13,2026-04-08 18:47:53
Worlds Elsewhere: Journeys Around Shakespeare’s Globe,N/A,Nonfiction,5,£40.30,2026-04-08 18:47:54
Wall and Piece,N/A,Art,4,£44.18,2026-04-08 18:47:55
The Four Agreements: A Practical Guide to Personal Freedom,N/A,Spirituality,5,£17.66,2026-04-08 18:47:56
The Five Love Languages: How to Express Heartfelt Commitment to Your Mate,N/A,Nonfiction,3,£31.05,2026-04-08 18:47:57
The Elephant Tree,N/A,Thriller,5,£23.82,2026-04-08 18:47:58
The Bear and the Piano,N/A,Childrens,1,£36.89,2026-04-08 18:47:59
Sophie's World,N/A,Philosophy,5,£15.94,2026-04-08 18:48:00
Penny Maybe,N/A,Default,3,£33.29,2026-04-08 18:48:01
Maude (1883-1993):She Grew Up with the country,N/A,Default,2,£18.02,2026-04-08 18:48:02
"In a Dark, Dark Wood",N/A,Mystery,1,£19.63,2026-04-08 18:48:03
Behind Closed Doors,N/A,Thriller,4,£52.22,2026-04-08 18:48:04
You can't bury them all: Poems,N/A,Poetry,2,£33.63,2026-04-08 18:48:05
Slow States of Collapse: Poems,N/A,Poetry,3,£57.31,2026-04-08 18:48:06
Reasons to Stay Alive,N/A,Nonfiction,2,£26.41,2026-04-08 18:48:07
Private Paris (Private #10),N/A,Fiction,5,£47.61,2026-04-08 18:48:09
#HigherSelfie: Wake Up Your Life. Free Your Soul. Find Your Tribe.,N/A,Nonfiction,5,£23.11,2026-04-08 18:48:10
Without Borders (Wanderlove #1),N/A,New Adult,2,£45.07,2026-04-08 18:48:11
When We Collided,N/A,Contemporary,1,£31.77,2026-04-08 18:48:12
"We Love You, Charlie Freeman",N/A,Fiction,5,£50.27,2026-04-08 18:48:13
Untitled Collection: Sabbath Poems 2014,N/A,Poetry,4,£14.27,2026-04-08 18:48:14
"Unseen City: The Majesty of Pigeons, the Discreet Charm of Snails & Other Wonders of the Urban Wilderness",N/A,Nonfiction,4,£44.18,2026-04-08 18:48:15
Unicorn Tracks,N/A,Fantasy,3,£18.78,2026-04-08 18:48:16
"Unbound: How Eight Technologies Made Us Human, Transformed Society, and Brought Our World to the Brink",N/A,History,1,£25.52,2026-04-08 18:48:17
Tsubasa: WoRLD CHRoNiCLE 2 (Tsubasa WoRLD CHRoNiCLE #2),N/A,Sequential Art,1,£16.28,2026-04-08 18:48:18
Throwing Rocks at the Google Bus: How Growth Became the Enemy of Prosperity,N/A,Nonfiction,3,£31.12,2026-04-08 18:48:19
This One Summer,N/A,Sequential Art,4,£19.49,2026-04-08 18:48:20
Thirst,N/A,Fiction,5,£17.27,2026-04-08 18:48:22
The Torch Is Passed: A Harding Family Story,N/A,Add a comment,1,£19.09,2026-04-08 18:48:23
The Secret of Dreadwillow Carse,N/A,Childrens,1,£56.13,2026-04-08 18:48:24
"The Pioneer Woman Cooks: Dinnertime: Comfort Classics, Freezer Food, 16-Minute Meals, and Other Delicious Ways to Solve Supper!",N/A,Food and Drink,1,£56.41,2026-04-08 18:48:25
The Past Never Ends,N/A,Mystery,4,£56.50,2026-04-08 18:48:26
The Natural History of Us (The Fine Art of Pretending #2),N/A,Young Adult,3,£45.22,2026-04-08 18:48:27
The Nameless City (The Nameless City #1),N/A,Sequential Art,4,£38.16,2026-04-08 18:48:28
The Murder That Never Was (Forensic Instincts #5),N/A,Fiction,3,£54.11,2026-04-08 18:48:29
The Most Perfect Thing: Inside (and Outside) a Bird's Egg,N/A,Science,4,£42.96,2026-04-08 18:48:30
"The Mindfulness and Acceptance Workbook for Anxiety: A Guide to Breaking Free from Anxiety, Phobias, and Worry Using Acceptance and Commitment Therapy",N/A,Add a comment,4,£23.89,2026-04-08 18:48:31
The Life-Changing Magic of Tidying Up: The Japanese Art of Decluttering and Organizing,N/A,Nonfiction,3,£16.77,2026-04-08 18:48:32
"The Inefficiency Assassin: Time Management Tactics for Working Smarter, Not Longer",N/A,Default,5,£20.59,2026-04-08 18:48:33
The Gutsy Girl: Escapades for Your Life of Epic Adventure,N/A,Nonfiction,1,£37.13,2026-04-08 18:48:34
The Electric Pencil: Drawings from Inside State Hospital No. 3,N/A,Nonfiction,1,£56.06,2026-04-08 18:48:35
The Death of Humanity: and the Case for Life,N/A,Philosophy,4,£58.11,2026-04-08 18:48:36
"The Bulletproof Diet: Lose up to a Pound a Day, Reclaim Energy and Focus, Upgrade Your Life",N/A,Health,3,£49.05,2026-04-08 18:48:37
The Art Forger,N/A,Add a comment,3,£40.76,2026-04-08 18:48:38
The Age of Genius: The Seventeenth Century and the Birth of the Modern Mind,N/A,History,1,£19.73,2026-04-08 18:48:40
The Activist's Tao Te Ching: Ancient Advice for a Modern Revolution,N/A,Spirituality,5,£32.24,2026-04-08 18:48:41
Spark Joy: An Illustrated Master Class on the Art of Organizing and Tidying Up,N/A,Nonfiction,4,£41.83,2026-04-08 18:48:42
Soul Reader,N/A,Default,2,£39.58,2026-04-08 18:48:43
Security,N/A,Horror,2,£39.25,2026-04-08 18:48:44
"Saga, Volume 6 (Saga (Collected Editions) #6)",N/A,Fantasy,3,£25.02,2026-04-08 18:48:45
"Saga, Volume 5 (Saga (Collected Editions) #5)",N/A,Sequential Art,2,£51.04,2026-04-08 18:48:46
Reskilling America: Learning to Labor in the Twenty-First Century,N/A,Nonfiction,2,£19.83,2026-04-08 18:48:47
"Rat Queens, Vol. 3: Demons (Rat Queens (Collected Editions) #11-15)",N/A,Sequential Art,3,£50.40,2026-04-08 18:48:49
"Princess Jellyfish 2-in-1 Omnibus, Vol. 01 (Princess Jellyfish 2-in-1 Omnibus #1)",N/A,Sequential Art,5,£13.61,2026-04-08 18:48:50
Princess Between Worlds (Wide-Awake Princess #5),N/A,Fantasy,5,£13.34,2026-04-08 18:48:51
"Pop Gun War, Volume 1: Gift",N/A,Sequential Art,1,£18.97,2026-04-08 18:48:52
"Political Suicide: Missteps, Peccadilloes, Bad Calls, Backroom Hijinx, Sordid Pasts, Rotten Breaks, and Just Plain Dumb Mistakes in the Annals of American Politics",N/A,History,2,£36.28,2026-04-08 18:48:53
Patience,N/A,Sequential Art,3,£10.16,2026-04-08 18:48:54
"Outcast, Vol. 1: A Darkness Surrounds Him (Outcast #1)",N/A,Sequential Art,4,£15.44,2026-04-08 18:48:55
orange: The Complete Collection 1 (orange: The Complete Collection #1),N/A,Sequential Art,1,£48.41,2026-04-08 18:48:56
Online Marketing for Busy Authors: A Step-By-Step Guide,N/A,Self Help,1,£46.35,2026-04-08 18:48:57
On a Midnight Clear,N/A,Add a comment,3,£14.07,2026-04-08 18:48:58
Obsidian (Lux #1),N/A,Young Adult,2,£14.86,2026-04-08 18:48:59
My Paris Kitchen: Recipes and Stories,N/A,Food and Drink,2,£33.37,2026-04-08 18:49:00
Masks and Shadows,N/A,Fantasy,2,£56.40,2026-04-08 18:49:01
"Mama Tried: Traditional Italian Cooking for the Screwed, Crude, Vegan, and Tattooed",N/A,Food and Drink,4,£14.02,2026-04-08 18:49:02
"Lumberjanes, Vol. 2: Friendship to the Max (Lumberjanes #5-8)",N/A,Sequential Art,2,£46.91,2026-04-08 18:49:03
"Lumberjanes, Vol. 1: Beware the Kitten Holy (Lumberjanes #1-4)",N/A,Sequential Art,3,£45.61,2026-04-08 18:49:04
Lumberjanes Vol. 3: A Terrible Plan (Lumberjanes #9-12),N/A,Sequential Art,2,£19.92,2026-04-08 18:49:05
"Layered: Baking, Building, and Styling Spectacular Cakes",N/A,Food and Drink,1,£40.11,2026-04-08 18:49:06
Judo: Seven Steps to Black Belt (an Introductory Guide for Beginners),N/A,Add a comment,2,£53.90,2026-04-08 18:49:07
Join,N/A,Science Fiction,5,£35.67,2026-04-08 18:49:08
In the Country We Love: My Family Divided,N/A,Nonfiction,4,£22.00,2026-04-08 18:49:10
Immunity: How Elie Metchnikoff Changed the Course of Modern Medicine,N/A,Science,5,£57.36,2026-04-08 18:49:11
"I Hate Fairyland, Vol. 1: Madly Ever After (I Hate Fairyland (Compilations) #1-5)",N/A,Sequential Art,2,£29.17,2026-04-08 18:49:12
I am a Hero Omnibus Volume 1,N/A,Sequential Art,3,£54.63,2026-04-08 18:49:13
How to Be Miserable: 40 Strategies You Already Use,N/A,Self Help,1,£46.03,2026-04-08 18:49:14
Her Backup Boyfriend (The Sorensen Family #1),N/A,Romance,1,£33.97,2026-04-08 18:49:15
"Giant Days, Vol. 2 (Giant Days #5-8)",N/A,Sequential Art,2,£22.11,2026-04-08 18:49:16
Forever and Forever: The Courtship of Henry Longfellow and Fanny Appleton,N/A,Historical Fiction,3,£29.69,2026-04-08 18:49:17
First and First (Five Boroughs #3),N/A,Romance,4,£15.97,2026-04-08 18:49:18
Fifty Shades Darker (Fifty Shades #2),N/A,Romance,1,£21.96,2026-04-08 18:49:19
Everydata: The Misinformation Hidden in the Little Data You Consume Every Day,N/A,Nonfiction,2,£54.35,2026-04-08 18:49:20
"Don't Be a Jerk: And Other Practical Advice from Dogen, Japan's Greatest Zen Master",N/A,Religion,2,£37.97,2026-04-08 18:49:22
Danganronpa Volume 1,N/A,Sequential Art,4,£51.99,2026-04-08 18:49:23
Crown of Midnight (Throne of Glass #2),N/A,Fantasy,3,£43.29,2026-04-08 18:49:24
"Codename Baboushka, Volume 1: The Conclave of Death",N/A,Sequential Art,4,£36.72,2026-04-08 18:49:25
Camp Midnight,N/A,Sequential Art,4,£17.08,2026-04-08 18:49:26
Call the Nurse: True Stories of a Country Nurse on a Scottish Isle,N/A,Nonfiction,5,£29.14,2026-04-08 18:49:27
Burning,N/A,Young Adult,3,£28.81,2026-04-08 18:49:28
Bossypants,N/A,Default,2,£49.46,2026-04-08 18:49:29
"Bitch Planet, Vol. 1: Extraordinary Machine (Bitch Planet (Collected Editions))",N/A,Sequential Art,2,£37.92,2026-04-08 18:49:30
"Avatar: The Last Airbender: Smoke and Shadow, Part 3 (Smoke and Shadow #3)",N/A,Fantasy,2,£28.09,2026-04-08 18:49:31
Algorithms to Live By: The Computer Science of Human Decisions,N/A,Nonfiction,1,£30.81,2026-04-08 18:49:32
A World of Flavor: Your Gluten Free Passport,N/A,Default,1,£42.95,2026-04-08 18:49:33
"A Piece of Sky, a Grain of Rice: A Memoir in Four Meditations",N/A,Default,5,£56.76,2026-04-08 18:49:34
A Murder in Time,N/A,Mystery,1,£16.64,2026-04-08 18:49:35
A Flight of Arrows (The Pathfinders #2),N/A,Historical Fiction,5,£55.53,2026-04-08 18:49:36
A Fierce and Subtle Poison,N/A,Young Adult,4,£28.13,2026-04-08 18:49:37
A Court of Thorns and Roses (A Court of Thorns and Roses #1),N/A,Fantasy,1,£52.37,2026-04-08 18:49:38
(Un)Qualified: How God Uses Broken People to Do Big Things,N/A,Christian,5,£54.00,2026-04-08 18:49:39
You Are What You Love: The Spiritual Power of Habit,N/A,Religion,4,£21.87,2026-04-08 18:49:40
"William Shakespeare's Star Wars: Verily, A New Hope (William Shakespeare's Star Wars #4)",N/A,Science Fiction,4,£43.30,2026-04-08 18:49:41
Tuesday Nights in 1980,N/A,Fiction,2,£21.04,2026-04-08 18:49:42
Tracing Numbers on a Train,N/A,Default,3,£41.60,2026-04-08 18:49:43
Throne of Glass (Throne of Glass #1),N/A,Fantasy,3,£35.07,2026-04-08 18:49:44
Thomas Jefferson and the Tripoli Pirates: The Forgotten War That Changed American History,N/A,History,1,£59.64,2026-04-08 18:49:46
Thirteen Reasons Why,N/A,Default,1,£52.72,2026-04-08 18:49:47
The White Cat and the Monk: A Retelling of the Poem “Pangur Bán”,N/A,Childrens,4,£58.08,2026-04-08 18:49:48
The Wedding Dress,N/A,Romance,1,£24.12,2026-04-08 18:49:49
The Vacationers,N/A,Fiction,4,£42.15,2026-04-08 18:49:50
The Third Wave: An Entrepreneur’s Vision of the Future,N/A,Business,5,£12.61,2026-04-08 18:49:51
The Stranger,N/A,Philosophy,4,£17.44,2026-04-08 18:49:52
The Shadow Hero (The Shadow Hero),N/A,Sequential Art,1,£33.14,2026-04-08 18:49:53
The Secret (The Secret #1),N/A,Default,4,£27.37,2026-04-08 18:49:54
The Regional Office Is Under Attack!,N/A,Fiction,5,£51.36,2026-04-08 18:49:55
The Psychopath Test: A Journey Through the Madness Industry,N/A,Default,2,£36.00,2026-04-08 18:49:56
The Project,N/A,Science Fiction,1,£10.65,2026-04-08 18:49:57
The Power of Now: A Guide to Spiritual Enlightenment,N/A,Nonfiction,2,£43.54,2026-04-08 18:49:59
The Omnivore's Dilemma: A Natural History of Four Meals,N/A,Nonfiction,2,£38.21,2026-04-08 18:50:00
The Nerdy Nummies Cookbook: Sweet Treats for the Geek in All of Us,N/A,Food and Drink,5,£37.34,2026-04-08 18:50:01
The Murder of Roger Ackroyd (Hercule Poirot #4),N/A,Mystery,4,£44.10,2026-04-08 18:50:02
The Mistake (Off-Campus #2),N/A,New Adult,3,£43.29,2026-04-08 18:50:03
The Matchmaker's Playbook (Wingmen Inc. #1),N/A,New Adult,1,£55.85,2026-04-08 18:50:04
The Love and Lemons Cookbook: An Apple-to-Zucchini Celebration of Impromptu Cooking,N/A,Food and Drink,2,£37.60,2026-04-08 18:50:05
The Long Shadow of Small Ghosts: Murder and Memory in an American City,N/A,Crime,1,£10.97,2026-04-08 18:50:06
The Kite Runner,N/A,Default,4,£41.82,2026-04-08 18:50:07
The House by the Lake,N/A,Historical Fiction,1,£36.95,2026-04-08 18:50:08
The Glittering Court (The Glittering Court #1),N/A,Fantasy,1,£44.28,2026-04-08 18:50:09
The Girl on the Train,N/A,Default,2,£55.02,2026-04-08 18:50:10
The Genius of Birds,N/A,Nonfiction,1,£17.24,2026-04-08 18:50:11
The Emerald Mystery,N/A,Default,2,£23.15,2026-04-08 18:50:12
The Cookies & Cups Cookbook: 125+ sweet & savory recipes reminding you to Always Eat Dessert First,N/A,Food and Drink,1,£41.25,2026-04-08 18:50:13
The Bridge to Consciousness: I'm Writing the Bridge Between Science and Our Old and New Beliefs.,N/A,Default,3,£32.00,2026-04-08 18:50:14
The Artist's Way: A Spiritual Path to Higher Creativity,N/A,Nonfiction,5,£38.49,2026-04-08 18:50:16
The Art of War,N/A,Default,5,£33.34,2026-04-08 18:50:17
The Argonauts,N/A,Autobiography,2,£10.93,2026-04-08 18:50:18
The 10% Entrepreneur: Live Your Startup Dream Without Quitting Your Day Job,N/A,Business,3,£27.55,2026-04-08 18:50:19
Suddenly in Love (Lake Haven #1),N/A,Romance,2,£55.99,2026-04-08 18:50:20
Something More Than This,N/A,Romance,4,£16.24,2026-04-08 18:50:21
Soft Apocalypse,N/A,Science Fiction,2,£26.12,2026-04-08 18:50:22
So You've Been Publicly Shamed,N/A,Nonfiction,2,£12.23,2026-04-08 18:50:23
Shoe Dog: A Memoir by the Creator of NIKE,N/A,Business,2,£23.99,2026-04-08 18:50:24
"Shobu Samurai, Project Aryoku (#3)",N/A,Add a comment,3,£29.06,2026-04-08 18:50:25
Secrets and Lace (Fatal Hearts #1),N/A,Default,1,£20.27,2026-04-08 18:50:26
Scarlett Epstein Hates It Here,N/A,Young Adult,5,£43.55,2026-04-08 18:50:28
Romero and Juliet: A Tragic Tale of Love and Zombies,N/A,Default,1,£36.94,2026-04-08 18:50:29
Redeeming Love,N/A,Christian Fiction,5,£20.47,2026-04-08 18:50:30
Poses for Artists Volume 1 - Dynamic and Sitting Poses: An Essential Reference for Figure Drawing and the Human Form,N/A,Default,1,£41.06,2026-04-08 18:50:31
Poems That Make Grown Women Cry,N/A,Poetry,4,£14.19,2026-04-08 18:50:32
"Nightingale, Sing",N/A,Young Adult,1,£38.28,2026-04-08 18:50:33
Night Sky with Exit Wounds,N/A,Poetry,1,£41.05,2026-04-08 18:50:34
Mrs. Houdini,N/A,Historical Fiction,5,£30.25,2026-04-08 18:50:35
Modern Romance,N/A,Add a comment,5,£28.26,2026-04-08 18:50:36
Miss Peregrine’s Home for Peculiar Children (Miss Peregrine’s Peculiar Children #1),N/A,Default,1,£10.76,2026-04-08 18:50:37
Louisa: The Extraordinary Life of Mrs. Adams,N/A,Biography,2,£16.85,2026-04-08 18:50:38
Little Red,N/A,Childrens,3,£13.47,2026-04-08 18:50:39
Library of Souls (Miss Peregrine’s Peculiar Children #3),N/A,Young Adult,5,£48.56,2026-04-08 18:50:40
Large Print Heart of the Pride,N/A,Default,2,£19.15,2026-04-08 18:50:42
I Had a Nice Time And Other Lies...: How to find love & sh*t like that,N/A,Womens Fiction,4,£57.36,2026-04-08 18:50:43
Hollow City (Miss Peregrine’s Peculiar Children #2),N/A,Fantasy,1,£42.98,2026-04-08 18:50:44
Grumbles,N/A,Default,2,£22.16,2026-04-08 18:50:45
Full Moon over Noah’s Ark: An Odyssey to Mount Ararat and Beyond,N/A,Travel,4,£49.43,2026-04-08 18:50:46
Frostbite (Vampire Academy #2),N/A,Young Adult,5,£29.99,2026-04-08 18:50:47
Follow You Home,N/A,Horror,1,£21.36,2026-04-08 18:50:48
First Steps for New Christians (Print Edition),N/A,Default,1,£29.00,2026-04-08 18:50:49
Finders Keepers (Bill Hodges Trilogy #2),N/A,Fiction,5,£53.53,2026-04-08 18:50:50
"Fables, Vol. 1: Legends in Exile (Fables #1)",N/A,Sequential Art,4,£41.62,2026-04-08 18:50:52
Eureka Trivia 6.0,N/A,Default,4,£54.59,2026-04-08 18:50:53
Drive: The Surprising Truth About What Motivates Us,N/A,Default,4,£34.95,2026-04-08 18:50:54
Done Rubbed Out (Reightman & Bailey #1),N/A,Default,5,£37.72,2026-04-08 18:50:55
Doing It Over (Most Likely To #1),N/A,Romance,3,£35.61,2026-04-08 18:50:56
"Deliciously Ella Every Day: Quick and Easy Recipes for Gluten-Free Snacks, Packed Lunches, and Simple Meals",N/A,Food and Drink,3,£42.16,2026-04-08 18:50:57
Dark Notes,N/A,Erotica,5,£19.19,2026-04-08 18:50:58
"Daring Greatly: How the Courage to Be Vulnerable Transforms the Way We Live, Love, Parent, and Lead",N/A,Nonfiction,3,£19.43,2026-04-08 18:50:59
Close to You,N/A,Christian Fiction,4,£49.46,2026-04-08 18:51:01
Chasing Heaven: What Dying Taught Me About Living,N/A,Spirituality,2,£37.80,2026-04-08 18:51:02
Big Magic: Creative Living Beyond Fear,N/A,Nonfiction,3,£30.80,2026-04-08 18:51:03
Becoming Wise: An Inquiry into the Mystery and Art of Living,N/A,Nonfiction,2,£27.43,2026-04-08 18:51:04
Beauty Restored (Riley Family Legacy Novellas #3),N/A,Default,2,£11.11,2026-04-08 18:51:05
Batman: The Long Halloween (Batman),N/A,Sequential Art,2,£36.50,2026-04-08 18:51:06
Batman: The Dark Knight Returns (Batman),N/A,Sequential Art,5,£15.38,2026-04-08 18:51:07
Ayumi's Violin,N/A,Default,2,£15.48,2026-04-08 18:51:08
Anonymous,N/A,Default,4,£46.82,2026-04-08 18:51:09
Amy Meets the Saints and Sages,N/A,Default,3,£18.46,2026-04-08 18:51:10
Amid the Chaos,N/A,Cultural,1,£36.58,2026-04-08 18:51:11
Amatus,N/A,Default,5,£50.54,2026-04-08 18:51:13
Agnostic: A Spirited Manifesto,N/A,Nonfiction,5,£12.51,2026-04-08 18:51:14
Zealot: The Life and Times of Jesus of Nazareth,N/A,History,3,£24.70,2026-04-08 18:51:15
You (You #1),N/A,Thriller,5,£43.61,2026-04-08 18:51:16
"Wonder Woman: Earth One, Volume One (Wonder Woman: Earth One #1)",N/A,Sequential Art,4,£37.34,2026-04-08 18:51:17
Wild Swans,N/A,Young Adult,2,£14.36,2026-04-08 18:51:18
Why the Right Went Wrong: Conservatism--From Goldwater to the Tea Party and Beyond,N/A,Politics,4,£52.65,2026-04-08 18:51:19
Whole Lotta Creativity Going On: 60 Fun and Unusual Exercises to Awaken and Strengthen Your Creativity,N/A,Nonfiction,4,£38.20,2026-04-08 18:51:20
What's It Like in Space?: Stories from Astronauts Who've Been There,N/A,Nonfiction,2,£19.60,2026-04-08 18:51:21
"We Are Robin, Vol. 1: The Vigilante Business (We Are Robin #1)",N/A,Sequential Art,1,£53.90,2026-04-08 18:51:22
Walt Disney's Alice in Wonderland,N/A,Childrens,5,£12.96,2026-04-08 18:51:23
V for Vendetta (V for Vendetta Complete),N/A,Default,4,£37.10,2026-04-08 18:51:25
Until Friday Night (The Field Party #1),N/A,Young Adult,2,£46.31,2026-04-08 18:51:26
"Unbroken: A World War II Story of Survival, Resilience, and Redemption",N/A,Default,2,£45.95,2026-04-08 18:51:27
Twenty Yawns,N/A,Childrens,2,£22.08,2026-04-08 18:51:28
Through the Woods,N/A,Sequential Art,2,£25.38,2026-04-08 18:51:29
This Is Where It Ends,N/A,Young Adult,2,£27.12,2026-04-08 18:51:30
The Year of Magical Thinking,N/A,Nonfiction,2,£43.04,2026-04-08 18:51:31
The Wright Brothers,N/A,Default,4,£56.80,2026-04-08 18:51:32
The White Queen (The Cousins' War #1),N/A,Add a comment,5,£25.91,2026-04-08 18:51:33
The Wedding Pact (The O'Malleys #2),N/A,Romance,3,£32.61,2026-04-08 18:51:34
The Time Keeper,N/A,Fiction,5,£27.88,2026-04-08 18:51:36
The Testament of Mary,N/A,Fiction,4,£52.67,2026-04-08 18:51:37
The Star-Touched Queen,N/A,Fantasy,5,£46.02,2026-04-08 18:51:38
The Songs of the Gods,N/A,Default,5,£44.48,2026-04-08 18:51:39
The Song of Achilles,N/A,Add a comment,5,£37.40,2026-04-08 18:51:40
The Rosie Project (Don Tillman #1),N/A,Default,1,£54.04,2026-04-08 18:51:41
The Power of Habit: Why We Do What We Do in Life and Business,N/A,Default,3,£16.88,2026-04-08 18:51:42
The Marriage of Opposites,N/A,Historical Fiction,4,£28.08,2026-04-08 18:51:43
The Lucifer Effect: Understanding How Good People Turn Evil,N/A,Psychology,1,£10.40,2026-04-08 18:51:44
The Long Haul (Diary of a Wimpy Kid #9),N/A,Humor,1,£44.07,2026-04-08 18:51:45
The Loney,N/A,Horror,1,£23.40,2026-04-08 18:51:46
The Literature Book (Big Ideas Simply Explained),N/A,Nonfiction,3,£17.43,2026-04-08 18:51:47
The Last Mile (Amos Decker #2),N/A,Mystery,2,£54.21,2026-04-08 18:51:49
The Immortal Life of Henrietta Lacks,N/A,Add a comment,2,£40.67,2026-04-08 18:51:50
The Hidden Oracle (The Trials of Apollo #1),N/A,Fantasy,2,£52.26,2026-04-08 18:51:51
The Help Yourself Cookbook for Kids: 60 Easy Plant-Based Recipes Kids Can Make to Stay Healthy and Save the Earth,N/A,Food and Drink,3,£28.77,2026-04-08 18:51:52
The Guilty (Will Robie #4),N/A,Thriller,2,£13.82,2026-04-08 18:51:53
The First Hostage (J.B. Collins #2),N/A,Fiction,3,£25.85,2026-04-08 18:51:54
The Dovekeepers,N/A,Add a comment,1,£48.78,2026-04-08 18:51:55
The Darkest Lie,N/A,Young Adult,5,£35.35,2026-04-08 18:51:56
The Bane Chronicles (The Bane Chronicles #1-11),N/A,Fantasy,4,£44.73,2026-04-08 18:51:57
The Bad-Ass Librarians of Timbuktu: And Their Race to Save the World’s Most Precious Manuscripts,N/A,Nonfiction,1,£15.77,2026-04-08 18:51:58
The 14th Colony (Cotton Malone #11),N/A,Thriller,1,£39.24,2026-04-08 18:51:59
That Darkness (Gardiner and Renner #1),N/A,Mystery,1,£13.92,2026-04-08 18:52:00
Tastes Like Fear (DI Marnie Rome #3),N/A,Mystery,1,£10.69,2026-04-08 18:52:01
Take Me with You,N/A,Fiction,3,£45.21,2026-04-08 18:52:02
Swell: A Year of Waves,N/A,Nonfiction,1,£45.58,2026-04-08 18:52:03
Superman Vol. 1: Before Truth (Superman by Gene Luen Yang #1),N/A,Sequential Art,5,£11.89,2026-04-08 18:52:05
Still Life with Bread Crumbs,N/A,Fiction,3,£26.41,2026-04-08 18:52:06
Steve Jobs,N/A,Default,5,£39.50,2026-04-08 18:52:07
Sorting the Beef from the Bull: The Science of Food Fraud Forensics,N/A,Science,4,£44.74,2026-04-08 18:52:08
Someone Like You (The Harrisons #2),N/A,Contemporary,5,£52.79,2026-04-08 18:52:09
"So Cute It Hurts!!, Vol. 6 (So Cute It Hurts!! #6)",N/A,Sequential Art,4,£35.43,2026-04-08 18:52:10
Shtum,N/A,Fiction,4,£55.84,2026-04-08 18:52:11
See America: A Celebration of Our National Parks & Treasured Sites,N/A,Travel,3,£48.87,2026-04-08 18:52:12
salt.,N/A,Poetry,4,£46.78,2026-04-08 18:52:13
Robin War,N/A,Sequential Art,3,£47.82,2026-04-08 18:52:14
"Red Hood/Arsenal, Vol. 1: Open for Business (Red Hood/Arsenal #1)",N/A,Sequential Art,2,£25.48,2026-04-08 18:52:15
Rain Fish,N/A,Childrens,3,£23.57,2026-04-08 18:52:16
"Quarter Life Poetry: Poems for the Young, Broke and Hangry",N/A,Poetry,5,£50.89,2026-04-08 18:52:18
Pet Sematary,N/A,Horror,3,£10.56,2026-04-08 18:52:19
"Overload: How to Unplug, Unwind, and Unleash Yourself from the Pressure of Stress",N/A,Self Help,3,£52.15,2026-04-08 18:52:20
Once Was a Time,N/A,Childrens,2,£18.28,2026-04-08 18:52:21
Old School (Diary of a Wimpy Kid #10),N/A,Humor,5,£11.83,2026-04-08 18:52:22
No Dream Is Too High: Life Lessons From a Man Who Walked on the Moon,N/A,Nonfiction,2,£21.95,2026-04-08 18:52:23
"Naruto (3-in-1 Edition), Vol. 14: Includes Vols. 40, 41 & 42 (Naruto: Omnibus #14)",N/A,Sequential Art,2,£38.39,2026-04-08 18:52:24
My Name Is Lucy Barton,N/A,Fiction,1,£41.56,2026-04-08 18:52:25
My Mrs. Brown,N/A,Fiction,3,£24.48,2026-04-08 18:52:26
My Kind of Crazy,N/A,Young Adult,1,£40.36,2026-04-08 18:52:27
Mr. Mercedes (Bill Hodges Trilogy #1),N/A,Fiction,1,£28.90,2026-04-08 18:52:29
More Than Music (Chasing the Dream #1),N/A,Add a comment,2,£37.61,2026-04-08 18:52:30
Made to Stick: Why Some Ideas Survive and Others Die,N/A,Business,5,£38.85,2026-04-08 18:52:31
Luis Paints the World,N/A,Childrens,3,£53.95,2026-04-08 18:52:32
Luckiest Girl Alive,N/A,Default,3,£49.83,2026-04-08 18:52:33
Lowriders to the Center of the Earth (Lowriders in Space #2),N/A,Sequential Art,2,£51.51,2026-04-08 18:52:34
Love Is a Mix Tape (Music #1),N/A,Music,1,£18.03,2026-04-08 18:52:35
Looking for Lovely: Collecting the Moments that Matter,N/A,Nonfiction,5,£29.14,2026-04-08 18:52:36
"Living Leadership by Insight: A Good Leader Achieves, a Great Leader Builds Monuments",N/A,Default,4,£46.91,2026-04-08 18:52:37
Let It Out: A Journey Through Journaling,N/A,Nonfiction,5,£26.79,2026-04-08 18:52:38
Lady Midnight (The Dark Artifices #1),N/A,Default,5,£16.28,2026-04-08 18:52:39
"It's All Easy: Healthy, Delicious Weeknight Meals in under 30 Minutes",N/A,Food and Drink,1,£19.55,2026-04-08 18:52:40
Island of Dragons (Unwanteds #7),N/A,Fantasy,1,£29.65,2026-04-08 18:52:42
I Know What I'm Doing -- and Other Lies I Tell Myself: Dispatches from a Life Under Construction,N/A,Humor,4,£25.98,2026-04-08 18:52:43
I Am Pilgrim (Pilgrim #1),N/A,Fiction,4,£10.60,2026-04-08 18:52:44
"Hyperbole and a Half: Unfortunate Situations, Flawed Coping Mechanisms, Mayhem, and Other Things That Happened",N/A,Humor,5,£14.75,2026-04-08 18:52:45
"Hush, Hush (Hush, Hush #1)",N/A,Default,3,£47.02,2026-04-08 18:52:46
Hold Your Breath (Search and Rescue #1),N/A,Romance,1,£28.82,2026-04-08 18:52:47
Hamilton: The Revolution,N/A,Nonfiction,3,£58.79,2026-04-08 18:52:48
Greek Mythic History,N/A,Default,5,£10.23,2026-04-08 18:52:49
God: The Most Unpleasant Character in All Fiction,N/A,Religion,5,£30.03,2026-04-08 18:52:50
Glory over Everything: Beyond The Kitchen House,N/A,Historical Fiction,3,£45.84,2026-04-08 18:52:51
Feathers: Displays of Brilliant Plumage,N/A,Art,3,£49.05,2026-04-08 18:52:52
"Far & Away: Places on the Brink of Change: Seven Continents, Twenty-Five Years",N/A,Nonfiction,4,£15.06,2026-04-08 18:52:53
Every Last Word,N/A,Default,3,£46.47,2026-04-08 18:52:54
Eligible (The Austen Project #4),N/A,Fiction,3,£27.09,2026-04-08 18:52:56
El Deafo,N/A,Sequential Art,5,£57.62,2026-04-08 18:52:57
Eight Hundred Grapes,N/A,Fiction,4,£14.39,2026-04-08 18:52:58
"Eaternity: More than 150 Deliciously Easy Vegan Recipes for a Long, Healthy, Satisfied, Joyful Life",N/A,Nonfiction,5,£51.75,2026-04-08 18:52:59
"Eat Fat, Get Thin",N/A,Health,2,£54.07,2026-04-08 18:53:00
Don't Get Caught,N/A,Young Adult,1,£55.35,2026-04-08 18:53:01
Doctor Sleep (The Shining #2),N/A,Horror,2,£40.12,2026-04-08 18:53:02
Demigods & Magicians: Percy and Annabeth Meet the Kanes (Percy Jackson & Kane Chronicles Crossover #1-3),N/A,Fantasy,5,£37.51,2026-04-08 18:53:03
Dear Mr. Knightley,N/A,Fiction,5,£11.21,2026-04-08 18:53:04
Daily Fantasy Sports,N/A,Default,1,£36.58,2026-04-08 18:53:06
Crazy Love: Overwhelmed by a Relentless God,N/A,Christian,2,£47.72,2026-04-08 18:53:07
Cometh the Hour (The Clifton Chronicles #6),N/A,Fiction,3,£25.01,2026-04-08 18:53:08
Code Name Verity (Code Name Verity #1),N/A,Add a comment,4,£22.13,2026-04-08 18:53:09
Clockwork Angel (The Infernal Devices #1),N/A,Default,1,£44.14,2026-04-08 18:53:10
City of Glass (The Mortal Instruments #3),N/A,Fantasy,4,£56.02,2026-04-08 18:53:11
City of Fallen Angels (The Mortal Instruments #4),N/A,Default,4,£11.23,2026-04-08 18:53:12
City of Bones (The Mortal Instruments #1),N/A,Default,1,£43.28,2026-04-08 18:53:13
City of Ashes (The Mortal Instruments #2),N/A,Default,1,£47.27,2026-04-08 18:53:14
Cell,N/A,Add a comment,4,£20.29,2026-04-08 18:53:15
Catching Jordan (Hundred Oaks),N/A,Young Adult,3,£50.83,2026-04-08 18:53:16
"Carry On, Warrior: Thoughts on Life Unarmed",N/A,Default,3,£31.85,2026-04-08 18:53:17
Carrie,N/A,Default,2,£46.23,2026-04-08 18:53:18
Buying In: The Secret Dialogue Between What We Buy and Who We Are,N/A,Nonfiction,4,£37.80,2026-04-08 18:53:19
Brain on Fire: My Month of Madness,N/A,Nonfiction,5,£49.32,2026-04-08 18:53:21
Batman: Europa,N/A,Sequential Art,2,£32.01,2026-04-08 18:53:22
Barefoot Contessa Back to Basics,N/A,Food and Drink,1,£28.01,2026-04-08 18:53:23
Barefoot Contessa at Home: Everyday Recipes You'll Make Over and Over Again,N/A,Food and Drink,5,£50.62,2026-04-08 18:53:24
Balloon Animals,N/A,Fiction,3,£17.03,2026-04-08 18:53:25
Art Ops Vol. 1,N/A,Sequential Art,3,£48.80,2026-04-08 18:53:26
Aristotle and Dante Discover the Secrets of the Universe (Aristotle and Dante Discover the Secrets of the Universe #1),N/A,Young Adult,4,£58.14,2026-04-08 18:53:27
Angels Walking (Angels Walking #1),N/A,Add a comment,2,£34.20,2026-04-08 18:53:28
Angels & Demons (Robert Langdon #1),N/A,Default,3,£51.48,2026-04-08 18:53:29
All the Light We Cannot See,N/A,Historical,5,£29.87,2026-04-08 18:53:30
"Adulthood Is a Myth: A ""Sarah's Scribbles"" Collection",N/A,Sequential Art,2,£10.90,2026-04-08 18:53:31
Abstract City,N/A,Nonfiction,5,£56.37,2026-04-08 18:53:33
A Time of Torment (Charlie Parker #14),N/A,Mystery,5,£48.35,2026-04-08 18:53:34
A Study in Scarlet (Sherlock Holmes #1),N/A,Mystery,2,£16.73,2026-04-08 18:53:35
"A Series of Catastrophes and Miracles: A True Story of Love, Science, and Cancer",N/A,Add a comment,2,£56.48,2026-04-08 18:53:36
A People's History of the United States,N/A,Add a comment,2,£40.79,2026-04-08 18:53:37
A Man Called Ove,N/A,Fiction,1,£39.72,2026-04-08 18:53:38
A Distant Mirror: The Calamitous 14th Century,N/A,History,3,£14.58,2026-04-08 18:53:39
A Brush of Wings (Angels Walking #3),N/A,Add a comment,1,£55.51,2026-04-08 18:53:40
1491: New Revelations of the Americas Before Columbus,N/A,History,3,£21.80,2026-04-08 18:53:41
"The Three Searches, Meaning, and the Story",N/A,Default,3,£13.33,2026-04-08 18:53:42
Searching for Meaning in Gailana,N/A,Fantasy,1,£38.73,2026-04-08 18:53:43
Rook,N/A,Add a comment,4,£37.86,2026-04-08 18:53:44
My Kitchen Year: 136 Recipes That Saved My Life,N/A,Food and Drink,2,£11.53,2026-04-08 18:53:45
13 Hours: The Inside Account of What Really Happened In Benghazi,N/A,Nonfiction,1,£27.06,2026-04-08 18:53:47
Will You Won't You Want Me?,N/A,Womens Fiction,3,£13.86,2026-04-08 18:53:48
Tipping Point for Planet Earth: How Close Are We to the Edge?,N/A,Science,1,£37.55,2026-04-08 18:53:49
The Star-Touched Queen,N/A,Fantasy,5,£32.30,2026-04-08 18:53:50
The Silent Sister (Riley MacPherson #1),N/A,Fiction,5,£46.29,2026-04-08 18:53:51
The Midnight Watch: A Novel of the Titanic and the Californian,N/A,Add a comment,1,£26.20,2026-04-08 18:53:52
The Lonely City: Adventures in the Art of Being Alone,N/A,Nonfiction,2,£33.26,2026-04-08 18:53:53
The Gray Rhino: How to Recognize and Act on the Obvious Dangers We Ignore,N/A,Add a comment,4,£59.15,2026-04-08 18:53:54
The Golden Condom: And Other Essays on Love Lost and Found,N/A,Psychology,1,£39.43,2026-04-08 18:53:55
The Epidemic (The Program 0.6),N/A,Young Adult,5,£14.44,2026-04-08 18:53:56
The Dinner Party,N/A,Fiction,2,£56.54,2026-04-08 18:53:57
The Diary of a Young Girl,N/A,Nonfiction,3,£59.90,2026-04-08 18:53:59
The Children,N/A,Add a comment,3,£11.88,2026-04-08 18:54:00
Stars Above (The Lunar Chronicles #4.5),N/A,Young Adult,2,£48.05,2026-04-08 18:54:01
Snatched: How A Drug Queen Went Undercover for the DEA and Was Kidnapped By Colombian Guerillas,N/A,Nonfiction,3,£21.21,2026-04-08 18:54:02
Raspberry Pi Electronics Projects for the Evil Genius,N/A,Default,4,£49.67,2026-04-08 18:54:03
Quench Your Own Thirst: Business Lessons Learned Over a Beer or Two,N/A,Business,1,£43.14,2026-04-08 18:54:04
Psycho: Sanitarium (Psycho #1.5),N/A,Horror,5,£36.97,2026-04-08 18:54:05
Poisonous (Max Revere Novels #3),N/A,Mystery,3,£26.80,2026-04-08 18:54:06
One with You (Crossfire #5),N/A,Add a comment,4,£15.71,2026-04-08 18:54:07
No Love Allowed (Dodge Cove #1),N/A,Young Adult,4,£54.65,2026-04-08 18:54:08
Murder at the 42nd Street Library (Raymond Ambler #1),N/A,Mystery,4,£54.36,2026-04-08 18:54:09
Most Wanted,N/A,Mystery,3,£35.28,2026-04-08 18:54:10
"Love, Lies and Spies",N/A,Historical Fiction,2,£20.55,2026-04-08 18:54:12
How to Speak Golf: An Illustrated Guide to Links Lingo,N/A,Default,5,£58.32,2026-04-08 18:54:13
Hide Away (Eve Duncan #20),N/A,Mystery,1,£11.84,2026-04-08 18:54:14
Furiously Happy: A Funny Book About Horrible Things,N/A,Nonfiction,4,£41.46,2026-04-08 18:54:15
Everyday Italian: 125 Simple and Delicious Recipes,N/A,Food and Drink,5,£20.10,2026-04-08 18:54:16
Equal Is Unfair: America's Misguided Fight Against Income Inequality,N/A,Politics,1,£56.86,2026-04-08 18:54:17
Eleanor & Park,N/A,Default,5,£56.51,2026-04-08 18:54:18
Dirty (Dive Bar #1),N/A,Romance,4,£40.83,2026-04-08 18:54:19
Can You Keep a Secret? (Fear Street Relaunch #4),N/A,Horror,1,£48.64,2026-04-08 18:54:20
Boar Island (Anna Pigeon #19),N/A,Mystery,3,£59.48,2026-04-08 18:54:21
A Paris Apartment,N/A,Historical Fiction,4,£39.01,2026-04-08 18:54:22
"A la Mode: 120 Recipes in 60 Pairings: Pies, Tarts, Cakes, Crisps, and More Topped with Ice Cream, Gelato, Frozen Custard, and More",N/A,Food and Drink,1,£38.77,2026-04-08 18:54:23
Troublemaker: Surviving Hollywood and Scientology,N/A,Default,2,£48.39,2026-04-08 18:54:25
The Widow,N/A,Mystery,2,£27.26,2026-04-08 18:54:26
"The Sleep Revolution: Transforming Your Life, One Night at a Time",N/A,Nonfiction,4,£11.68,2026-04-08 18:54:27
The Improbability of Love,N/A,Fiction,1,£59.45,2026-04-08 18:54:28
The Art of Startup Fundraising,N/A,Business,3,£21.00,2026-04-08 18:54:29
Take Me Home Tonight (Rock Star Romance #3),N/A,Romance,3,£53.98,2026-04-08 18:54:30
Sleeping Giants (Themis Files #1),N/A,Science Fiction,1,£48.74,2026-04-08 18:54:31
"Setting the World on Fire: The Brief, Astonishing Life of St. Catherine of Siena",N/A,Biography,2,£21.15,2026-04-08 18:54:32
Playing with Fire,N/A,Mystery,3,£13.71,2026-04-08 18:54:33
Off the Hook (Fishing for Trouble #1),N/A,Romance,3,£47.67,2026-04-08 18:54:34
Mothering Sunday,N/A,Fiction,2,£13.34,2026-04-08 18:54:35
"Mother, Can You Not?",N/A,Nonfiction,5,£16.89,2026-04-08 18:54:36
M Train,N/A,Autobiography,1,£27.18,2026-04-08 18:54:38
Lilac Girls,N/A,Historical Fiction,2,£17.28,2026-04-08 18:54:39
Lies and Other Acts of Love,N/A,Fiction,1,£45.14,2026-04-08 18:54:40
Lab Girl,N/A,Autobiography,1,£40.85,2026-04-08 18:54:41
Keep Me Posted,N/A,Womens Fiction,4,£20.46,2026-04-08 18:54:42
It Didn't Start with You: How Inherited Family Trauma Shapes Who We Are and How to End the Cycle,N/A,Psychology,3,£56.27,2026-04-08 18:54:43
Grey (Fifty Shades #4),N/A,Womens Fiction,4,£48.49,2026-04-08 18:54:44
"Exit, Pursued by a Bear",N/A,Young Adult,4,£51.34,2026-04-08 18:54:45
Daredevils,N/A,Fiction,3,£16.34,2026-04-08 18:54:46
Cravings: Recipes for What You Want to Eat,N/A,Food and Drink,3,£20.50,2026-04-08 18:54:47
Born for This: How to Find the Work You Were Meant to Do,N/A,Business,5,£21.59,2026-04-08 18:54:48
Arena,N/A,Science Fiction,4,£21.36,2026-04-08 18:54:49
Adultery,N/A,Default,5,£20.88,2026-04-08 18:54:50
A Mother's Reckoning: Living in the Aftermath of Tragedy,N/A,Nonfiction,3,£19.53,2026-04-08 18:54:51
A Gentleman's Position (Society of Gentlemen #3),N/A,Romance,5,£14.75,2026-04-08 18:54:52
11/22/63,N/A,Fiction,3,£48.48,2026-04-08 18:54:54
"10% Happier: How I Tamed the Voice in My Head, Reduced Stress Without Losing My Edge, and Found Self-Help That Actually Works",N/A,Nonfiction,2,£24.57,2026-04-08 18:54:55
10-Day Green Smoothie Cleanse: Lose Up to 15 Pounds in 10 Days!,N/A,Health,5,£49.71,2026-04-08 18:54:56
Without Shame,N/A,Add a comment,5,£48.27,2026-04-08 18:54:57
Watchmen,N/A,Add a comment,4,£58.05,2026-04-08 18:54:58
Unlimited Intuition Now,N/A,Default,4,£58.87,2026-04-08 18:54:59
Underlying Notes,N/A,Default,2,£11.82,2026-04-08 18:55:00
The Shack,N/A,Fiction,1,£28.03,2026-04-08 18:55:01
The New Brand You: Your New Image Makes the Sale for You,N/A,Default,5,£44.05,2026-04-08 18:55:02
"The Moosewood Cookbook: Recipes from Moosewood Restaurant, Ithaca, New York",N/A,Food and Drink,4,£12.34,2026-04-08 18:55:03
The Flowers Lied,N/A,Default,2,£16.68,2026-04-08 18:55:04
"The Fabric of the Cosmos: Space, Time, and the Texture of Reality",N/A,Science,1,£55.91,2026-04-08 18:55:05
The Book of Mormon,N/A,Religion,3,£24.57,2026-04-08 18:55:06
The Art and Science of Low Carbohydrate Living,N/A,Health,5,£52.98,2026-04-08 18:55:07
The Alien Club,N/A,Young Adult,1,£54.40,2026-04-08 18:55:08
Suzie Snowflake: One beautiful flake (a self-esteem story),N/A,Novels,5,£54.81,2026-04-08 18:55:09
Nap-a-Roo,N/A,Childrens,1,£25.08,2026-04-08 18:55:10
"NaNo What Now? Finding your editing process, revising your NaNoWriMo book and building a writing career through publishing and beyond",N/A,Default,4,£10.41,2026-04-08 18:55:12
Modern Day Fables,N/A,Default,2,£47.44,2026-04-08 18:55:13
If I Gave You God's Phone Number....: Searching for Spirituality in America,N/A,Spirituality,1,£20.91,2026-04-08 18:55:14
"Fruits Basket, Vol. 9 (Fruits Basket #9)",N/A,Sequential Art,4,£33.95,2026-04-08 18:55:15
Dress Your Family in Corduroy and Denim,N/A,Humor,3,£43.68,2026-04-08 18:55:16
Don't Forget Steven,N/A,Young Adult,1,£33.23,2026-04-08 18:55:17
Chernobyl 01:23:40: The Incredible True Story of the World's Worst Nuclear Disaster,N/A,Nonfiction,2,£35.92,2026-04-08 18:55:18
Art and Fear: Observations on the Perils (and Rewards) of Artmaking,N/A,Art,4,£48.63,2026-04-08 18:55:19
A Shard of Ice (The Black Symphony Saga #1),N/A,Fantasy,3,£56.63,2026-04-08 18:55:20
A Hero's Curse (The Unseen Chronicles #1),N/A,Add a comment,3,£50.49,2026-04-08 18:55:21
23 Degrees South: A Tropical Tale of Changing Whether...,N/A,Add a comment,2,£35.79,2026-04-08 18:55:22
"Zero to One: Notes on Startups, or How to Build the Future",N/A,Nonfiction,3,£34.06,2026-04-08 18:55:23
Why Not Me?,N/A,Nonfiction,1,£17.76,2026-04-08 18:55:24
When Breath Becomes Air,N/A,Nonfiction,2,£39.36,2026-04-08 18:55:26
Vagabonding: An Uncommon Guide to the Art of Long-Term World Travel,N/A,Travel,2,£36.94,2026-04-08 18:55:27
The Unlikely Pilgrimage of Harold Fry (Harold Fry #1),N/A,Default,5,£43.62,2026-04-08 18:55:28
The New Drawing on the Right Side of the Brain,N/A,Art,3,£43.02,2026-04-08 18:55:29
"The Midnight Assassin: Panic, Scandal, and the Hunt for America's First Serial Killer",N/A,Nonfiction,4,£28.45,2026-04-08 18:55:30
The Martian (The Martian #1),N/A,Default,2,£41.39,2026-04-08 18:55:31
The High Mountains of Portugal,N/A,Fiction,1,£51.15,2026-04-08 18:55:32
The Grownup,N/A,Short Stories,1,£35.88,2026-04-08 18:55:33
The E-Myth Revisited: Why Most Small Businesses Don't Work and What to Do About It,N/A,Business,1,£36.91,2026-04-08 18:55:34
South of Sunshine,N/A,Young Adult,1,£28.93,2026-04-08 18:55:35
Smarter Faster Better: The Secrets of Being Productive in Life and Business,N/A,Nonfiction,5,£38.89,2026-04-08 18:55:36
Silence in the Dark (Logan Point #4),N/A,Suspense,3,£58.33,2026-04-08 18:55:37
Shadows of the Past (Logan Point #1),N/A,Christian Fiction,5,£39.67,2026-04-08 18:55:38
Roller Girl,N/A,Sequential Art,5,£14.10,2026-04-08 18:55:40
Rising Strong,N/A,Nonfiction,3,£21.82,2026-04-08 18:55:41
Proofs of God: Classical Arguments from Tertullian to Barth,N/A,Philosophy,1,£54.21,2026-04-08 18:55:42
Please Kill Me: The Uncensored Oral History of Punk,N/A,Music,4,£31.19,2026-04-08 18:55:43
Out of Print: City Lights Spotlight No. 14,N/A,Poetry,5,£53.64,2026-04-08 18:55:44
My Life Next Door (My Life Next Door ),N/A,Young Adult,5,£36.39,2026-04-08 18:55:45
Miller's Valley,N/A,Fiction,2,£58.54,2026-04-08 18:55:46
Man's Search for Meaning,N/A,Nonfiction,3,£29.48,2026-04-08 18:55:47
"Love That Boy: What Two Presidents, Eight Road Trips, and My Son Taught Me About a Parent's Expectations",N/A,Nonfiction,2,£25.06,2026-04-08 18:55:48
Living Forward: A Proven Plan to Stop Drifting and Get the Life You Want,N/A,Nonfiction,3,£12.55,2026-04-08 18:55:50
Les Fleurs du Mal,N/A,Poetry,5,£29.04,2026-04-08 18:55:51
Left Behind (Left Behind #1),N/A,Default,2,£40.72,2026-04-08 18:55:52
Kill 'Em and Leave: Searching for James Brown and the American Soul,N/A,Music,5,£45.05,2026-04-08 18:55:53
Kierkegaard: A Christian Missionary to Christians,N/A,Philosophy,1,£47.13,2026-04-08 18:55:54
John Vassos: Industrial Design for Modern Life,N/A,Default,4,£20.22,2026-04-08 18:55:55
I'll Give You the Sun,N/A,Default,1,£56.48,2026-04-08 18:55:56
I Will Find You,N/A,Nonfiction,1,£44.21,2026-04-08 18:55:57
Hystopia: A Novel,N/A,Fiction,4,£21.96,2026-04-08 18:55:58
Howl and Other Poems,N/A,Poetry,2,£40.45,2026-04-08 18:55:59
History of Beauty,N/A,Art,4,£10.29,2026-04-08 18:56:00
Heaven is for Real: A Little Boy's Astounding Story of His Trip to Heaven and Back,N/A,Default,2,£52.86,2026-04-08 18:56:01
Future Shock (Future Shock #1),N/A,Young Adult,5,£55.65,2026-04-08 18:56:02
Ender's Game (The Ender Quintet #1),N/A,Default,1,£43.64,2026-04-08 18:56:03
Diary of a Citizen Scientist: Chasing Tiger Beetles and Other New Ways of Engaging the World,N/A,Science,1,£28.41,2026-04-08 18:56:04
Death by Leisure: A Cautionary Tale,N/A,Default,4,£37.51,2026-04-08 18:56:06
Brilliant Beacons: A History of the American Lighthouse,N/A,History,3,£11.45,2026-04-08 18:56:07
Brazen: The Courage to Find the You That's Been Hiding,N/A,Nonfiction,2,£19.22,2026-04-08 18:56:08
Between the World and Me,N/A,Nonfiction,4,£56.91,2026-04-08 18:56:09
Being Mortal: Medicine and What Matters in the End,N/A,Nonfiction,4,£55.06,2026-04-08 18:56:10
"A Murder Over a Girl: Justice, Gender, Junior High",N/A,Nonfiction,3,£13.20,2026-04-08 18:56:11
32 Yolks,N/A,Food and Drink,2,£53.63,2026-04-08 18:56:12
"""Most Blessed of the Patriarchs"": Thomas Jefferson and the Empire of the Imagination",N/A,History,5,£44.48,2026-04-08 18:56:13
You Are a Badass: How to Stop Doubting Your Greatness and Start Living an Awesome Life,N/A,Self Help,3,£12.08,2026-04-08 18:56:14
Wildlife of New York: A Five-Borough Coloring Book,N/A,Default,2,£22.14,2026-04-08 18:56:15
What Happened on Beale Street (Secrets of the South Mysteries #2),N/A,Mystery,5,£25.37,2026-04-08 18:56:16
Unreasonable Hope: Finding Faith in the God Who Brings Purpose to Your Pain,N/A,Spirituality,2,£46.33,2026-04-08 18:56:17
Under the Tuscan Sun,N/A,Travel,3,£37.33,2026-04-08 18:56:19
Toddlers Are A**holes: It's Not Your Fault,N/A,Humor,1,£25.55,2026-04-08 18:56:20
The Year of Living Biblically: One Man's Humble Quest to Follow the Bible as Literally as Possible,N/A,Default,1,£34.72,2026-04-08 18:56:21
The Whale,N/A,Childrens,4,£35.96,2026-04-08 18:56:22
The Story of Art,N/A,Art,4,£41.14,2026-04-08 18:56:23
The Origin of Species,N/A,Science,4,£10.01,2026-04-08 18:56:24
The Great Gatsby,N/A,Default,4,£36.05,2026-04-08 18:56:25
The Good Girl,N/A,Default,3,£49.03,2026-04-08 18:56:26
The Glass Castle,N/A,Add a comment,1,£16.24,2026-04-08 18:56:27
The Faith of Christopher Hitchens: The Restless Soul of the World's Most Notorious Atheist,N/A,Biography,1,£39.55,2026-04-08 18:56:28
The Drowning Girls,N/A,Add a comment,3,£35.67,2026-04-08 18:56:30
The Constant Princess (The Tudor Court #1),N/A,Historical Fiction,3,£16.62,2026-04-08 18:56:31
The Bourne Identity (Jason Bourne #1),N/A,Fiction,4,£42.78,2026-04-08 18:56:32
The Bachelor Girl's Guide to Murder (Herringford and Watts Mysteries #1),N/A,Mystery,5,£52.30,2026-04-08 18:56:33
The Art Book,N/A,Art,2,£32.34,2026-04-08 18:56:34
The 7 Habits of Highly Effective People: Powerful Lessons in Personal Change,N/A,Default,4,£33.17,2026-04-08 18:56:35
Team of Rivals: The Political Genius of Abraham Lincoln,N/A,Add a comment,5,£20.12,2026-04-08 18:56:36
Steal Like an Artist: 10 Things Nobody Told You About Being Creative,N/A,Default,2,£20.90,2026-04-08 18:56:37
"Sit, Stay, Love",N/A,Romance,3,£20.90,2026-04-08 18:56:38
Sister Dear,N/A,Fiction,4,£40.20,2026-04-08 18:56:39
"Shrunken Treasures: Literary Classics, Short, Sweet, and Silly",N/A,Childrens,3,£52.87,2026-04-08 18:56:40
"Rich Dad, Poor Dad",N/A,Business,1,£51.74,2026-04-08 18:56:42
Raymie Nightingale,N/A,Childrens,2,£34.41,2026-04-08 18:56:43
Playing from the Heart,N/A,Childrens,1,£32.38,2026-04-08 18:56:44
Nightstruck: A Novel,N/A,Young Adult,4,£50.35,2026-04-08 18:56:45
"Naturally Lean: 125 Nourishing Gluten-Free, Plant-Based Recipes--All Under 300 Calories",N/A,Food and Drink,5,£11.38,2026-04-08 18:56:46
Meternity,N/A,Womens Fiction,3,£43.58,2026-04-08 18:56:47
Memoirs of a Geisha,N/A,Fiction,3,£49.67,2026-04-08 18:56:48
Like Never Before (Walker Family #2),N/A,Christian Fiction,2,£28.77,2026-04-08 18:56:49
Life of Pi,N/A,Default,4,£13.22,2026-04-08 18:56:50
Leave This Song Behind: Teen Poetry at Its Best,N/A,Poetry,5,£51.17,2026-04-08 18:56:51
King's Folly (The Kinsman Chronicles #1),N/A,Fantasy,5,£39.61,2026-04-08 18:56:53
John Adams,N/A,Add a comment,4,£57.43,2026-04-08 18:56:54
How to Cook Everything Vegetarian: Simple Meatless Recipes for Great Food (How to Cook Everything),N/A,Food and Drink,4,£46.01,2026-04-08 18:56:55
How to Be a Domestic Goddess: Baking and the Art of Comfort Cooking,N/A,Food and Drink,2,£28.25,2026-04-08 18:56:56
Good in Bed (Cannie Shapiro #1),N/A,Add a comment,5,£37.05,2026-04-08 18:56:57
"Fruits Basket, Vol. 7 (Fruits Basket #7)",N/A,Sequential Art,1,£19.57,2026-04-08 18:56:58
For the Love: Fighting for Grace in a World of Impossible Standards,N/A,Nonfiction,3,£45.13,2026-04-08 18:56:59
Finding God in the Ruins: How God Redeems Pain,N/A,Nonfiction,2,£46.64,2026-04-08 18:57:00
Every Heart a Doorway (Every Heart A Doorway #1),N/A,Fantasy,5,£12.16,2026-04-08 18:57:01
Delivering the Truth (Quaker Midwife Mystery #1),N/A,Mystery,4,£20.89,2026-04-08 18:57:02
Counted With the Stars (Out from Egypt #1),N/A,Christian Fiction,5,£17.97,2026-04-08 18:57:03
"Chronicles, Vol. 1",N/A,Music,2,£52.60,2026-04-08 18:57:04
Blue Like Jazz: Nonreligious Thoughts on Christian Spirituality,N/A,Christian,1,£25.77,2026-04-08 18:57:06
Benjamin Franklin: An American Life,N/A,Biography,3,£48.19,2026-04-08 18:57:07
"At The Existentialist Café: Freedom, Being, and apricot cocktails with: Jean-Paul Sartre, Simone de Beauvoir, Albert Camus, Martin Heidegger, Edmund Husserl, Karl Jaspers, Maurice Merleau-Ponty and others",N/A,Philosophy,5,£29.93,2026-04-08 18:57:08
A Summer In Europe,N/A,Travel,2,£44.34,2026-04-08 18:57:09
A Short History of Nearly Everything,N/A,History,5,£52.40,2026-04-08 18:57:10
A Gathering of Shadows (Shades of Magic #2),N/A,Fantasy,4,£44.81,2026-04-08 18:57:12
The Sound Of Love,N/A,Default,5,£57.84,2026-04-08 18:57:13
The Rise and Fall of the Third Reich: A History of Nazi Germany,N/A,History,2,£39.67,2026-04-08 18:57:14
The Perks of Being a Wallflower,N/A,Default,3,£55.02,2026-04-08 18:57:15
The Mysterious Affair at Styles (Hercule Poirot #1),N/A,Mystery,4,£24.80,2026-04-08 18:57:16
The Man Who Mistook His Wife for a Hat and Other Clinical Tales,N/A,Nonfiction,4,£59.45,2026-04-08 18:57:17
The Makings of a Fatherless Child,N/A,Default,2,£31.58,2026-04-08 18:57:18
The Joy of Cooking,N/A,Add a comment,4,£43.27,2026-04-08 18:57:19
The Invention of Wings,N/A,Historical Fiction,1,£37.34,2026-04-08 18:57:20
The Hobbit (Middle-Earth Universe),N/A,Default,5,£17.80,2026-04-08 18:57:21
The Great Railway Bazaar,N/A,Travel,1,£30.54,2026-04-08 18:57:22
The Golden Compass (His Dark Materials #1),N/A,Add a comment,1,£18.77,2026-04-08 18:57:23
The God Delusion,N/A,Add a comment,3,£46.85,2026-04-08 18:57:25
The Girl You Left Behind (The Girl You Left Behind #1),N/A,Historical,1,£15.79,2026-04-08 18:57:26
The Fellowship of the Ring (The Lord of the Rings #1),N/A,Default,2,£10.27,2026-04-08 18:57:27
The Collected Poems of W.B. Yeats (The Collected Works of W.B. Yeats #1),N/A,Poetry,5,£15.42,2026-04-08 18:57:28
The Barefoot Contessa Cookbook,N/A,Food and Drink,5,£59.92,2026-04-08 18:57:29
Tell the Wolves I'm Home,N/A,Young Adult,2,£50.96,2026-04-08 18:57:30
Ship Leaves Harbor: Essays on Travel by a Recovering Journeyman,N/A,Default,3,£30.60,2026-04-08 18:57:31
Pride and Prejudice,N/A,Add a comment,4,£19.27,2026-04-08 18:57:32
Musicophilia: Tales of Music and the Brain,N/A,Default,1,£46.58,2026-04-08 18:57:33
Mere Christianity,N/A,Add a comment,3,£48.51,2026-04-08 18:57:34
Me Before You (Me Before You #1),N/A,Fiction,1,£19.02,2026-04-08 18:57:35
In the Woods (Dublin Murder Squad #1),N/A,Mystery,2,£38.38,2026-04-08 18:57:37
In Cold Blood,N/A,Nonfiction,4,£49.98,2026-04-08 18:57:38
How to Stop Worrying and Start Living,N/A,Self Help,5,£46.49,2026-04-08 18:57:39
Give It Back,N/A,Thriller,2,£18.32,2026-04-08 18:57:40
"Girl, Interrupted",N/A,Nonfiction,3,£42.14,2026-04-08 18:57:41
Fun Home: A Family Tragicomic,N/A,Add a comment,4,£56.59,2026-04-08 18:57:42
"Fruits Basket, Vol. 6 (Fruits Basket #6)",N/A,Sequential Art,4,£20.96,2026-04-08 18:57:43
Deception Point,N/A,Fiction,4,£40.32,2026-04-08 18:57:44
"Death Note, Vol. 6: Give-and-Take (Death Note #6)",N/A,Sequential Art,3,£36.39,2026-04-08 18:57:45
Catherine the Great: Portrait of a Woman,N/A,History,4,£58.55,2026-04-08 18:57:46
Better Homes and Gardens New Cook Book,N/A,Food and Drink,3,£39.61,2026-04-08 18:57:47
An Unquiet Mind: A Memoir of Moods and Madness,N/A,Psychology,3,£21.30,2026-04-08 18:57:49
A Year in Provence (Provence #1),N/A,Travel,4,£56.88,2026-04-08 18:57:50
World Without End (The Pillars of the Earth #2),N/A,Historical Fiction,4,£32.97,2026-04-08 18:57:51
"Will Grayson, Will Grayson (Will Grayson, Will Grayson)",N/A,Young Adult,4,£47.31,2026-04-08 18:57:52
Why Save the Bankers?: And Other Essays on Our Economic and Political Crisis,N/A,Nonfiction,2,£48.67,2026-04-08 18:57:53
Where She Went (If I Stay #2),N/A,Young Adult,4,£41.73,2026-04-08 18:57:54
What If?: Serious Scientific Answers to Absurd Hypothetical Questions,N/A,Default,4,£53.68,2026-04-08 18:57:55
Two Summers,N/A,Young Adult,1,£14.64,2026-04-08 18:57:56
This Is Your Brain on Music: The Science of a Human Obsession,N/A,Music,1,£38.40,2026-04-08 18:57:57
The Secret Garden,N/A,Classics,4,£15.08,2026-04-08 18:57:58
The Raven King (The Raven Cycle #4),N/A,Add a comment,2,£30.57,2026-04-08 18:57:59
The Raven Boys (The Raven Cycle #1),N/A,Fantasy,4,£57.74,2026-04-08 18:58:01
The Power Greens Cookbook: 140 Delicious Superfood Recipes,N/A,Food and Drink,5,£11.05,2026-04-08 18:58:02
The Metamorphosis,N/A,Classics,1,£28.58,2026-04-08 18:58:03
The Mathews Men: Seven Brothers and the War Against Hitler's U-boats,N/A,History,5,£42.91,2026-04-08 18:58:04
The Little Paris Bookshop,N/A,Fiction,3,£24.73,2026-04-08 18:58:05
The Hiding Place,N/A,History,4,£55.91,2026-04-08 18:58:06
The Grand Design,N/A,Science,3,£13.76,2026-04-08 18:58:07
The Firm,N/A,Fiction,3,£45.56,2026-04-08 18:58:09
The Fault in Our Stars,N/A,Default,1,£47.22,2026-04-08 18:58:10
The False Prince (The Ascendance Trilogy #1),N/A,Fantasy,5,£56.00,2026-04-08 18:58:11
The Expatriates,N/A,Fiction,2,£44.58,2026-04-08 18:58:12
The Dream Thieves (The Raven Cycle #2),N/A,Default,1,£34.50,2026-04-08 18:58:13
The Darkest Corners,N/A,Young Adult,5,£11.33,2026-04-08 18:58:14
The Crossover,N/A,Poetry,4,£38.77,2026-04-08 18:58:15
The 5th Wave (The 5th Wave #1),N/A,Default,2,£11.83,2026-04-08 18:58:16
Tell the Wind and Fire,N/A,Fantasy,3,£45.51,2026-04-08 18:58:17
Tell Me Three Things,N/A,Young Adult,1,£41.81,2026-04-08 18:58:18
Talking to Girls About Duran Duran: One Young Man's Quest for True Love and a Cooler Haircut,N/A,Nonfiction,4,£25.15,2026-04-08 18:58:19
Siddhartha,N/A,Fiction,5,£34.22,2026-04-08 18:58:20
Shiver (The Wolves of Mercy Falls #1),N/A,Default,5,£16.23,2026-04-08 18:58:21
Remember Me?,N/A,Default,3,£11.48,2026-04-08 18:58:22
Red Dragon (Hannibal Lecter #1),N/A,Horror,3,£23.37,2026-04-08 18:58:24
Peak: Secrets from the New Science of Expertise,N/A,Science,2,£16.28,2026-04-08 18:58:25
My Mother Was Nuts,N/A,Nonfiction,4,£31.63,2026-04-08 18:58:26
Mexican Today: New and Rediscovered Recipes for Contemporary Kitchens,N/A,Food and Drink,5,£24.91,2026-04-08 18:58:27
Maybe Something Beautiful: How Art Transformed a Neighborhood,N/A,Childrens,1,£22.54,2026-04-08 18:58:28
Lola and the Boy Next Door (Anna and the French Kiss #2),N/A,Young Adult,4,£23.63,2026-04-08 18:58:29
Logan Kade (Fallen Crest High #5.5),N/A,Academic,2,£13.12,2026-04-08 18:58:30
Last One Home (New Beginnings #1),N/A,Fiction,3,£59.98,2026-04-08 18:58:31
Killing Floor (Jack Reacher #1),N/A,Thriller,4,£31.49,2026-04-08 18:58:32
Kill the Boy Band,N/A,Young Adult,5,£15.52,2026-04-08 18:58:33
Isla and the Happily Ever After (Anna and the French Kiss #3),N/A,Young Adult,5,£48.13,2026-04-08 18:58:34
If I Stay (If I Stay #1),N/A,Default,5,£38.13,2026-04-08 18:58:35
I Know Why the Caged Bird Sings (Maya Angelou's Autobiography #1),N/A,Default,2,£36.55,2026-04-08 18:58:36
Harry Potter and the Deathly Hallows (Harry Potter #7),N/A,Default,1,£23.32,2026-04-08 18:58:37
"Fruits Basket, Vol. 5 (Fruits Basket #5)",N/A,Sequential Art,1,£16.33,2026-04-08 18:58:39
Foundation (Foundation (Publication Order) #1),N/A,Science Fiction,1,£32.42,2026-04-08 18:58:40
Fool Me Once,N/A,Default,1,£16.96,2026-04-08 18:58:41
Find Her (Detective D.D. Warren #8),N/A,Add a comment,1,£22.37,2026-04-08 18:58:42
Evicted: Poverty and Profit in the American City,N/A,Add a comment,1,£42.27,2026-04-08 18:58:43
Drama,N/A,Default,2,£38.70,2026-04-08 18:58:44
Dracula the Un-Dead,N/A,Horror,5,£35.63,2026-04-08 18:58:45
Digital Fortress,N/A,Fiction,5,£58.00,2026-04-08 18:58:46
"Death Note, Vol. 5: Whiteout (Death Note #5)",N/A,Sequential Art,1,£52.41,2026-04-08 18:58:47
"Data, A Love Story: How I Gamed Online Dating to Meet My Match",N/A,Nonfiction,3,£32.35,2026-04-08 18:58:48
Critique of Pure Reason,N/A,Philosophy,1,£20.75,2026-04-08 18:58:50
Booked,N/A,Poetry,5,£17.49,2026-04-08 18:58:51
"Blue Lily, Lily Blue (The Raven Cycle #3)",N/A,Default,5,£34.13,2026-04-08 18:58:52
Approval Junkie: Adventures in Caring Too Much,N/A,Autobiography,5,£58.81,2026-04-08 18:58:53
An Abundance of Katherines,N/A,Young Adult,5,£10.00,2026-04-08 18:58:54
America's War for the Greater Middle East: A Military History,N/A,History,2,£51.22,2026-04-08 18:58:55
Alight (The Generations Trilogy #2),N/A,Default,4,£58.59,2026-04-08 18:58:56
A Girl's Guide to Moving On (New Beginnings #2),N/A,Romance,1,£31.30,2026-04-08 18:58:57
A Game of Thrones (A Song of Ice and Fire #1),N/A,Add a comment,2,£46.42,2026-04-08 18:58:58
A Feast for Crows (A Song of Ice and Fire #4),N/A,Fantasy,4,£17.21,2026-04-08 18:58:59
A Clash of Kings (A Song of Ice and Fire #2),N/A,Add a comment,3,£10.79,2026-04-08 18:59:00
Vogue Colors A to Z: A Fashion Coloring Book,N/A,Default,4,£52.35,2026-04-08 18:59:01
The Shining (The Shining #1),N/A,Default,3,£27.88,2026-04-08 18:59:02
The Pilgrim's Progress,N/A,Classics,2,£50.26,2026-04-08 18:59:04
The Perfect Play (Play by Play #1),N/A,Romance,3,£59.99,2026-04-08 18:59:05
The Passion of Dolssa,N/A,Historical Fiction,5,£28.32,2026-04-08 18:59:06
The Jazz of Physics: The Secret Link Between Music and the Structure of the Universe,N/A,Nonfiction,3,£38.71,2026-04-08 18:59:07
The Hunger Games (The Hunger Games #1),N/A,Default,5,£29.85,2026-04-08 18:59:08
The Hound of the Baskervilles (Sherlock Holmes #5),N/A,Classics,2,£14.82,2026-04-08 18:59:09
The Gunning of America: Business and the Making of American Gun Culture,N/A,Nonfiction,4,£16.81,2026-04-08 18:59:10
The Geography of Bliss: One Grump's Search for the Happiest Places in the World,N/A,Nonfiction,2,£28.23,2026-04-08 18:59:11
The Demonists (Demonist #1),N/A,Fantasy,2,£52.11,2026-04-08 18:59:12
"The Demon Prince of Momochi House, Vol. 4 (The Demon Prince of Momochi House #4)",N/A,Sequential Art,2,£27.88,2026-04-08 18:59:13
The Bone Hunters (Lexy Vaughan & Steven Macaulay #2),N/A,Thriller,3,£59.71,2026-04-08 18:59:14
The Beast (Black Dagger Brotherhood #14),N/A,Fantasy,5,£46.08,2026-04-08 18:59:15
Some Women,N/A,Womens Fiction,5,£13.73,2026-04-08 18:59:16
Shopaholic Ties the Knot (Shopaholic #3),N/A,Womens Fiction,5,£48.39,2026-04-08 18:59:18
Paper and Fire (The Great Library #2),N/A,Fantasy,5,£49.45,2026-04-08 18:59:19
Outlander (Outlander #1),N/A,Default,5,£19.67,2026-04-08 18:59:20
"Orchestra of Exiles: The Story of Bronislaw Huberman, the Israel Philharmonic, and the One Thousand Jews He Saved from Nazi Horrors",N/A,Music,3,£12.36,2026-04-08 18:59:21
No One Here Gets Out Alive,N/A,Music,5,£20.02,2026-04-08 18:59:22
Night Shift (Night Shift #1-20),N/A,Horror,4,£12.75,2026-04-08 18:59:23
Needful Things,N/A,Horror,4,£47.51,2026-04-08 18:59:24
Mockingjay (The Hunger Games #3),N/A,Default,4,£20.44,2026-04-08 18:59:25
Misery,N/A,Horror,2,£34.79,2026-04-08 18:59:26
Little Women (Little Women #1),N/A,Classics,4,£28.07,2026-04-08 18:59:27
It,N/A,Horror,3,£25.01,2026-04-08 18:59:28
Harry Potter and the Sorcerer's Stone (Harry Potter #1),N/A,Default,3,£13.90,2026-04-08 18:59:29
Harry Potter and the Prisoner of Azkaban (Harry Potter #3),N/A,Young Adult,4,£24.17,2026-04-08 18:59:31
Harry Potter and the Order of the Phoenix (Harry Potter #5),N/A,Fantasy,4,£31.63,2026-04-08 18:59:32
Harry Potter and the Half-Blood Prince (Harry Potter #6),N/A,Fantasy,5,£48.75,2026-04-08 18:59:33
Harry Potter and the Chamber of Secrets (Harry Potter #2),N/A,Fantasy,1,£14.74,2026-04-08 18:59:34
Gone with the Wind,N/A,Classics,3,£32.49,2026-04-08 18:59:35
God Is Not Great: How Religion Poisons Everything,N/A,Nonfiction,1,£27.80,2026-04-08 18:59:36
Girl With a Pearl Earring,N/A,Historical Fiction,1,£26.77,2026-04-08 18:59:37
"Fruits Basket, Vol. 4 (Fruits Basket #4)",N/A,Sequential Art,4,£50.44,2026-04-08 18:59:38
Far From True (Promise Falls Trilogy #2),N/A,Thriller,2,£34.93,2026-04-08 18:59:39
Dark Lover (Black Dagger Brotherhood #1),N/A,Romance,1,£12.87,2026-04-08 18:59:40
Confessions of a Shopaholic (Shopaholic #1),N/A,Default,2,£48.94,2026-04-08 18:59:41
Changing the Game (Play by Play #2),N/A,Romance,3,£13.38,2026-04-08 18:59:42
Candide,N/A,Classics,3,£58.63,2026-04-08 18:59:43
Can You Keep a Secret?,N/A,Womens Fiction,1,£21.94,2026-04-08 18:59:45
Atlas Shrugged,N/A,Fiction,5,£26.58,2026-04-08 18:59:46
Animal Farm,N/A,Classics,3,£57.22,2026-04-08 18:59:47
A Walk to Remember,N/A,Romance,1,£56.43,2026-04-08 18:59:48
A New Earth: Awakening to Your Life's Purpose,N/A,Spirituality,5,£55.65,2026-04-08 18:59:49
"A History of God: The 4,000-Year Quest of Judaism, Christianity, and Islam",N/A,Religion,1,£27.62,2026-04-08 18:59:50
'Salem's Lot,N/A,Horror,4,£49.56,2026-04-08 18:59:51
Zero History (Blue Ant #3),N/A,Default,1,£34.77,2026-04-08 18:59:52
Wuthering Heights,N/A,Classics,3,£17.73,2026-04-08 18:59:53
World War Z: An Oral History of the Zombie War,N/A,Default,1,£21.80,2026-04-08 18:59:54
Wild: From Lost to Found on the Pacific Crest Trail,N/A,Default,3,£46.02,2026-04-08 18:59:56
"Where'd You Go, Bernadette",N/A,Default,1,£18.13,2026-04-08 18:59:57
When You Are Engulfed in Flames,N/A,Humor,5,£30.89,2026-04-08 18:59:58
We the People: The Modern-Day Figures Who Have Reshaped and Affirmed the Founding Fathers' Vision of America,N/A,Nonfiction,3,£31.95,2026-04-08 18:59:59
We Are All Completely Beside Ourselves,N/A,Contemporary,1,£24.04,2026-04-08 19:00:00
Walk the Edge (Thunder Road #2),N/A,Young Adult,3,£32.36,2026-04-08 19:00:01
Voyager (Outlander #3),N/A,Historical Fiction,5,£21.07,2026-04-08 19:00:02
Very Good Lives: The Fringe Benefits of Failure and the Importance of Imagination,N/A,Nonfiction,3,£50.66,2026-04-08 19:00:03
Vegan Vegetarian Omnivore: Dinner for Everyone at the Table,N/A,Food and Drink,2,£13.66,2026-04-08 19:00:04
"Unstuffed: Decluttering Your Home, Mind, and Soul",N/A,Nonfiction,1,£58.09,2026-04-08 19:00:06
Under the Banner of Heaven: A Story of Violent Faith,N/A,Nonfiction,1,£30.00,2026-04-08 19:00:07
Two Boys Kissing,N/A,Young Adult,2,£32.74,2026-04-08 19:00:08
Twilight (Twilight #1),N/A,Default,2,£41.93,2026-04-08 19:00:09
Twenties Girl,N/A,Womens Fiction,2,£42.80,2026-04-08 19:00:10
"Trespassing Across America: One Man's Epic, Never-Done-Before (and Sort of Illegal) Hike Across the Heartland",N/A,Nonfiction,1,£53.51,2026-04-08 19:00:11
Three-Martini Lunch,N/A,Fiction,3,£23.21,2026-04-08 19:00:12
"Thinking, Fast and Slow",N/A,Psychology,1,£21.14,2026-04-08 19:00:13
The Wild Robot,N/A,Childrens,3,£56.07,2026-04-08 19:00:14
"The Wicked + The Divine, Vol. 3: Commercial Suicide (The Wicked + The Divine)",N/A,Sequential Art,3,£14.41,2026-04-08 19:00:15
The Undomestic Goddess,N/A,Womens Fiction,4,£45.75,2026-04-08 19:00:16
The Travelers,N/A,Thriller,1,£15.77,2026-04-08 19:00:18
The Tipping Point: How Little Things Can Make a Big Difference,N/A,Add a comment,2,£10.02,2026-04-08 19:00:19
The Thing About Jellyfish,N/A,Childrens,1,£48.77,2026-04-08 19:00:20
The Stand,N/A,Horror,2,£57.86,2026-04-08 19:00:21
The Smitten Kitchen Cookbook,N/A,Food and Drink,1,£23.59,2026-04-08 19:00:22
The Silkworm (Cormoran Strike #2),N/A,Mystery,5,£23.05,2026-04-08 19:00:23
"The Sandman, Vol. 3: Dream Country (The Sandman (volumes) #3)",N/A,Sequential Art,5,£55.55,2026-04-08 19:00:24
The Rose & the Dagger (The Wrath and the Dawn #2),N/A,Fantasy,4,£58.64,2026-04-08 19:00:25
The Road to Little Dribbling: Adventures of an American in Britain (Notes From a Small Island #2),N/A,Travel,1,£23.21,2026-04-08 19:00:26
The Rise of Theodore Roosevelt (Theodore Roosevelt #1),N/A,Biography,3,£42.57,2026-04-08 19:00:27
The Restaurant at the End of the Universe (Hitchhiker's Guide to the Galaxy #2),N/A,Science Fiction,1,£10.92,2026-04-08 19:00:29
The Rest Is Noise: Listening to the Twentieth Century,N/A,Add a comment,1,£34.77,2026-04-08 19:00:30
The Red Tent,N/A,Historical Fiction,5,£35.66,2026-04-08 19:00:31
The Purpose Driven Life: What on Earth Am I Here for?,N/A,Add a comment,3,£37.19,2026-04-08 19:00:32
The Purest Hook (Second Circle Tattoos #3),N/A,Romance,1,£12.25,2026-04-08 19:00:33
The Picture of Dorian Gray,N/A,Classics,2,£29.70,2026-04-08 19:00:34
The Paris Wife,N/A,Default,3,£36.80,2026-04-08 19:00:35
The Obsession,N/A,Romance,1,£45.43,2026-04-08 19:00:36
The Nightingale,N/A,Fiction,4,£26.26,2026-04-08 19:00:37
The New Guy (and Other Senior Year Distractions),N/A,Young Adult,3,£44.92,2026-04-08 19:00:38
The Nanny Diaries (Nanny #1),N/A,Womens Fiction,5,£52.53,2026-04-08 19:00:39
The Name of God is Mercy,N/A,Nonfiction,2,£37.25,2026-04-08 19:00:40
The Maze Runner (The Maze Runner #1),N/A,Default,1,£20.93,2026-04-08 19:00:42
The Lover's Dictionary,N/A,Default,2,£58.09,2026-04-08 19:00:43
The Lonely Ones,N/A,Childrens,5,£43.59,2026-04-08 19:00:44
The Lean Startup: How Today's Entrepreneurs Use Continuous Innovation to Create Radically Successful Businesses,N/A,Business,3,£33.92,2026-04-08 19:00:45
The Last Painting of Sara de Vos,N/A,Historical Fiction,2,£55.55,2026-04-08 19:00:46
"The Land of 10,000 Madonnas",N/A,Young Adult,4,£29.64,2026-04-08 19:00:47
The Infinities,N/A,Fiction,1,£27.41,2026-04-08 19:00:48
The Husband's Secret,N/A,Fiction,5,£52.51,2026-04-08 19:00:49
The Hitchhiker's Guide to the Galaxy (Hitchhiker's Guide to the Galaxy #1),N/A,Add a comment,3,£47.80,2026-04-08 19:00:50
The Guns of August,N/A,History,2,£14.54,2026-04-08 19:00:52
The Guernsey Literary and Potato Peel Pie Society,N/A,Historical Fiction,1,£49.53,2026-04-08 19:00:53
The Goldfinch,N/A,Default,3,£43.58,2026-04-08 19:00:54
The Giver (The Giver Quartet #1),N/A,Default,1,£12.30,2026-04-08 19:00:55
The Girl with All the Gifts,N/A,Horror,3,£49.47,2026-04-08 19:00:56
The Girl Who Played with Fire (Millennium Trilogy #2),N/A,Default,2,£22.14,2026-04-08 19:00:57
The Girl Who Kicked the Hornet's Nest (Millennium Trilogy #3),N/A,Add a comment,1,£57.48,2026-04-08 19:00:58
The Exiled,N/A,Mystery,3,£43.45,2026-04-08 19:00:59
"The End of Faith: Religion, Terror, and the Future of Reason",N/A,Add a comment,4,£22.13,2026-04-08 19:01:00
"The Elegant Universe: Superstrings, Hidden Dimensions, and the Quest for the Ultimate Theory",N/A,Science,4,£13.03,2026-04-08 19:01:02
"The Disappearing Spoon: And Other True Tales of Madness, Love, and the History of the World from the Periodic Table of the Elements",N/A,Science,5,£57.35,2026-04-08 19:01:03
The Devil Wears Prada (The Devil Wears Prada #1),N/A,Womens Fiction,1,£44.29,2026-04-08 19:01:04
The Demon-Haunted World: Science as a Candle in the Dark,N/A,Default,4,£52.25,2026-04-08 19:01:05
The Day the Crayons Came Home (Crayons),N/A,Childrens,5,£26.33,2026-04-08 19:01:06
The Da Vinci Code (Robert Langdon #2),N/A,Fiction,2,£22.96,2026-04-08 19:01:07
The Cuckoo's Calling (Cormoran Strike #1),N/A,Mystery,1,£19.21,2026-04-08 19:01:08
The Complete Stories and Poems (The Works of Edgar Allan Poe [Cameo Edition]),N/A,Classics,4,£26.78,2026-04-08 19:01:09
The Complete Poems,N/A,Add a comment,5,£41.32,2026-04-08 19:01:10
The Catcher in the Rye,N/A,Add a comment,1,£24.55,2026-04-08 19:01:11
The Cat in the Hat (Beginner Books B-1),N/A,Childrens,2,£16.26,2026-04-08 19:01:12
The Case for Christ (Cases for Christianity),N/A,Add a comment,1,£47.84,2026-04-08 19:01:13
The Book Thief,N/A,Default,2,£53.49,2026-04-08 19:01:14
The Book of Basketball: The NBA According to The Sports Guy,N/A,Sports and Games,5,£44.84,2026-04-08 19:01:15
The Blind Side: Evolution of a Game,N/A,Add a comment,5,£53.71,2026-04-08 19:01:16
The Autobiography of Malcolm X,N/A,Default,2,£23.43,2026-04-08 19:01:17
"The Art of Simple Food: Notes, Lessons, and Recipes from a Delicious Revolution",N/A,Food and Drink,3,£34.32,2026-04-08 19:01:18
The Art of Fielding,N/A,Fiction,1,£22.10,2026-04-08 19:01:19
"Surely You're Joking, Mr. Feynman!: Adventures of a Curious Character",N/A,Science,2,£25.83,2026-04-08 19:01:20
Stiff: The Curious Lives of Human Cadavers,N/A,Nonfiction,3,£36.74,2026-04-08 19:01:21
Spilled Milk: Based on a True Story,N/A,Nonfiction,1,£49.51,2026-04-08 19:01:23
Something Borrowed (Darcy & Rachel #1),N/A,Womens Fiction,5,£48.96,2026-04-08 19:01:24
Something Blue (Darcy & Rachel #2),N/A,Womens Fiction,1,£54.62,2026-04-08 19:01:25
Soldier (Talon #3),N/A,Fantasy,2,£24.72,2026-04-08 19:01:26
Shopaholic & Baby (Shopaholic #5),N/A,Default,2,£46.45,2026-04-08 19:01:27
Seven Days in the Art World,N/A,Add a comment,2,£52.33,2026-04-08 19:01:28
Seven Brief Lessons on Physics,N/A,Science,4,£30.60,2026-04-08 19:01:29
Scarlet (The Lunar Chronicles #2),N/A,Young Adult,4,£14.57,2026-04-08 19:01:30
Sarah's Key,N/A,Add a comment,1,£46.29,2026-04-08 19:01:31
"Saga, Volume 3 (Saga (Collected Editions) #3)",N/A,Sequential Art,5,£21.57,2026-04-08 19:01:32
Running with Scissors,N/A,Autobiography,4,£12.91,2026-04-08 19:01:33
Rogue Lawyer (Rogue Lawyer #1),N/A,Add a comment,3,£50.11,2026-04-08 19:01:34
"Rise of the Rocket Girls: The Women Who Propelled Us, from Missiles to the Moon to Mars",N/A,Nonfiction,4,£41.67,2026-04-08 19:01:35
Rework,N/A,Business,2,£44.88,2026-04-08 19:01:36
Reservations for Two,N/A,Romance,3,£11.10,2026-04-08 19:01:37
Red: The True Story of Red Riding Hood,N/A,Childrens,3,£28.54,2026-04-08 19:01:38
Ready Player One,N/A,Science Fiction,4,£19.07,2026-04-08 19:01:40
Quiet: The Power of Introverts in a World That Can't Stop Talking,N/A,Default,1,£43.55,2026-04-08 19:01:41
Prodigy: The Graphic Novel (Legend: The Graphic Novel #2),N/A,Sequential Art,3,£43.63,2026-04-08 19:01:42
Persepolis: The Story of a Childhood (Persepolis #1-2),N/A,Sequential Art,1,£39.13,2026-04-08 19:01:43
Packing for Mars: The Curious Science of Life in the Void,N/A,Default,2,£56.68,2026-04-08 19:01:44
Outliers: The Story of Success,N/A,Nonfiction,1,£14.16,2026-04-08 19:01:45
Original Fake,N/A,Sequential Art,3,£31.45,2026-04-08 19:01:46
Orange Is the New Black,N/A,Default,2,£24.61,2026-04-08 19:01:47
One for the Money (Stephanie Plum #1),N/A,Default,2,£32.87,2026-04-08 19:01:48
Notes from a Small Island (Notes From a Small Island #1),N/A,Nonfiction,1,£40.17,2026-04-08 19:01:49
Night (The Night Trilogy #1),N/A,Nonfiction,1,£13.51,2026-04-08 19:01:50
Neither Here nor There: Travels in Europe,N/A,Travel,3,£38.95,2026-04-08 19:01:52
Naked,N/A,Humor,3,£31.69,2026-04-08 19:01:53
Morning Star (Red Rising #3),N/A,Default,1,£29.40,2026-04-08 19:01:54
"Miracles from Heaven: A Little Girl, Her Journey to Heaven, and Her Amazing Story of Healing",N/A,Nonfiction,1,£57.83,2026-04-08 19:01:55
Midnight Riot (Peter Grant/ Rivers of London - books #1),N/A,Fantasy,2,£55.46,2026-04-08 19:01:56
Me Talk Pretty One Day,N/A,Autobiography,2,£57.60,2026-04-08 19:01:57
Manuscript Found in Accra,N/A,Add a comment,2,£34.98,2026-04-08 19:01:59
Lust & Wonder,N/A,Autobiography,2,£11.87,2026-04-08 19:02:00
Lila (Gilead #3),N/A,Fiction,3,£12.47,2026-04-08 19:02:01
"Life, the Universe and Everything (Hitchhiker's Guide to the Galaxy #3)",N/A,Science Fiction,2,£33.26,2026-04-08 19:02:02
Life Without a Recipe,N/A,Autobiography,5,£59.04,2026-04-08 19:02:03
Life After Life,N/A,Default,2,£26.13,2026-04-08 19:02:04
Letter to a Christian Nation,N/A,Nonfiction,1,£22.20,2026-04-08 19:02:05
Let's Pretend This Never Happened: A Mostly True Memoir,N/A,Nonfiction,1,£45.11,2026-04-08 19:02:06
Legend (Legend #1),N/A,Young Adult,4,£43.69,2026-04-08 19:02:08
"Lean In: Women, Work, and the Will to Lead",N/A,Default,1,£25.02,2026-04-08 19:02:09
"Lamb: The Gospel According to Biff, Christ's Childhood Pal",N/A,Humor,5,£55.50,2026-04-08 19:02:10
Lady Renegades (Rebel Belle #3),N/A,Young Adult,5,£53.04,2026-04-08 19:02:11
Jurassic Park (Jurassic Park #1),N/A,Fiction,1,£44.97,2026-04-08 19:02:12
It's Never Too Late to Begin Again: Discovering Creativity and Meaning at Midlife and Beyond,N/A,Nonfiction,1,£42.38,2026-04-08 19:02:13
Is Everyone Hanging Out Without Me? (And Other Concerns),N/A,Default,3,£20.11,2026-04-08 19:02:14
Into the Wild,N/A,Nonfiction,5,£56.70,2026-04-08 19:02:15
Inferno (Robert Langdon #4),N/A,Fiction,5,£41.00,2026-04-08 19:02:16
"In the Garden of Beasts: Love, Terror, and an American Family in Hitler's Berlin",N/A,Nonfiction,3,£28.85,2026-04-08 19:02:17
If I Run (If I Run #1),N/A,Christian Fiction,4,£49.97,2026-04-08 19:02:18
I've Got Your Number,N/A,Womens Fiction,1,£19.69,2026-04-08 19:02:20
I Am Malala: The Girl Who Stood Up for Education and Was Shot by the Taliban,N/A,Nonfiction,2,£28.88,2026-04-08 19:02:21
Hungry Girl Clean & Hungry: Easy All-Natural Recipes for Healthy Eating in the Real World,N/A,Food and Drink,3,£33.14,2026-04-08 19:02:22
"House of Lost Worlds: Dinosaurs, Dynasties, and the Story of Life on Earth",N/A,History,2,£43.70,2026-04-08 19:02:23
House of Leaves,N/A,Horror,1,£54.89,2026-04-08 19:02:24
Horrible Bear!,N/A,Childrens,2,£37.52,2026-04-08 19:02:25
Holidays on Ice,N/A,Humor,2,£51.07,2026-04-08 19:02:26
Heir to the Sky,N/A,Fantasy,4,£44.07,2026-04-08 19:02:27
Green Eggs and Ham (Beginner Books B-16),N/A,Childrens,4,£10.79,2026-04-08 19:02:28
"Grayson, Vol 3: Nemesis (Grayson #3)",N/A,Sequential Art,1,£42.72,2026-04-08 19:02:29
Gratitude,N/A,Nonfiction,5,£26.66,2026-04-08 19:02:30
Gone Girl,N/A,Default,5,£37.60,2026-04-08 19:02:32
Golden (Heart of Dread #3),N/A,Young Adult,4,£42.21,2026-04-08 19:02:33
Girl in the Blue Coat,N/A,Historical Fiction,2,£46.83,2026-04-08 19:02:34
"Fruits Basket, Vol. 3 (Fruits Basket #3)",N/A,Sequential Art,2,£45.17,2026-04-08 19:02:35
"Friday Night Lights: A Town, a Team, and a Dream",N/A,Sports and Games,3,£51.22,2026-04-08 19:02:36
Fire Bound (Sea Haven/Sisters of the Heart #5),N/A,Add a comment,4,£21.28,2026-04-08 19:02:37
Fifty Shades Freed (Fifty Shades #3),N/A,Adult Fiction,5,£15.36,2026-04-08 19:02:38
Fellside,N/A,Default,1,£38.62,2026-04-08 19:02:39
Extreme Prey (Lucas Davenport #26),N/A,Mystery,3,£25.40,2026-04-08 19:02:40
Eragon (The Inheritance Cycle #1),N/A,Fantasy,3,£43.87,2026-04-08 19:02:41
Eclipse (Twilight #3),N/A,Default,1,£18.74,2026-04-08 19:02:42
Dune (Dune #1),N/A,Science Fiction,1,£54.86,2026-04-08 19:02:43
Dracula,N/A,Default,3,£52.62,2026-04-08 19:02:45
Do Androids Dream of Electric Sheep? (Blade Runner #1),N/A,Science Fiction,1,£51.48,2026-04-08 19:02:46
Disrupted: My Misadventure in the Start-Up Bubble,N/A,Nonfiction,5,£15.28,2026-04-08 19:02:47
Dead Wake: The Last Crossing of the Lusitania,N/A,Default,5,£39.24,2026-04-08 19:02:48
"David and Goliath: Underdogs, Misfits, and the Art of Battling Giants",N/A,Default,1,£17.81,2026-04-08 19:02:49
Darkfever (Fever #1),N/A,Fantasy,1,£56.02,2026-04-08 19:02:50
Dark Places,N/A,Default,5,£23.90,2026-04-08 19:02:51
Crazy Rich Asians (Crazy Rich Asians #1),N/A,Fiction,5,£49.13,2026-04-08 19:02:53
Counting Thyme,N/A,Childrens,1,£10.62,2026-04-08 19:02:54
Cosmos,N/A,Add a comment,2,£36.17,2026-04-08 19:02:55
Civilization and Its Discontents,N/A,Psychology,2,£59.95,2026-04-08 19:02:56
Cinder (The Lunar Chronicles #1),N/A,Young Adult,1,£26.09,2026-04-08 19:02:57
Catastrophic Happiness: Finding Joy in Childhood's Messy Years,N/A,Parenting,2,£37.35,2026-04-08 19:02:58
Career of Evil (Cormoran Strike #3),N/A,Mystery,2,£24.72,2026-04-08 19:02:59
Breaking Dawn (Twilight #4),N/A,Default,5,£35.28,2026-04-08 19:03:00
Brave Enough,N/A,Nonfiction,5,£51.32,2026-04-08 19:03:01
Boy Meets Boy,N/A,Young Adult,3,£21.12,2026-04-08 19:03:02
"Born to Run: A Hidden Tribe, Superathletes, and the Greatest Race the World Has Never Seen",N/A,Nonfiction,2,£27.35,2026-04-08 19:03:03
Blink: The Power of Thinking Without Thinking,N/A,Nonfiction,5,£21.74,2026-04-08 19:03:05
Black Flags: The Rise of ISIS,N/A,Nonfiction,1,£40.87,2026-04-08 19:03:06
"Black Butler, Vol. 1 (Black Butler #1)",N/A,Sequential Art,1,£49.31,2026-04-08 19:03:07
Big Little Lies,N/A,Fiction,1,£22.11,2026-04-08 19:03:08
Between Shades of Gray,N/A,Historical Fiction,5,£20.79,2026-04-08 19:03:09
Best of My Love (Fool's Gold #20),N/A,Romance,2,£27.41,2026-04-08 19:03:10
Beowulf,N/A,Classics,2,£38.35,2026-04-08 19:03:11
Beautiful Creatures (Caster Chronicles #1),N/A,Default,5,£21.55,2026-04-08 19:03:12
Awkward,N/A,Sequential Art,2,£38.02,2026-04-08 19:03:13
Ash,N/A,Fantasy,4,£22.06,2026-04-08 19:03:14
Are We There Yet?,N/A,Childrens,3,£10.66,2026-04-08 19:03:15
Are We Smart Enough to Know How Smart Animals Are?,N/A,Nonfiction,1,£56.58,2026-04-08 19:03:17
Annie on My Mind,N/A,Young Adult,5,£36.83,2026-04-08 19:03:18
And Then There Were None,N/A,Classics,2,£35.01,2026-04-08 19:03:19
A Walk in the Woods: Rediscovering America on the Appalachian Trail,N/A,Nonfiction,4,£30.48,2026-04-08 19:03:20
A Visit from the Goon Squad,N/A,Default,5,£14.08,2026-04-08 19:03:21
A Storm of Swords (A Song of Ice and Fire #3),N/A,Fantasy,2,£31.22,2026-04-08 19:03:22
A Heartbreaking Work of Staggering Genius,N/A,Autobiography,5,£54.29,2026-04-08 19:03:23
8 Keys to Mental Health Through Exercise,N/A,Psychology,1,£31.04,2026-04-08 19:03:24
#GIRLBOSS,N/A,Add a comment,1,£50.96,2026-04-08 19:03:25
"The Suffragettes (Little Black Classics, #96)",N/A,Nonfiction,2,£11.89,2026-04-08 19:03:26
The Sense of an Ending,N/A,Add a comment,3,£31.38,2026-04-08 19:03:27
"The Sandman, Vol. 2: The Doll's House (The Sandman (volumes) #2)",N/A,Sequential Art,1,£54.81,2026-04-08 19:03:29
The Course of Love,N/A,Fiction,3,£16.78,2026-04-08 19:03:30
Sugar Rush (Offensive Line #2),N/A,Sports and Games,1,£24.42,2026-04-08 19:03:31
"Saga, Volume 2 (Saga (Collected Editions) #2)",N/A,Sequential Art,3,£11.75,2026-04-08 19:03:32
"Run, Spot, Run: The Ethics of Keeping Pets",N/A,Philosophy,1,£20.02,2026-04-08 19:03:33
New Moon (Twilight #2),N/A,Young Adult,4,£12.86,2026-04-08 19:03:34
Life,N/A,Music,5,£31.58,2026-04-08 19:03:35
Kindle Paperwhite User's Guide,N/A,Nonfiction,3,£34.00,2026-04-08 19:03:36
H is for Hawk,N/A,Nonfiction,5,£57.42,2026-04-08 19:03:37
Girl Online On Tour (Girl Online #2),N/A,Young Adult,1,£53.47,2026-04-08 19:03:38
"Fruits Basket, Vol. 2 (Fruits Basket #2)",N/A,Sequential Art,5,£11.64,2026-04-08 19:03:40
Diary of a Minecraft Zombie Book 1: A Scare of a Dare (An Unofficial Minecraft Book),N/A,Childrens,4,£52.88,2026-04-08 19:03:41
"Y: The Last Man, Vol. 1: Unmanned (Y: The Last Man #1)",N/A,Sequential Art,4,£18.51,2026-04-08 19:03:42
While You Were Mine,N/A,Historical Fiction,5,£41.32,2026-04-08 19:03:43
Where Lightning Strikes (Bleeding Stars #3),N/A,Romance,3,£39.77,2026-04-08 19:03:44
When I'm Gone,N/A,Fiction,3,£51.96,2026-04-08 19:03:45
Ways of Seeing,N/A,Art,5,£39.51,2026-04-08 19:03:46
"Vampire Knight, Vol. 1 (Vampire Knight #1)",N/A,Paranormal,1,£15.40,2026-04-08 19:03:47
Vampire Girl (Vampire Girl #1),N/A,Fantasy,2,£53.82,2026-04-08 19:03:48
Twenty Love Poems and a Song of Despair,N/A,Poetry,4,£30.95,2026-04-08 19:03:49
Travels with Charley: In Search of America,N/A,Nonfiction,5,£57.82,2026-04-08 19:03:51
Three Wishes (River of Time: California #1),N/A,Science Fiction,2,£44.18,2026-04-08 19:03:52
This One Moment (Pushing Limits #1),N/A,Romance,1,£48.71,2026-04-08 19:03:53
The Zombie Room,N/A,Default,5,£19.69,2026-04-08 19:03:54
"The Wicked + The Divine, Vol. 1: The Faust Act (The Wicked + The Divine)",N/A,Sequential Art,2,£36.52,2026-04-08 19:03:55
The Tumor,N/A,Nonfiction,5,£41.56,2026-04-08 19:03:56
The Story of Hong Gildong,N/A,Classics,4,£43.19,2026-04-08 19:03:57
The Silent Wife,N/A,Fiction,5,£12.34,2026-04-08 19:03:58
The Silent Twin (Detective Jennifer Knight #3),N/A,Fantasy,3,£36.25,2026-04-08 19:03:59
The Selfish Gene,N/A,Science,1,£29.45,2026-04-08 19:04:00
The Secret Healer,N/A,Historical Fiction,3,£34.56,2026-04-08 19:04:01
"The Sandman, Vol. 1: Preludes and Nocturnes (The Sandman (volumes) #1)",N/A,Sequential Art,3,£54.12,2026-04-08 19:04:03
The Republic,N/A,Add a comment,3,£33.78,2026-04-08 19:04:04
The Odyssey,N/A,Add a comment,3,£29.64,2026-04-08 19:04:05
The No. 1 Ladies' Detective Agency (No. 1 Ladies' Detective Agency #1),N/A,Mystery,4,£57.70,2026-04-08 19:04:06
The Nicomachean Ethics,N/A,Philosophy,1,£36.34,2026-04-08 19:04:07
The Name of the Wind (The Kingkiller Chronicle #1),N/A,Default,3,£50.59,2026-04-08 19:04:08
The Mirror & the Maze (The Wrath and the Dawn #1.5),N/A,Fantasy,1,£29.38,2026-04-08 19:04:09
The Little Prince,N/A,Classics,2,£45.42,2026-04-08 19:04:10
The Light of the Fireflies,N/A,Add a comment,1,£54.43,2026-04-08 19:04:11
The Last Girl (The Dominion Trilogy #1),N/A,Science Fiction,2,£36.26,2026-04-08 19:04:12
The Iliad,N/A,Add a comment,1,£16.16,2026-04-08 19:04:14
The Hook Up (Game On #1),N/A,New Adult,5,£36.29,2026-04-08 19:04:15
The Haters,N/A,Young Adult,5,£27.89,2026-04-08 19:04:16
The Girl You Lost,N/A,Mystery,5,£12.29,2026-04-08 19:04:17
The Girl In The Ice (DCI Erika Foster #1),N/A,Mystery,3,£15.85,2026-04-08 19:04:18
The End of the Jesus Era (An Investigation #1),N/A,Nonfiction,1,£14.40,2026-04-08 19:04:19
The Edge of Reason (Bridget Jones #2),N/A,Womens Fiction,4,£19.18,2026-04-08 19:04:20
The Complete Maus (Maus #1-2),N/A,Sequential Art,3,£10.64,2026-04-08 19:04:21
The Communist Manifesto,N/A,Add a comment,3,£14.76,2026-04-08 19:04:22
The Bhagavad Gita,N/A,Religion,3,£57.49,2026-04-08 19:04:23
The Bette Davis Club,N/A,Fiction,3,£30.66,2026-04-08 19:04:24
The Art of Not Breathing,N/A,Young Adult,4,£40.83,2026-04-08 19:04:25
Taking Shots (Assassins #1),N/A,Default,2,£18.88,2026-04-08 19:04:26
Starlark,N/A,Historical Fiction,3,£25.83,2026-04-08 19:04:28
"Skip Beat!, Vol. 01 (Skip Beat! #1)",N/A,Sequential Art,3,£42.12,2026-04-08 19:04:29
Sister Sable (The Mad Queen #1),N/A,Fantasy,3,£13.33,2026-04-08 19:04:30
Shatter Me (Shatter Me #1),N/A,Default,1,£42.40,2026-04-08 19:04:31
Shameless,N/A,New Adult,3,£58.35,2026-04-08 19:04:32
Shadow Rites (Jane Yellowrock #10),N/A,Fantasy,4,£21.72,2026-04-08 19:04:33
Settling the Score (The Summer Games #1),N/A,Sports and Games,2,£44.91,2026-04-08 19:04:34
Sense and Sensibility,N/A,Classics,1,£37.46,2026-04-08 19:04:35
"Saga, Volume 1 (Saga (Collected Editions) #1)",N/A,Sequential Art,1,£28.48,2026-04-08 19:04:36
"Rhythm, Chord & Malykhin",N/A,Romance,2,£28.34,2026-04-08 19:04:37
"Rat Queens, Vol. 1: Sass & Sorcery (Rat Queens (Collected Editions) #1-5)",N/A,Sequential Art,5,£46.96,2026-04-08 19:04:38
Paradise Lost (Paradise #1),N/A,Default,1,£24.96,2026-04-08 19:04:40
"Paper Girls, Vol. 1 (Paper Girls #1-5)",N/A,Sequential Art,4,£21.71,2026-04-08 19:04:41
"Ouran High School Host Club, Vol. 1 (Ouran High School Host Club #1)",N/A,Sequential Art,3,£29.87,2026-04-08 19:04:42
Origins (Alphas 0.5),N/A,Fantasy,1,£28.99,2026-04-08 19:04:43
One Second (Seven #7),N/A,Fantasy,2,£52.94,2026-04-08 19:04:44
On the Road (Duluoz Legend),N/A,Default,3,£32.36,2026-04-08 19:04:45
Old Records Never Die: One Man's Quest for His Vinyl and His Past,N/A,Music,2,£55.66,2026-04-08 19:04:46
Off Sides (Off #1),N/A,New Adult,5,£39.45,2026-04-08 19:04:47
Of Mice and Men,N/A,Classics,2,£47.11,2026-04-08 19:04:48
Myriad (Prentor #1),N/A,Fantasy,4,£58.75,2026-04-08 19:04:49
My Perfect Mistake (Over the Top #1),N/A,Romance,2,£38.92,2026-04-08 19:04:50
"Ms. Marvel, Vol. 1: No Normal (Ms. Marvel (2014-2015) #1)",N/A,Sequential Art,4,£39.39,2026-04-08 19:04:52
Meditations,N/A,Philosophy,2,£25.89,2026-04-08 19:04:53
Matilda,N/A,Childrens,1,£28.34,2026-04-08 19:04:54
Lost Among the Living,N/A,Historical Fiction,4,£27.70,2026-04-08 19:04:55
Lord of the Flies,N/A,Add a comment,3,£24.89,2026-04-08 19:04:56
Listen to Me (Fusion #1),N/A,Romance,3,£58.99,2026-04-08 19:04:57
Kitchens of the Great Midwest,N/A,Fiction,5,£57.20,2026-04-08 19:04:58
Jane Eyre,N/A,Default,5,£38.43,2026-04-08 19:04:59
Imperfect Harmony,N/A,Romance,4,£34.74,2026-04-08 19:05:00
Icing (Aces Hockey #2),N/A,Sports and Games,4,£40.44,2026-04-08 19:05:01
"Hawkeye, Vol. 1: My Life as a Weapon (Hawkeye #1)",N/A,Sequential Art,3,£45.24,2026-04-08 19:05:02
Having the Barbarian's Baby (Ice Planet Barbarians #7.5),N/A,Science Fiction,4,£34.96,2026-04-08 19:05:03
"Giant Days, Vol. 1 (Giant Days #1-4)",N/A,Sequential Art,4,£56.76,2026-04-08 19:05:05
"Fruits Basket, Vol. 1 (Fruits Basket #1)",N/A,Sequential Art,5,£40.28,2026-04-08 19:05:06
Frankenstein,N/A,Default,2,£38.00,2026-04-08 19:05:07
Forever Rockers (The Rocker #12),N/A,Music,3,£28.80,2026-04-08 19:05:08
Fighting Fate (Fighting #6),N/A,Romance,3,£39.24,2026-04-08 19:05:09
Emma,N/A,Classics,2,£32.93,2026-04-08 19:05:10
"Eat, Pray, Love",N/A,Nonfiction,3,£51.32,2026-04-08 19:05:11
Deep Under (Walker Security #1),N/A,Romance,5,£47.09,2026-04-08 19:05:12
Choosing Our Religion: The Spiritual Lives of America's Nones,N/A,Religion,4,£28.42,2026-04-08 19:05:13
Charlie and the Chocolate Factory (Charlie Bucket #1),N/A,Childrens,3,£22.85,2026-04-08 19:05:14
Charity's Cross (Charles Towne Belles #4),N/A,Romance,1,£41.24,2026-04-08 19:05:16
Bright Lines,N/A,Fiction,5,£39.07,2026-04-08 19:05:17
Bridget Jones's Diary (Bridget Jones #1),N/A,Womens Fiction,1,£29.82,2026-04-08 19:05:18
Bounty (Colorado Mountain #7),N/A,Romance,4,£37.26,2026-04-08 19:05:19
Blood Defense (Samantha Brinkman #1),N/A,Mystery,3,£20.30,2026-04-08 19:05:20
"Bleach, Vol. 1: Strawberry and the Soul Reapers (Bleach #1)",N/A,Sequential Art,5,£34.65,2026-04-08 19:05:21
Beyond Good and Evil,N/A,Philosophy,1,£43.38,2026-04-08 19:05:22
Alice in Wonderland (Alice's Adventures in Wonderland #1),N/A,Classics,1,£55.53,2026-04-08 19:05:23
"Ajin: Demi-Human, Volume 1 (Ajin: Demi-Human #1)",N/A,Sequential Art,4,£57.06,2026-04-08 19:05:24
A Spy's Devotion (The Regency Spies of London #1),N/A,Historical Fiction,5,£16.97,2026-04-08 19:05:25
1st to Die (Women's Murder Club #1),N/A,Mystery,1,£53.98,2026-04-08 19:05:26
"1,000 Places to See Before You Die",N/A,Travel,5,£26.08,2026-04-08 19:05:28
A Light in the Attic,N/A,Poetry,3,£51.77,2026-04-09 20:02:28
Tipping the Velvet,N/A,Historical Fiction,1,£53.74,2026-04-09 20:02:30
Soumission,N/A,Fiction,1,£50.10,2026-04-09 20:02:31
Sharp Objects,N/A,Mystery,4,£47.82,2026-04-09 20:02:32
Sapiens: A Brief History of Humankind,N/A,History,5,£54.23,2026-04-09 20:02:34
The Requiem Red,N/A,Young Adult,1,£22.65,2026-04-09 20:02:36
The Dirty Little Secrets of Getting Your Dream Job,N/A,Business,4,£33.34,2026-04-09 20:02:37
"The Coming Woman: A Novel Based on the Life of the Infamous Feminist, Victoria Woodhull",N/A,Default,3,£17.93,2026-04-09 20:02:38
The Boys in the Boat: Nine Americans and Their Epic Quest for Gold at the 1936 Berlin Olympics,N/A,Default,4,£22.60,2026-04-09 20:02:39
The Black Maria,N/A,Poetry,1,£52.15,2026-04-09 20:02:41
"Starving Hearts (Triangular Trade Trilogy, #1)",N/A,Default,2,£13.99,2026-04-09 20:02:42
Shakespeare's Sonnets,N/A,Poetry,4,£20.66,2026-04-09 20:02:43
Set Me Free,N/A,Young Adult,5,£17.46,2026-04-09 20:02:44
Scott Pilgrim's Precious Little Life (Scott Pilgrim #1),N/A,Sequential Art,5,£52.29,2026-04-09 20:02:45
Rip it Up and Start Again,N/A,Music,5,£35.02,2026-04-09 20:02:46
"Our Band Could Be Your Life: Scenes from the American Indie Underground, 1981-1991",N/A,Music,3,£57.25,2026-04-09 20:02:47
Olio,N/A,Poetry,1,£23.88,2026-04-09 20:02:48
Mesaerion: The Best Science Fiction Stories 1800-1849,N/A,Science Fiction,1,£37.59,2026-04-09 20:02:50
Libertarianism for Beginners,N/A,Politics,2,£51.33,2026-04-09 20:02:51
It's Only the Himalayas,N/A,Travel,2,£45.17,2026-04-09 20:02:52
In Her Wake,N/A,Thriller,1,£12.84,2026-04-09 20:02:53
How Music Works,N/A,Music,2,£37.32,2026-04-09 20:02:54
"Foolproof Preserving: A Guide to Small Batch Jams, Jellies, Pickles, Condiments, and More: A Foolproof Guide to Making Small Batch Jams, Jellies, Pickles, Condiments, and More",N/A,Food and Drink,3,£30.52,2026-04-09 20:02:56
Chase Me (Paris Nights #2),N/A,Romance,5,£25.27,2026-04-09 20:02:57
Black Dust,N/A,Romance,5,£34.53,2026-04-09 20:02:58
Birdsong: A Story in Pictures,N/A,Childrens,3,£54.64,2026-04-09 20:02:59
America's Cradle of Quarterbacks: Western Pennsylvania's Football Factory from Johnny Unitas to Joe Montana,N/A,Default,3,£22.50,2026-04-09 20:03:00
Aladdin and His Wonderful Lamp,N/A,Default,3,£53.13,2026-04-09 20:03:02
Worlds Elsewhere: Journeys Around Shakespeare’s Globe,N/A,Nonfiction,5,£40.30,2026-04-09 20:03:03
Wall and Piece,N/A,Art,4,£44.18,2026-04-09 20:03:04
The Four Agreements: A Practical Guide to Personal Freedom,N/A,Spirituality,5,£17.66,2026-04-09 20:03:05
The Five Love Languages: How to Express Heartfelt Commitment to Your Mate,N/A,Nonfiction,3,£31.05,2026-04-09 20:03:06
The Elephant Tree,N/A,Thriller,5,£23.82,2026-04-09 20:03:07
The Bear and the Piano,N/A,Childrens,1,£36.89,2026-04-09 20:03:09
Sophie's World,N/A,Philosophy,5,£15.94,2026-04-09 20:03:10
Penny Maybe,N/A,Default,3,£33.29,2026-04-09 20:03:11
Maude (1883-1993):She Grew Up with the country,N/A,Default,2,£18.02,2026-04-09 20:03:12
"In a Dark, Dark Wood",N/A,Mystery,1,£19.63,2026-04-09 20:03:14
Behind Closed Doors,N/A,Thriller,4,£52.22,2026-04-09 20:03:15
You can't bury them all: Poems,N/A,Poetry,2,£33.63,2026-04-09 20:03:16
Slow States of Collapse: Poems,N/A,Poetry,3,£57.31,2026-04-09 20:03:17
Reasons to Stay Alive,N/A,Nonfiction,2,£26.41,2026-04-09 20:03:18
Private Paris (Private #10),N/A,Fiction,5,£47.61,2026-04-09 20:03:19
#HigherSelfie: Wake Up Your Life. Free Your Soul. Find Your Tribe.,N/A,Nonfiction,5,£23.11,2026-04-09 20:03:21
Without Borders (Wanderlove #1),N/A,New Adult,2,£45.07,2026-04-09 20:03:22
When We Collided,N/A,Contemporary,1,£31.77,2026-04-09 20:03:23
"We Love You, Charlie Freeman",N/A,Fiction,5,£50.27,2026-04-09 20:03:24
Untitled Collection: Sabbath Poems 2014,N/A,Poetry,4,£14.27,2026-04-09 20:03:26
"Unseen City: The Majesty of Pigeons, the Discreet Charm of Snails & Other Wonders of the Urban Wilderness",N/A,Nonfiction,4,£44.18,2026-04-09 20:03:27
Unicorn Tracks,N/A,Fantasy,3,£18.78,2026-04-09 20:03:28
"Unbound: How Eight Technologies Made Us Human, Transformed Society, and Brought Our World to the Brink",N/A,History,1,£25.52,2026-04-09 20:03:29
Tsubasa: WoRLD CHRoNiCLE 2 (Tsubasa WoRLD CHRoNiCLE #2),N/A,Sequential Art,1,£16.28,2026-04-09 20:03:30
Throwing Rocks at the Google Bus: How Growth Became the Enemy of Prosperity,N/A,Nonfiction,3,£31.12,2026-04-09 20:03:32
This One Summer,N/A,Sequential Art,4,£19.49,2026-04-09 20:03:33
Thirst,N/A,Fiction,5,£17.27,2026-04-09 20:03:34
The Torch Is Passed: A Harding Family Story,N/A,Add a comment,1,£19.09,2026-04-09 20:03:35
The Secret of Dreadwillow Carse,N/A,Childrens,1,£56.13,2026-04-09 20:03:36
"The Pioneer Woman Cooks: Dinnertime: Comfort Classics, Freezer Food, 16-Minute Meals, and Other Delicious Ways to Solve Supper!",N/A,Food and Drink,1,£56.41,2026-04-09 20:03:38
The Past Never Ends,N/A,Mystery,4,£56.50,2026-04-09 20:03:39
The Natural History of Us (The Fine Art of Pretending #2),N/A,Young Adult,3,£45.22,2026-04-09 20:03:40
The Nameless City (The Nameless City #1),N/A,Sequential Art,4,£38.16,2026-04-09 20:03:41
The Murder That Never Was (Forensic Instincts #5),N/A,Fiction,3,£54.11,2026-04-09 20:03:43
The Most Perfect Thing: Inside (and Outside) a Bird's Egg,N/A,Science,4,£42.96,2026-04-09 20:03:44
"The Mindfulness and Acceptance Workbook for Anxiety: A Guide to Breaking Free from Anxiety, Phobias, and Worry Using Acceptance and Commitment Therapy",N/A,Add a comment,4,£23.89,2026-04-09 20:03:45
The Life-Changing Magic of Tidying Up: The Japanese Art of Decluttering and Organizing,N/A,Nonfiction,3,£16.77,2026-04-09 20:03:46
"The Inefficiency Assassin: Time Management Tactics for Working Smarter, Not Longer",N/A,Default,5,£20.59,2026-04-09 20:03:47
The Gutsy Girl: Escapades for Your Life of Epic Adventure,N/A,Nonfiction,1,£37.13,2026-04-09 20:03:48
The Electric Pencil: Drawings from Inside State Hospital No. 3,N/A,Nonfiction,1,£56.06,2026-04-09 20:03:49
The Death of Humanity: and the Case for Life,N/A,Philosophy,4,£58.11,2026-04-09 20:03:50
"The Bulletproof Diet: Lose up to a Pound a Day, Reclaim Energy and Focus, Upgrade Your Life",N/A,Health,3,£49.05,2026-04-09 20:03:52
The Art Forger,N/A,Add a comment,3,£40.76,2026-04-09 20:03:53
The Age of Genius: The Seventeenth Century and the Birth of the Modern Mind,N/A,History,1,£19.73,2026-04-09 20:03:54
The Activist's Tao Te Ching: Ancient Advice for a Modern Revolution,N/A,Spirituality,5,£32.24,2026-04-09 20:03:55
Spark Joy: An Illustrated Master Class on the Art of Organizing and Tidying Up,N/A,Nonfiction,4,£41.83,2026-04-09 20:03:56
Soul Reader,N/A,Default,2,£39.58,2026-04-09 20:03:57
Security,N/A,Horror,2,£39.25,2026-04-09 20:03:58
"Saga, Volume 6 (Saga (Collected Editions) #6)",N/A,Fantasy,3,£25.02,2026-04-09 20:04:00
"Saga, Volume 5 (Saga (Collected Editions) #5)",N/A,Sequential Art,2,£51.04,2026-04-09 20:04:01
Reskilling America: Learning to Labor in the Twenty-First Century,N/A,Nonfiction,2,£19.83,2026-04-09 20:04:02
"Rat Queens, Vol. 3: Demons (Rat Queens (Collected Editions) #11-15)",N/A,Sequential Art,3,£50.40,2026-04-09 20:04:03
"Princess Jellyfish 2-in-1 Omnibus, Vol. 01 (Princess Jellyfish 2-in-1 Omnibus #1)",N/A,Sequential Art,5,£13.61,2026-04-09 20:04:04
Princess Between Worlds (Wide-Awake Princess #5),N/A,Fantasy,5,£13.34,2026-04-09 20:04:06
"Pop Gun War, Volume 1: Gift",N/A,Sequential Art,1,£18.97,2026-04-09 20:04:07
"Political Suicide: Missteps, Peccadilloes, Bad Calls, Backroom Hijinx, Sordid Pasts, Rotten Breaks, and Just Plain Dumb Mistakes in the Annals of American Politics",N/A,History,2,£36.28,2026-04-09 20:04:08
Patience,N/A,Sequential Art,3,£10.16,2026-04-09 20:04:09
"Outcast, Vol. 1: A Darkness Surrounds Him (Outcast #1)",N/A,Sequential Art,4,£15.44,2026-04-09 20:04:11
orange: The Complete Collection 1 (orange: The Complete Collection #1),N/A,Sequential Art,1,£48.41,2026-04-09 20:04:12
Online Marketing for Busy Authors: A Step-By-Step Guide,N/A,Self Help,1,£46.35,2026-04-09 20:04:13
On a Midnight Clear,N/A,Add a comment,3,£14.07,2026-04-09 20:04:14
Obsidian (Lux #1),N/A,Young Adult,2,£14.86,2026-04-09 20:04:15
My Paris Kitchen: Recipes and Stories,N/A,Food and Drink,2,£33.37,2026-04-09 20:04:16
Masks and Shadows,N/A,Fantasy,2,£56.40,2026-04-09 20:04:17
"Mama Tried: Traditional Italian Cooking for the Screwed, Crude, Vegan, and Tattooed",N/A,Food and Drink,4,£14.02,2026-04-09 20:04:18
"Lumberjanes, Vol. 2: Friendship to the Max (Lumberjanes #5-8)",N/A,Sequential Art,2,£46.91,2026-04-09 20:04:19
"Lumberjanes, Vol. 1: Beware the Kitten Holy (Lumberjanes #1-4)",N/A,Sequential Art,3,£45.61,2026-04-09 20:04:21
Lumberjanes Vol. 3: A Terrible Plan (Lumberjanes #9-12),N/A,Sequential Art,2,£19.92,2026-04-09 20:04:22
"Layered: Baking, Building, and Styling Spectacular Cakes",N/A,Food and Drink,1,£40.11,2026-04-09 20:04:23
Judo: Seven Steps to Black Belt (an Introductory Guide for Beginners),N/A,Add a comment,2,£53.90,2026-04-09 20:04:24
Join,N/A,Science Fiction,5,£35.67,2026-04-09 20:04:25
In the Country We Love: My Family Divided,N/A,Nonfiction,4,£22.00,2026-04-09 20:04:27
Immunity: How Elie Metchnikoff Changed the Course of Modern Medicine,N/A,Science,5,£57.36,2026-04-09 20:04:28
"I Hate Fairyland, Vol. 1: Madly Ever After (I Hate Fairyland (Compilations) #1-5)",N/A,Sequential Art,2,£29.17,2026-04-09 20:04:29
I am a Hero Omnibus Volume 1,N/A,Sequential Art,3,£54.63,2026-04-09 20:04:31
How to Be Miserable: 40 Strategies You Already Use,N/A,Self Help,1,£46.03,2026-04-09 20:04:32
Her Backup Boyfriend (The Sorensen Family #1),N/A,Romance,1,£33.97,2026-04-09 20:04:33
"Giant Days, Vol. 2 (Giant Days #5-8)",N/A,Sequential Art,2,£22.11,2026-04-09 20:04:34
Forever and Forever: The Courtship of Henry Longfellow and Fanny Appleton,N/A,Historical Fiction,3,£29.69,2026-04-09 20:04:35
First and First (Five Boroughs #3),N/A,Romance,4,£15.97,2026-04-09 20:04:36
Fifty Shades Darker (Fifty Shades #2),N/A,Romance,1,£21.96,2026-04-09 20:04:37
Everydata: The Misinformation Hidden in the Little Data You Consume Every Day,N/A,Nonfiction,2,£54.35,2026-04-09 20:04:38
"Don't Be a Jerk: And Other Practical Advice from Dogen, Japan's Greatest Zen Master",N/A,Religion,2,£37.97,2026-04-09 20:04:39
Danganronpa Volume 1,N/A,Sequential Art,4,£51.99,2026-04-09 20:04:41
Crown of Midnight (Throne of Glass #2),N/A,Fantasy,3,£43.29,2026-04-09 20:04:42
"Codename Baboushka, Volume 1: The Conclave of Death",N/A,Sequential Art,4,£36.72,2026-04-09 20:04:43
Camp Midnight,N/A,Sequential Art,4,£17.08,2026-04-09 20:04:44
Call the Nurse: True Stories of a Country Nurse on a Scottish Isle,N/A,Nonfiction,5,£29.14,2026-04-09 20:04:45
Burning,N/A,Young Adult,3,£28.81,2026-04-09 20:04:46
Bossypants,N/A,Default,2,£49.46,2026-04-09 20:04:47
"Bitch Planet, Vol. 1: Extraordinary Machine (Bitch Planet (Collected Editions))",N/A,Sequential Art,2,£37.92,2026-04-09 20:04:49
"Avatar: The Last Airbender: Smoke and Shadow, Part 3 (Smoke and Shadow #3)",N/A,Fantasy,2,£28.09,2026-04-09 20:04:50
Algorithms to Live By: The Computer Science of Human Decisions,N/A,Nonfiction,1,£30.81,2026-04-09 20:04:51
A World of Flavor: Your Gluten Free Passport,N/A,Default,1,£42.95,2026-04-09 20:04:52
"A Piece of Sky, a Grain of Rice: A Memoir in Four Meditations",N/A,Default,5,£56.76,2026-04-09 20:04:53
A Murder in Time,N/A,Mystery,1,£16.64,2026-04-09 20:04:55
A Flight of Arrows (The Pathfinders #2),N/A,Historical Fiction,5,£55.53,2026-04-09 20:04:56
A Fierce and Subtle Poison,N/A,Young Adult,4,£28.13,2026-04-09 20:04:57
A Court of Thorns and Roses (A Court of Thorns and Roses #1),N/A,Fantasy,1,£52.37,2026-04-09 20:04:58
(Un)Qualified: How God Uses Broken People to Do Big Things,N/A,Christian,5,£54.00,2026-04-09 20:05:00
You Are What You Love: The Spiritual Power of Habit,N/A,Religion,4,£21.87,2026-04-09 20:05:01
"William Shakespeare's Star Wars: Verily, A New Hope (William Shakespeare's Star Wars #4)",N/A,Science Fiction,4,£43.30,2026-04-09 20:05:02
Tuesday Nights in 1980,N/A,Fiction,2,£21.04,2026-04-09 20:05:03
Tracing Numbers on a Train,N/A,Default,3,£41.60,2026-04-09 20:05:05
Throne of Glass (Throne of Glass #1),N/A,Fantasy,3,£35.07,2026-04-09 20:05:06
Thomas Jefferson and the Tripoli Pirates: The Forgotten War That Changed American History,N/A,History,1,£59.64,2026-04-09 20:05:07
Thirteen Reasons Why,N/A,Default,1,£52.72,2026-04-09 20:05:08
The White Cat and the Monk: A Retelling of the Poem “Pangur Bán”,N/A,Childrens,4,£58.08,2026-04-09 20:05:09
The Wedding Dress,N/A,Romance,1,£24.12,2026-04-09 20:05:10
The Vacationers,N/A,Fiction,4,£42.15,2026-04-09 20:05:12
The Third Wave: An Entrepreneur’s Vision of the Future,N/A,Business,5,£12.61,2026-04-09 20:05:13
The Stranger,N/A,Philosophy,4,£17.44,2026-04-09 20:05:14
The Shadow Hero (The Shadow Hero),N/A,Sequential Art,1,£33.14,2026-04-09 20:05:15
The Secret (The Secret #1),N/A,Default,4,£27.37,2026-04-09 20:05:16
The Regional Office Is Under Attack!,N/A,Fiction,5,£51.36,2026-04-09 20:05:17
The Psychopath Test: A Journey Through the Madness Industry,N/A,Default,2,£36.00,2026-04-09 20:05:19
The Project,N/A,Science Fiction,1,£10.65,2026-04-09 20:05:20
The Power of Now: A Guide to Spiritual Enlightenment,N/A,Nonfiction,2,£43.54,2026-04-09 20:05:22
The Omnivore's Dilemma: A Natural History of Four Meals,N/A,Nonfiction,2,£38.21,2026-04-09 20:05:23
The Nerdy Nummies Cookbook: Sweet Treats for the Geek in All of Us,N/A,Food and Drink,5,£37.34,2026-04-09 20:05:24
The Murder of Roger Ackroyd (Hercule Poirot #4),N/A,Mystery,4,£44.10,2026-04-09 20:05:25
The Mistake (Off-Campus #2),N/A,New Adult,3,£43.29,2026-04-09 20:05:27
The Matchmaker's Playbook (Wingmen Inc. #1),N/A,New Adult,1,£55.85,2026-04-09 20:05:28
The Love and Lemons Cookbook: An Apple-to-Zucchini Celebration of Impromptu Cooking,N/A,Food and Drink,2,£37.60,2026-04-09 20:05:29
The Long Shadow of Small Ghosts: Murder and Memory in an American City,N/A,Crime,1,£10.97,2026-04-09 20:05:31
The Kite Runner,N/A,Default,4,£41.82,2026-04-09 20:05:33
The House by the Lake,N/A,Historical Fiction,1,£36.95,2026-04-09 20:05:35
The Glittering Court (The Glittering Court #1),N/A,Fantasy,1,£44.28,2026-04-09 20:05:37
The Girl on the Train,N/A,Default,2,£55.02,2026-04-09 20:05:39
The Genius of Birds,N/A,Nonfiction,1,£17.24,2026-04-09 20:05:40
The Emerald Mystery,N/A,Default,2,£23.15,2026-04-09 20:05:41
The Cookies & Cups Cookbook: 125+ sweet & savory recipes reminding you to Always Eat Dessert First,N/A,Food and Drink,1,£41.25,2026-04-09 20:05:42
The Bridge to Consciousness: I'm Writing the Bridge Between Science and Our Old and New Beliefs.,N/A,Default,3,£32.00,2026-04-09 20:05:43
The Artist's Way: A Spiritual Path to Higher Creativity,N/A,Nonfiction,5,£38.49,2026-04-09 20:05:44
The Art of War,N/A,Default,5,£33.34,2026-04-09 20:05:45
The Argonauts,N/A,Autobiography,2,£10.93,2026-04-09 20:05:46
The 10% Entrepreneur: Live Your Startup Dream Without Quitting Your Day Job,N/A,Business,3,£27.55,2026-04-09 20:05:47
Suddenly in Love (Lake Haven #1),N/A,Romance,2,£55.99,2026-04-09 20:05:49
Something More Than This,N/A,Romance,4,£16.24,2026-04-09 20:05:50
Soft Apocalypse,N/A,Science Fiction,2,£26.12,2026-04-09 20:05:51
So You've Been Publicly Shamed,N/A,Nonfiction,2,£12.23,2026-04-09 20:05:52
Shoe Dog: A Memoir by the Creator of NIKE,N/A,Business,2,£23.99,2026-04-09 20:05:53
"Shobu Samurai, Project Aryoku (#3)",N/A,Add a comment,3,£29.06,2026-04-09 20:05:54
Secrets and Lace (Fatal Hearts #1),N/A,Default,1,£20.27,2026-04-09 20:05:55
Scarlett Epstein Hates It Here,N/A,Young Adult,5,£43.55,2026-04-09 20:05:56
Romero and Juliet: A Tragic Tale of Love and Zombies,N/A,Default,1,£36.94,2026-04-09 20:05:57
Redeeming Love,N/A,Christian Fiction,5,£20.47,2026-04-09 20:05:58
Poses for Artists Volume 1 - Dynamic and Sitting Poses: An Essential Reference for Figure Drawing and the Human Form,N/A,Default,1,£41.06,2026-04-09 20:06:00
Poems That Make Grown Women Cry,N/A,Poetry,4,£14.19,2026-04-09 20:06:01
"Nightingale, Sing",N/A,Young Adult,1,£38.28,2026-04-09 20:06:02
Night Sky with Exit Wounds,N/A,Poetry,1,£41.05,2026-04-09 20:06:03
Mrs. Houdini,N/A,Historical Fiction,5,£30.25,2026-04-09 20:06:04
Modern Romance,N/A,Add a comment,5,£28.26,2026-04-09 20:06:05
Miss Peregrine’s Home for Peculiar Children (Miss Peregrine’s Peculiar Children #1),N/A,Default,1,£10.76,2026-04-09 20:06:06
Louisa: The Extraordinary Life of Mrs. Adams,N/A,Biography,2,£16.85,2026-04-09 20:06:07
Little Red,N/A,Childrens,3,£13.47,2026-04-09 20:06:09
Library of Souls (Miss Peregrine’s Peculiar Children #3),N/A,Young Adult,5,£48.56,2026-04-09 20:06:10
Large Print Heart of the Pride,N/A,Default,2,£19.15,2026-04-09 20:06:11
I Had a Nice Time And Other Lies...: How to find love & sh*t like that,N/A,Womens Fiction,4,£57.36,2026-04-09 20:06:12
Hollow City (Miss Peregrine’s Peculiar Children #2),N/A,Fantasy,1,£42.98,2026-04-09 20:06:13
Grumbles,N/A,Default,2,£22.16,2026-04-09 20:06:14
Full Moon over Noah’s Ark: An Odyssey to Mount Ararat and Beyond,N/A,Travel,4,£49.43,2026-04-09 20:06:15
Frostbite (Vampire Academy #2),N/A,Young Adult,5,£29.99,2026-04-09 20:06:16
Follow You Home,N/A,Horror,1,£21.36,2026-04-09 20:06:18
First Steps for New Christians (Print Edition),N/A,Default,1,£29.00,2026-04-09 20:06:19
Finders Keepers (Bill Hodges Trilogy #2),N/A,Fiction,5,£53.53,2026-04-09 20:06:20
"Fables, Vol. 1: Legends in Exile (Fables #1)",N/A,Sequential Art,4,£41.62,2026-04-09 20:06:21
Eureka Trivia 6.0,N/A,Default,4,£54.59,2026-04-09 20:06:22
Drive: The Surprising Truth About What Motivates Us,N/A,Default,4,£34.95,2026-04-09 20:06:23
Done Rubbed Out (Reightman & Bailey #1),N/A,Default,5,£37.72,2026-04-09 20:06:24
Doing It Over (Most Likely To #1),N/A,Romance,3,£35.61,2026-04-09 20:06:25
"Deliciously Ella Every Day: Quick and Easy Recipes for Gluten-Free Snacks, Packed Lunches, and Simple Meals",N/A,Food and Drink,3,£42.16,2026-04-09 20:06:26
Dark Notes,N/A,Erotica,5,£19.19,2026-04-09 20:06:27
"Daring Greatly: How the Courage to Be Vulnerable Transforms the Way We Live, Love, Parent, and Lead",N/A,Nonfiction,3,£19.43,2026-04-09 20:06:29
Close to You,N/A,Christian Fiction,4,£49.46,2026-04-09 20:06:30
Chasing Heaven: What Dying Taught Me About Living,N/A,Spirituality,2,£37.80,2026-04-09 20:06:31
Big Magic: Creative Living Beyond Fear,N/A,Nonfiction,3,£30.80,2026-04-09 20:06:32
Becoming Wise: An Inquiry into the Mystery and Art of Living,N/A,Nonfiction,2,£27.43,2026-04-09 20:06:33
Beauty Restored (Riley Family Legacy Novellas #3),N/A,Default,2,£11.11,2026-04-09 20:06:34
Batman: The Long Halloween (Batman),N/A,Sequential Art,2,£36.50,2026-04-09 20:06:35
Batman: The Dark Knight Returns (Batman),N/A,Sequential Art,5,£15.38,2026-04-09 20:06:36
Ayumi's Violin,N/A,Default,2,£15.48,2026-04-09 20:06:37
Anonymous,N/A,Default,4,£46.82,2026-04-09 20:06:38
Amy Meets the Saints and Sages,N/A,Default,3,£18.46,2026-04-09 20:06:40
Amid the Chaos,N/A,Cultural,1,£36.58,2026-04-09 20:06:41
Amatus,N/A,Default,5,£50.54,2026-04-09 20:06:42
Agnostic: A Spirited Manifesto,N/A,Nonfiction,5,£12.51,2026-04-09 20:06:43
Zealot: The Life and Times of Jesus of Nazareth,N/A,History,3,£24.70,2026-04-09 20:06:44
You (You #1),N/A,Thriller,5,£43.61,2026-04-09 20:06:45
"Wonder Woman: Earth One, Volume One (Wonder Woman: Earth One #1)",N/A,Sequential Art,4,£37.34,2026-04-09 20:06:46
Wild Swans,N/A,Young Adult,2,£14.36,2026-04-09 20:06:48
Why the Right Went Wrong: Conservatism--From Goldwater to the Tea Party and Beyond,N/A,Politics,4,£52.65,2026-04-09 20:06:49
Whole Lotta Creativity Going On: 60 Fun and Unusual Exercises to Awaken and Strengthen Your Creativity,N/A,Nonfiction,4,£38.20,2026-04-09 20:06:50
What's It Like in Space?: Stories from Astronauts Who've Been There,N/A,Nonfiction,2,£19.60,2026-04-09 20:06:51
"We Are Robin, Vol. 1: The Vigilante Business (We Are Robin #1)",N/A,Sequential Art,1,£53.90,2026-04-09 20:06:52
Walt Disney's Alice in Wonderland,N/A,Childrens,5,£12.96,2026-04-09 20:06:53
V for Vendetta (V for Vendetta Complete),N/A,Default,4,£37.10,2026-04-09 20:06:54
Until Friday Night (The Field Party #1),N/A,Young Adult,2,£46.31,2026-04-09 20:06:55
"Unbroken: A World War II Story of Survival, Resilience, and Redemption",N/A,Default,2,£45.95,2026-04-09 20:06:56
Twenty Yawns,N/A,Childrens,2,£22.08,2026-04-09 20:06:57
Through the Woods,N/A,Sequential Art,2,£25.38,2026-04-09 20:06:58
This Is Where It Ends,N/A,Young Adult,2,£27.12,2026-04-09 20:07:00
The Year of Magical Thinking,N/A,Nonfiction,2,£43.04,2026-04-09 20:07:01
The Wright Brothers,N/A,Default,4,£56.80,2026-04-09 20:07:02
The White Queen (The Cousins' War #1),N/A,Add a comment,5,£25.91,2026-04-09 20:07:03
The Wedding Pact (The O'Malleys #2),N/A,Romance,3,£32.61,2026-04-09 20:07:04
The Time Keeper,N/A,Fiction,5,£27.88,2026-04-09 20:07:05
The Testament of Mary,N/A,Fiction,4,£52.67,2026-04-09 20:07:06
The Star-Touched Queen,N/A,Fantasy,5,£46.02,2026-04-09 20:07:07
The Songs of the Gods,N/A,Default,5,£44.48,2026-04-09 20:07:08
The Song of Achilles,N/A,Add a comment,5,£37.40,2026-04-09 20:07:09
The Rosie Project (Don Tillman #1),N/A,Default,1,£54.04,2026-04-09 20:07:10
The Power of Habit: Why We Do What We Do in Life and Business,N/A,Default,3,£16.88,2026-04-09 20:07:11
The Marriage of Opposites,N/A,Historical Fiction,4,£28.08,2026-04-09 20:07:12
The Lucifer Effect: Understanding How Good People Turn Evil,N/A,Psychology,1,£10.40,2026-04-09 20:07:14
The Long Haul (Diary of a Wimpy Kid #9),N/A,Humor,1,£44.07,2026-04-09 20:07:15
The Loney,N/A,Horror,1,£23.40,2026-04-09 20:07:16
The Literature Book (Big Ideas Simply Explained),N/A,Nonfiction,3,£17.43,2026-04-09 20:07:17
The Last Mile (Amos Decker #2),N/A,Mystery,2,£54.21,2026-04-09 20:07:18
The Immortal Life of Henrietta Lacks,N/A,Add a comment,2,£40.67,2026-04-09 20:07:19
The Hidden Oracle (The Trials of Apollo #1),N/A,Fantasy,2,£52.26,2026-04-09 20:07:21
The Help Yourself Cookbook for Kids: 60 Easy Plant-Based Recipes Kids Can Make to Stay Healthy and Save the Earth,N/A,Food and Drink,3,£28.77,2026-04-09 20:07:22
The Guilty (Will Robie #4),N/A,Thriller,2,£13.82,2026-04-09 20:07:23
The First Hostage (J.B. Collins #2),N/A,Fiction,3,£25.85,2026-04-09 20:07:24
The Dovekeepers,N/A,Add a comment,1,£48.78,2026-04-09 20:07:25
The Darkest Lie,N/A,Young Adult,5,£35.35,2026-04-09 20:07:26
The Bane Chronicles (The Bane Chronicles #1-11),N/A,Fantasy,4,£44.73,2026-04-09 20:07:27
The Bad-Ass Librarians of Timbuktu: And Their Race to Save the World’s Most Precious Manuscripts,N/A,Nonfiction,1,£15.77,2026-04-09 20:07:28
The 14th Colony (Cotton Malone #11),N/A,Thriller,1,£39.24,2026-04-09 20:07:30
That Darkness (Gardiner and Renner #1),N/A,Mystery,1,£13.92,2026-04-09 20:07:31
Tastes Like Fear (DI Marnie Rome #3),N/A,Mystery,1,£10.69,2026-04-09 20:07:32
Take Me with You,N/A,Fiction,3,£45.21,2026-04-09 20:07:33
Swell: A Year of Waves,N/A,Nonfiction,1,£45.58,2026-04-09 20:07:34
Superman Vol. 1: Before Truth (Superman by Gene Luen Yang #1),N/A,Sequential Art,5,£11.89,2026-04-09 20:07:35
Still Life with Bread Crumbs,N/A,Fiction,3,£26.41,2026-04-09 20:07:36
Steve Jobs,N/A,Default,5,£39.50,2026-04-09 20:07:37
Sorting the Beef from the Bull: The Science of Food Fraud Forensics,N/A,Science,4,£44.74,2026-04-09 20:07:38
Someone Like You (The Harrisons #2),N/A,Contemporary,5,£52.79,2026-04-09 20:07:39
"So Cute It Hurts!!, Vol. 6 (So Cute It Hurts!! #6)",N/A,Sequential Art,4,£35.43,2026-04-09 20:07:41
Shtum,N/A,Fiction,4,£55.84,2026-04-09 20:07:42
See America: A Celebration of Our National Parks & Treasured Sites,N/A,Travel,3,£48.87,2026-04-09 20:07:43
salt.,N/A,Poetry,4,£46.78,2026-04-09 20:07:44
Robin War,N/A,Sequential Art,3,£47.82,2026-04-09 20:07:45
"Red Hood/Arsenal, Vol. 1: Open for Business (Red Hood/Arsenal #1)",N/A,Sequential Art,2,£25.48,2026-04-09 20:07:46
Rain Fish,N/A,Childrens,3,£23.57,2026-04-09 20:07:47
"Quarter Life Poetry: Poems for the Young, Broke and Hangry",N/A,Poetry,5,£50.89,2026-04-09 20:07:48
Pet Sematary,N/A,Horror,3,£10.56,2026-04-09 20:07:49
"Overload: How to Unplug, Unwind, and Unleash Yourself from the Pressure of Stress",N/A,Self Help,3,£52.15,2026-04-09 20:07:50
Once Was a Time,N/A,Childrens,2,£18.28,2026-04-09 20:07:52
Old School (Diary of a Wimpy Kid #10),N/A,Humor,5,£11.83,2026-04-09 20:07:53
No Dream Is Too High: Life Lessons From a Man Who Walked on the Moon,N/A,Nonfiction,2,£21.95,2026-04-09 20:07:54
"Naruto (3-in-1 Edition), Vol. 14: Includes Vols. 40, 41 & 42 (Naruto: Omnibus #14)",N/A,Sequential Art,2,£38.39,2026-04-09 20:07:55
My Name Is Lucy Barton,N/A,Fiction,1,£41.56,2026-04-09 20:07:56
My Mrs. Brown,N/A,Fiction,3,£24.48,2026-04-09 20:07:57
My Kind of Crazy,N/A,Young Adult,1,£40.36,2026-04-09 20:07:58
Mr. Mercedes (Bill Hodges Trilogy #1),N/A,Fiction,1,£28.90,2026-04-09 20:07:59
More Than Music (Chasing the Dream #1),N/A,Add a comment,2,£37.61,2026-04-09 20:08:00
Made to Stick: Why Some Ideas Survive and Others Die,N/A,Business,5,£38.85,2026-04-09 20:08:01
Luis Paints the World,N/A,Childrens,3,£53.95,2026-04-09 20:08:03
Luckiest Girl Alive,N/A,Default,3,£49.83,2026-04-09 20:08:04
Lowriders to the Center of the Earth (Lowriders in Space #2),N/A,Sequential Art,2,£51.51,2026-04-09 20:08:05
Love Is a Mix Tape (Music #1),N/A,Music,1,£18.03,2026-04-09 20:08:06
Looking for Lovely: Collecting the Moments that Matter,N/A,Nonfiction,5,£29.14,2026-04-09 20:08:07
"Living Leadership by Insight: A Good Leader Achieves, a Great Leader Builds Monuments",N/A,Default,4,£46.91,2026-04-09 20:08:08
Let It Out: A Journey Through Journaling,N/A,Nonfiction,5,£26.79,2026-04-09 20:08:10
Lady Midnight (The Dark Artifices #1),N/A,Default,5,£16.28,2026-04-09 20:08:11
"It's All Easy: Healthy, Delicious Weeknight Meals in under 30 Minutes",N/A,Food and Drink,1,£19.55,2026-04-09 20:08:12
Island of Dragons (Unwanteds #7),N/A,Fantasy,1,£29.65,2026-04-09 20:08:13
I Know What I'm Doing -- and Other Lies I Tell Myself: Dispatches from a Life Under Construction,N/A,Humor,4,£25.98,2026-04-09 20:08:14
I Am Pilgrim (Pilgrim #1),N/A,Fiction,4,£10.60,2026-04-09 20:08:15
"Hyperbole and a Half: Unfortunate Situations, Flawed Coping Mechanisms, Mayhem, and Other Things That Happened",N/A,Humor,5,£14.75,2026-04-09 20:08:16
"Hush, Hush (Hush, Hush #1)",N/A,Default,3,£47.02,2026-04-09 20:08:17
Hold Your Breath (Search and Rescue #1),N/A,Romance,1,£28.82,2026-04-09 20:08:18
Hamilton: The Revolution,N/A,Nonfiction,3,£58.79,2026-04-09 20:08:19
Greek Mythic History,N/A,Default,5,£10.23,2026-04-09 20:08:20
God: The Most Unpleasant Character in All Fiction,N/A,Religion,5,£30.03,2026-04-09 20:08:21
Glory over Everything: Beyond The Kitchen House,N/A,Historical Fiction,3,£45.84,2026-04-09 20:08:23
Feathers: Displays of Brilliant Plumage,N/A,Art,3,£49.05,2026-04-09 20:08:24
"Far & Away: Places on the Brink of Change: Seven Continents, Twenty-Five Years",N/A,Nonfiction,4,£15.06,2026-04-09 20:08:25
Every Last Word,N/A,Default,3,£46.47,2026-04-09 20:08:26
Eligible (The Austen Project #4),N/A,Fiction,3,£27.09,2026-04-09 20:08:27
El Deafo,N/A,Sequential Art,5,£57.62,2026-04-09 20:08:28
Eight Hundred Grapes,N/A,Fiction,4,£14.39,2026-04-09 20:08:29
"Eaternity: More than 150 Deliciously Easy Vegan Recipes for a Long, Healthy, Satisfied, Joyful Life",N/A,Nonfiction,5,£51.75,2026-04-09 20:08:30
"Eat Fat, Get Thin",N/A,Health,2,£54.07,2026-04-09 20:08:31
Don't Get Caught,N/A,Young Adult,1,£55.35,2026-04-09 20:08:32
Doctor Sleep (The Shining #2),N/A,Horror,2,£40.12,2026-04-09 20:08:34
Demigods & Magicians: Percy and Annabeth Meet the Kanes (Percy Jackson & Kane Chronicles Crossover #1-3),N/A,Fantasy,5,£37.51,2026-04-09 20:08:35
Dear Mr. Knightley,N/A,Fiction,5,£11.21,2026-04-09 20:08:36
Daily Fantasy Sports,N/A,Default,1,£36.58,2026-04-09 20:08:37
Crazy Love: Overwhelmed by a Relentless God,N/A,Christian,2,£47.72,2026-04-09 20:08:38
Cometh the Hour (The Clifton Chronicles #6),N/A,Fiction,3,£25.01,2026-04-09 20:08:40
Code Name Verity (Code Name Verity #1),N/A,Add a comment,4,£22.13,2026-04-09 20:08:41
Clockwork Angel (The Infernal Devices #1),N/A,Default,1,£44.14,2026-04-09 20:08:42
City of Glass (The Mortal Instruments #3),N/A,Fantasy,4,£56.02,2026-04-09 20:08:44
City of Fallen Angels (The Mortal Instruments #4),N/A,Default,4,£11.23,2026-04-09 20:08:45
City of Bones (The Mortal Instruments #1),N/A,Default,1,£43.28,2026-04-09 20:08:46
City of Ashes (The Mortal Instruments #2),N/A,Default,1,£47.27,2026-04-09 20:08:48
Cell,N/A,Add a comment,4,£20.29,2026-04-09 20:08:50
Catching Jordan (Hundred Oaks),N/A,Young Adult,3,£50.83,2026-04-09 20:08:51
"Carry On, Warrior: Thoughts on Life Unarmed",N/A,Default,3,£31.85,2026-04-09 20:08:52
Carrie,N/A,Default,2,£46.23,2026-04-09 20:08:54
Buying In: The Secret Dialogue Between What We Buy and Who We Are,N/A,Nonfiction,4,£37.80,2026-04-09 20:08:55
Brain on Fire: My Month of Madness,N/A,Nonfiction,5,£49.32,2026-04-09 20:08:57
Batman: Europa,N/A,Sequential Art,2,£32.01,2026-04-09 20:08:58
Barefoot Contessa Back to Basics,N/A,Food and Drink,1,£28.01,2026-04-09 20:09:00
Barefoot Contessa at Home: Everyday Recipes You'll Make Over and Over Again,N/A,Food and Drink,5,£50.62,2026-04-09 20:09:01
Balloon Animals,N/A,Fiction,3,£17.03,2026-04-09 20:09:02
Art Ops Vol. 1,N/A,Sequential Art,3,£48.80,2026-04-09 20:09:04
Aristotle and Dante Discover the Secrets of the Universe (Aristotle and Dante Discover the Secrets of the Universe #1),N/A,Young Adult,4,£58.14,2026-04-09 20:09:05
Angels Walking (Angels Walking #1),N/A,Add a comment,2,£34.20,2026-04-09 20:09:07
Angels & Demons (Robert Langdon #1),N/A,Default,3,£51.48,2026-04-09 20:09:08
All the Light We Cannot See,N/A,Historical,5,£29.87,2026-04-09 20:09:09
"Adulthood Is a Myth: A ""Sarah's Scribbles"" Collection",N/A,Sequential Art,2,£10.90,2026-04-09 20:09:11
Abstract City,N/A,Nonfiction,5,£56.37,2026-04-09 20:09:12
A Time of Torment (Charlie Parker #14),N/A,Mystery,5,£48.35,2026-04-09 20:09:14
A Study in Scarlet (Sherlock Holmes #1),N/A,Mystery,2,£16.73,2026-04-09 20:09:15
"A Series of Catastrophes and Miracles: A True Story of Love, Science, and Cancer",N/A,Add a comment,2,£56.48,2026-04-09 20:09:17
A People's History of the United States,N/A,Add a comment,2,£40.79,2026-04-09 20:09:18
A Man Called Ove,N/A,Fiction,1,£39.72,2026-04-09 20:09:20
A Distant Mirror: The Calamitous 14th Century,N/A,History,3,£14.58,2026-04-09 20:09:21
A Brush of Wings (Angels Walking #3),N/A,Add a comment,1,£55.51,2026-04-09 20:09:22
1491: New Revelations of the Americas Before Columbus,N/A,History,3,£21.80,2026-04-09 20:09:23
"The Three Searches, Meaning, and the Story",N/A,Default,3,£13.33,2026-04-09 20:09:24
Searching for Meaning in Gailana,N/A,Fantasy,1,£38.73,2026-04-09 20:09:26
Rook,N/A,Add a comment,4,£37.86,2026-04-09 20:09:27
My Kitchen Year: 136 Recipes That Saved My Life,N/A,Food and Drink,2,£11.53,2026-04-09 20:09:29
13 Hours: The Inside Account of What Really Happened In Benghazi,N/A,Nonfiction,1,£27.06,2026-04-09 20:09:30
Will You Won't You Want Me?,N/A,Womens Fiction,3,£13.86,2026-04-09 20:09:32
Tipping Point for Planet Earth: How Close Are We to the Edge?,N/A,Science,1,£37.55,2026-04-09 20:09:33
The Star-Touched Queen,N/A,Fantasy,5,£32.30,2026-04-09 20:09:35
The Silent Sister (Riley MacPherson #1),N/A,Fiction,5,£46.29,2026-04-09 20:09:36
The Midnight Watch: A Novel of the Titanic and the Californian,N/A,Add a comment,1,£26.20,2026-04-09 20:09:38
The Lonely City: Adventures in the Art of Being Alone,N/A,Nonfiction,2,£33.26,2026-04-09 20:09:39
The Gray Rhino: How to Recognize and Act on the Obvious Dangers We Ignore,N/A,Add a comment,4,£59.15,2026-04-09 20:09:40
The Golden Condom: And Other Essays on Love Lost and Found,N/A,Psychology,1,£39.43,2026-04-09 20:09:42
The Epidemic (The Program 0.6),N/A,Young Adult,5,£14.44,2026-04-09 20:09:43
The Dinner Party,N/A,Fiction,2,£56.54,2026-04-09 20:09:45
The Diary of a Young Girl,N/A,Nonfiction,3,£59.90,2026-04-09 20:09:46
The Children,N/A,Add a comment,3,£11.88,2026-04-09 20:09:47
Stars Above (The Lunar Chronicles #4.5),N/A,Young Adult,2,£48.05,2026-04-09 20:09:49
Snatched: How A Drug Queen Went Undercover for the DEA and Was Kidnapped By Colombian Guerillas,N/A,Nonfiction,3,£21.21,2026-04-09 20:09:50
Raspberry Pi Electronics Projects for the Evil Genius,N/A,Default,4,£49.67,2026-04-09 20:09:52
Quench Your Own Thirst: Business Lessons Learned Over a Beer or Two,N/A,Business,1,£43.14,2026-04-09 20:09:53
Psycho: Sanitarium (Psycho #1.5),N/A,Horror,5,£36.97,2026-04-09 20:09:55
Poisonous (Max Revere Novels #3),N/A,Mystery,3,£26.80,2026-04-09 20:09:56
One with You (Crossfire #5),N/A,Add a comment,4,£15.71,2026-04-09 20:09:57
No Love Allowed (Dodge Cove #1),N/A,Young Adult,4,£54.65,2026-04-09 20:09:59
Murder at the 42nd Street Library (Raymond Ambler #1),N/A,Mystery,4,£54.36,2026-04-09 20:10:01
Most Wanted,N/A,Mystery,3,£35.28,2026-04-09 20:10:02
"Love, Lies and Spies",N/A,Historical Fiction,2,£20.55,2026-04-09 20:10:03
How to Speak Golf: An Illustrated Guide to Links Lingo,N/A,Default,5,£58.32,2026-04-09 20:10:04
Hide Away (Eve Duncan #20),N/A,Mystery,1,£11.84,2026-04-09 20:10:06
Furiously Happy: A Funny Book About Horrible Things,N/A,Nonfiction,4,£41.46,2026-04-09 20:10:07
Everyday Italian: 125 Simple and Delicious Recipes,N/A,Food and Drink,5,£20.10,2026-04-09 20:10:08
Equal Is Unfair: America's Misguided Fight Against Income Inequality,N/A,Politics,1,£56.86,2026-04-09 20:10:10
Eleanor & Park,N/A,Default,5,£56.51,2026-04-09 20:10:11
Dirty (Dive Bar #1),N/A,Romance,4,£40.83,2026-04-09 20:10:12
Can You Keep a Secret? (Fear Street Relaunch #4),N/A,Horror,1,£48.64,2026-04-09 20:10:14
Boar Island (Anna Pigeon #19),N/A,Mystery,3,£59.48,2026-04-09 20:10:15
A Paris Apartment,N/A,Historical Fiction,4,£39.01,2026-04-09 20:10:17
"A la Mode: 120 Recipes in 60 Pairings: Pies, Tarts, Cakes, Crisps, and More Topped with Ice Cream, Gelato, Frozen Custard, and More",N/A,Food and Drink,1,£38.77,2026-04-09 20:10:18
Troublemaker: Surviving Hollywood and Scientology,N/A,Default,2,£48.39,2026-04-09 20:10:20
The Widow,N/A,Mystery,2,£27.26,2026-04-09 20:10:21
"The Sleep Revolution: Transforming Your Life, One Night at a Time",N/A,Nonfiction,4,£11.68,2026-04-09 20:10:22
The Improbability of Love,N/A,Fiction,1,£59.45,2026-04-09 20:10:23
The Art of Startup Fundraising,N/A,Business,3,£21.00,2026-04-09 20:10:25
Take Me Home Tonight (Rock Star Romance #3),N/A,Romance,3,£53.98,2026-04-09 20:10:26
Sleeping Giants (Themis Files #1),N/A,Science Fiction,1,£48.74,2026-04-09 20:10:28
"Setting the World on Fire: The Brief, Astonishing Life of St. Catherine of Siena",N/A,Biography,2,£21.15,2026-04-09 20:10:29
Playing with Fire,N/A,Mystery,3,£13.71,2026-04-09 20:10:30
Off the Hook (Fishing for Trouble #1),N/A,Romance,3,£47.67,2026-04-09 20:10:32
Mothering Sunday,N/A,Fiction,2,£13.34,2026-04-09 20:10:33
"Mother, Can You Not?",N/A,Nonfiction,5,£16.89,2026-04-09 20:10:35
M Train,N/A,Autobiography,1,£27.18,2026-04-09 20:10:36
Lilac Girls,N/A,Historical Fiction,2,£17.28,2026-04-09 20:10:37
Lies and Other Acts of Love,N/A,Fiction,1,£45.14,2026-04-09 20:10:39
Lab Girl,N/A,Autobiography,1,£40.85,2026-04-09 20:10:40
Keep Me Posted,N/A,Womens Fiction,4,£20.46,2026-04-09 20:10:42
It Didn't Start with You: How Inherited Family Trauma Shapes Who We Are and How to End the Cycle,N/A,Psychology,3,£56.27,2026-04-09 20:10:43
Grey (Fifty Shades #4),N/A,Womens Fiction,4,£48.49,2026-04-09 20:10:45
"Exit, Pursued by a Bear",N/A,Young Adult,4,£51.34,2026-04-09 20:10:46
Daredevils,N/A,Fiction,3,£16.34,2026-04-09 20:10:48
Cravings: Recipes for What You Want to Eat,N/A,Food and Drink,3,£20.50,2026-04-09 20:10:49
Born for This: How to Find the Work You Were Meant to Do,N/A,Business,5,£21.59,2026-04-09 20:10:50
Arena,N/A,Science Fiction,4,£21.36,2026-04-09 20:10:52
Adultery,N/A,Default,5,£20.88,2026-04-09 20:10:53
A Mother's Reckoning: Living in the Aftermath of Tragedy,N/A,Nonfiction,3,£19.53,2026-04-09 20:10:54
A Gentleman's Position (Society of Gentlemen #3),N/A,Romance,5,£14.75,2026-04-09 20:10:55
11/22/63,N/A,Fiction,3,£48.48,2026-04-09 20:10:57
"10% Happier: How I Tamed the Voice in My Head, Reduced Stress Without Losing My Edge, and Found Self-Help That Actually Works",N/A,Nonfiction,2,£24.57,2026-04-09 20:10:58
10-Day Green Smoothie Cleanse: Lose Up to 15 Pounds in 10 Days!,N/A,Health,5,£49.71,2026-04-09 20:11:00
Without Shame,N/A,Add a comment,5,£48.27,2026-04-09 20:11:01
Watchmen,N/A,Add a comment,4,£58.05,2026-04-09 20:11:03
Unlimited Intuition Now,N/A,Default,4,£58.87,2026-04-09 20:11:04
Underlying Notes,N/A,Default,2,£11.82,2026-04-09 20:11:05
The Shack,N/A,Fiction,1,£28.03,2026-04-09 20:11:06
The New Brand You: Your New Image Makes the Sale for You,N/A,Default,5,£44.05,2026-04-09 20:11:08
"The Moosewood Cookbook: Recipes from Moosewood Restaurant, Ithaca, New York",N/A,Food and Drink,4,£12.34,2026-04-09 20:11:09
The Flowers Lied,N/A,Default,2,£16.68,2026-04-09 20:11:10
"The Fabric of the Cosmos: Space, Time, and the Texture of Reality",N/A,Science,1,£55.91,2026-04-09 20:11:12
The Book of Mormon,N/A,Religion,3,£24.57,2026-04-09 20:11:13
The Art and Science of Low Carbohydrate Living,N/A,Health,5,£52.98,2026-04-09 20:11:14
The Alien Club,N/A,Young Adult,1,£54.40,2026-04-09 20:11:16
Suzie Snowflake: One beautiful flake (a self-esteem story),N/A,Novels,5,£54.81,2026-04-09 20:11:17
Nap-a-Roo,N/A,Childrens,1,£25.08,2026-04-09 20:11:18
"NaNo What Now? Finding your editing process, revising your NaNoWriMo book and building a writing career through publishing and beyond",N/A,Default,4,£10.41,2026-04-09 20:11:20
Modern Day Fables,N/A,Default,2,£47.44,2026-04-09 20:11:21
If I Gave You God's Phone Number....: Searching for Spirituality in America,N/A,Spirituality,1,£20.91,2026-04-09 20:11:22
"Fruits Basket, Vol. 9 (Fruits Basket #9)",N/A,Sequential Art,4,£33.95,2026-04-09 20:11:23
Dress Your Family in Corduroy and Denim,N/A,Humor,3,£43.68,2026-04-09 20:11:24
Don't Forget Steven,N/A,Young Adult,1,£33.23,2026-04-09 20:11:26
Chernobyl 01:23:40: The Incredible True Story of the World's Worst Nuclear Disaster,N/A,Nonfiction,2,£35.92,2026-04-09 20:11:27
Art and Fear: Observations on the Perils (and Rewards) of Artmaking,N/A,Art,4,£48.63,2026-04-09 20:11:29
A Shard of Ice (The Black Symphony Saga #1),N/A,Fantasy,3,£56.63,2026-04-09 20:11:30
A Hero's Curse (The Unseen Chronicles #1),N/A,Add a comment,3,£50.49,2026-04-09 20:11:31
23 Degrees South: A Tropical Tale of Changing Whether...,N/A,Add a comment,2,£35.79,2026-04-09 20:11:33
"Zero to One: Notes on Startups, or How to Build the Future",N/A,Nonfiction,3,£34.06,2026-04-09 20:11:34
Why Not Me?,N/A,Nonfiction,1,£17.76,2026-04-09 20:11:35
When Breath Becomes Air,N/A,Nonfiction,2,£39.36,2026-04-09 20:11:36
Vagabonding: An Uncommon Guide to the Art of Long-Term World Travel,N/A,Travel,2,£36.94,2026-04-09 20:11:38
The Unlikely Pilgrimage of Harold Fry (Harold Fry #1),N/A,Default,5,£43.62,2026-04-09 20:11:39
The New Drawing on the Right Side of the Brain,N/A,Art,3,£43.02,2026-04-09 20:11:41
"The Midnight Assassin: Panic, Scandal, and the Hunt for America's First Serial Killer",N/A,Nonfiction,4,£28.45,2026-04-09 20:11:42
The Martian (The Martian #1),N/A,Default,2,£41.39,2026-04-09 20:11:44
The High Mountains of Portugal,N/A,Fiction,1,£51.15,2026-04-09 20:11:45
The Grownup,N/A,Short Stories,1,£35.88,2026-04-09 20:11:46
The E-Myth Revisited: Why Most Small Businesses Don't Work and What to Do About It,N/A,Business,1,£36.91,2026-04-09 20:11:48
South of Sunshine,N/A,Young Adult,1,£28.93,2026-04-09 20:11:49
Smarter Faster Better: The Secrets of Being Productive in Life and Business,N/A,Nonfiction,5,£38.89,2026-04-09 20:11:51
Silence in the Dark (Logan Point #4),N/A,Suspense,3,£58.33,2026-04-09 20:11:52
Shadows of the Past (Logan Point #1),N/A,Christian Fiction,5,£39.67,2026-04-09 20:11:54
Roller Girl,N/A,Sequential Art,5,£14.10,2026-04-09 20:11:55
Rising Strong,N/A,Nonfiction,3,£21.82,2026-04-09 20:11:57
Proofs of God: Classical Arguments from Tertullian to Barth,N/A,Philosophy,1,£54.21,2026-04-09 20:11:58
Please Kill Me: The Uncensored Oral History of Punk,N/A,Music,4,£31.19,2026-04-09 20:12:00
Out of Print: City Lights Spotlight No. 14,N/A,Poetry,5,£53.64,2026-04-09 20:12:01
My Life Next Door (My Life Next Door ),N/A,Young Adult,5,£36.39,2026-04-09 20:12:02
Miller's Valley,N/A,Fiction,2,£58.54,2026-04-09 20:12:04
Man's Search for Meaning,N/A,Nonfiction,3,£29.48,2026-04-09 20:12:05
"Love That Boy: What Two Presidents, Eight Road Trips, and My Son Taught Me About a Parent's Expectations",N/A,Nonfiction,2,£25.06,2026-04-09 20:12:07
Living Forward: A Proven Plan to Stop Drifting and Get the Life You Want,N/A,Nonfiction,3,£12.55,2026-04-09 20:12:08
Les Fleurs du Mal,N/A,Poetry,5,£29.04,2026-04-09 20:12:10
Left Behind (Left Behind #1),N/A,Default,2,£40.72,2026-04-09 20:12:11
Kill 'Em and Leave: Searching for James Brown and the American Soul,N/A,Music,5,£45.05,2026-04-09 20:12:13
Kierkegaard: A Christian Missionary to Christians,N/A,Philosophy,1,£47.13,2026-04-09 20:12:14
John Vassos: Industrial Design for Modern Life,N/A,Default,4,£20.22,2026-04-09 20:12:16
I'll Give You the Sun,N/A,Default,1,£56.48,2026-04-09 20:12:17
I Will Find You,N/A,Nonfiction,1,£44.21,2026-04-09 20:12:18
Hystopia: A Novel,N/A,Fiction,4,£21.96,2026-04-09 20:12:20
Howl and Other Poems,N/A,Poetry,2,£40.45,2026-04-09 20:12:21
History of Beauty,N/A,Art,4,£10.29,2026-04-09 20:12:22
Heaven is for Real: A Little Boy's Astounding Story of His Trip to Heaven and Back,N/A,Default,2,£52.86,2026-04-09 20:12:24
Future Shock (Future Shock #1),N/A,Young Adult,5,£55.65,2026-04-09 20:12:25
Ender's Game (The Ender Quintet #1),N/A,Default,1,£43.64,2026-04-09 20:12:26
Diary of a Citizen Scientist: Chasing Tiger Beetles and Other New Ways of Engaging the World,N/A,Science,1,£28.41,2026-04-09 20:12:28
Death by Leisure: A Cautionary Tale,N/A,Default,4,£37.51,2026-04-09 20:12:29
Brilliant Beacons: A History of the American Lighthouse,N/A,History,3,£11.45,2026-04-09 20:12:31
Brazen: The Courage to Find the You That's Been Hiding,N/A,Nonfiction,2,£19.22,2026-04-09 20:12:32
Between the World and Me,N/A,Nonfiction,4,£56.91,2026-04-09 20:12:34
Being Mortal: Medicine and What Matters in the End,N/A,Nonfiction,4,£55.06,2026-04-09 20:12:35
"A Murder Over a Girl: Justice, Gender, Junior High",N/A,Nonfiction,3,£13.20,2026-04-09 20:12:36
32 Yolks,N/A,Food and Drink,2,£53.63,2026-04-09 20:12:38
"""Most Blessed of the Patriarchs"": Thomas Jefferson and the Empire of the Imagination",N/A,History,5,£44.48,2026-04-09 20:12:39
You Are a Badass: How to Stop Doubting Your Greatness and Start Living an Awesome Life,N/A,Self Help,3,£12.08,2026-04-09 20:12:41
Wildlife of New York: A Five-Borough Coloring Book,N/A,Default,2,£22.14,2026-04-09 20:12:42
What Happened on Beale Street (Secrets of the South Mysteries #2),N/A,Mystery,5,£25.37,2026-04-09 20:12:43
Unreasonable Hope: Finding Faith in the God Who Brings Purpose to Your Pain,N/A,Spirituality,2,£46.33,2026-04-09 20:12:45
Under the Tuscan Sun,N/A,Travel,3,£37.33,2026-04-09 20:12:46
Toddlers Are A**holes: It's Not Your Fault,N/A,Humor,1,£25.55,2026-04-09 20:12:48
The Year of Living Biblically: One Man's Humble Quest to Follow the Bible as Literally as Possible,N/A,Default,1,£34.72,2026-04-09 20:12:49
The Whale,N/A,Childrens,4,£35.96,2026-04-09 20:12:50
The Story of Art,N/A,Art,4,£41.14,2026-04-09 20:12:52
The Origin of Species,N/A,Science,4,£10.01,2026-04-09 20:12:53
The Great Gatsby,N/A,Default,4,£36.05,2026-04-09 20:12:55
The Good Girl,N/A,Default,3,£49.03,2026-04-09 20:12:56
The Glass Castle,N/A,Add a comment,1,£16.24,2026-04-09 20:12:58
The Faith of Christopher Hitchens: The Restless Soul of the World's Most Notorious Atheist,N/A,Biography,1,£39.55,2026-04-09 20:12:59
The Drowning Girls,N/A,Add a comment,3,£35.67,2026-04-09 20:13:00
The Constant Princess (The Tudor Court #1),N/A,Historical Fiction,3,£16.62,2026-04-09 20:13:02
The Bourne Identity (Jason Bourne #1),N/A,Fiction,4,£42.78,2026-04-09 20:13:03
The Bachelor Girl's Guide to Murder (Herringford and Watts Mysteries #1),N/A,Mystery,5,£52.30,2026-04-09 20:13:04
The Art Book,N/A,Art,2,£32.34,2026-04-09 20:13:06
The 7 Habits of Highly Effective People: Powerful Lessons in Personal Change,N/A,Default,4,£33.17,2026-04-09 20:13:07
Team of Rivals: The Political Genius of Abraham Lincoln,N/A,Add a comment,5,£20.12,2026-04-09 20:13:09
Steal Like an Artist: 10 Things Nobody Told You About Being Creative,N/A,Default,2,£20.90,2026-04-09 20:13:10
"Sit, Stay, Love",N/A,Romance,3,£20.90,2026-04-09 20:13:12
Sister Dear,N/A,Fiction,4,£40.20,2026-04-09 20:13:13
"Shrunken Treasures: Literary Classics, Short, Sweet, and Silly",N/A,Childrens,3,£52.87,2026-04-09 20:13:15
"Rich Dad, Poor Dad",N/A,Business,1,£51.74,2026-04-09 20:13:16
Raymie Nightingale,N/A,Childrens,2,£34.41,2026-04-09 20:13:18
Playing from the Heart,N/A,Childrens,1,£32.38,2026-04-09 20:13:19
Nightstruck: A Novel,N/A,Young Adult,4,£50.35,2026-04-09 20:13:21
"Naturally Lean: 125 Nourishing Gluten-Free, Plant-Based Recipes--All Under 300 Calories",N/A,Food and Drink,5,£11.38,2026-04-09 20:13:22
Meternity,N/A,Womens Fiction,3,£43.58,2026-04-09 20:13:24
Memoirs of a Geisha,N/A,Fiction,3,£49.67,2026-04-09 20:13:25
Like Never Before (Walker Family #2),N/A,Christian Fiction,2,£28.77,2026-04-09 20:13:26
Life of Pi,N/A,Default,4,£13.22,2026-04-09 20:13:28
Leave This Song Behind: Teen Poetry at Its Best,N/A,Poetry,5,£51.17,2026-04-09 20:13:29
King's Folly (The Kinsman Chronicles #1),N/A,Fantasy,5,£39.61,2026-04-09 20:13:31
John Adams,N/A,Add a comment,4,£57.43,2026-04-09 20:13:32
How to Cook Everything Vegetarian: Simple Meatless Recipes for Great Food (How to Cook Everything),N/A,Food and Drink,4,£46.01,2026-04-09 20:13:34
How to Be a Domestic Goddess: Baking and the Art of Comfort Cooking,N/A,Food and Drink,2,£28.25,2026-04-09 20:13:35
Good in Bed (Cannie Shapiro #1),N/A,Add a comment,5,£37.05,2026-04-09 20:13:37
"Fruits Basket, Vol. 7 (Fruits Basket #7)",N/A,Sequential Art,1,£19.57,2026-04-09 20:13:38
For the Love: Fighting for Grace in a World of Impossible Standards,N/A,Nonfiction,3,£45.13,2026-04-09 20:13:40
Finding God in the Ruins: How God Redeems Pain,N/A,Nonfiction,2,£46.64,2026-04-09 20:13:41
Every Heart a Doorway (Every Heart A Doorway #1),N/A,Fantasy,5,£12.16,2026-04-09 20:13:43
Delivering the Truth (Quaker Midwife Mystery #1),N/A,Mystery,4,£20.89,2026-04-09 20:13:44
Counted With the Stars (Out from Egypt #1),N/A,Christian Fiction,5,£17.97,2026-04-09 20:13:45
"Chronicles, Vol. 1",N/A,Music,2,£52.60,2026-04-09 20:13:47
Blue Like Jazz: Nonreligious Thoughts on Christian Spirituality,N/A,Christian,1,£25.77,2026-04-09 20:13:48
Benjamin Franklin: An American Life,N/A,Biography,3,£48.19,2026-04-09 20:13:49
"At The Existentialist Café: Freedom, Being, and apricot cocktails with: Jean-Paul Sartre, Simone de Beauvoir, Albert Camus, Martin Heidegger, Edmund Husserl, Karl Jaspers, Maurice Merleau-Ponty and others",N/A,Philosophy,5,£29.93,2026-04-09 20:13:51
A Summer In Europe,N/A,Travel,2,£44.34,2026-04-09 20:13:52
A Short History of Nearly Everything,N/A,History,5,£52.40,2026-04-09 20:13:54
A Gathering of Shadows (Shades of Magic #2),N/A,Fantasy,4,£44.81,2026-04-09 20:13:55
The Sound Of Love,N/A,Default,5,£57.84,2026-04-09 20:13:57
The Rise and Fall of the Third Reich: A History of Nazi Germany,N/A,History,2,£39.67,2026-04-09 20:13:58
The Perks of Being a Wallflower,N/A,Default,3,£55.02,2026-04-09 20:14:00
The Mysterious Affair at Styles (Hercule Poirot #1),N/A,Mystery,4,£24.80,2026-04-09 20:14:01
The Man Who Mistook His Wife for a Hat and Other Clinical Tales,N/A,Nonfiction,4,£59.45,2026-04-09 20:14:03
The Makings of a Fatherless Child,N/A,Default,2,£31.58,2026-04-09 20:14:04
The Joy of Cooking,N/A,Add a comment,4,£43.27,2026-04-09 20:14:05
The Invention of Wings,N/A,Historical Fiction,1,£37.34,2026-04-09 20:14:07
The Hobbit (Middle-Earth Universe),N/A,Default,5,£17.80,2026-04-09 20:14:09
The Great Railway Bazaar,N/A,Travel,1,£30.54,2026-04-09 20:14:10
The Golden Compass (His Dark Materials #1),N/A,Add a comment,1,£18.77,2026-04-09 20:14:11
The God Delusion,N/A,Add a comment,3,£46.85,2026-04-09 20:14:12
The Girl You Left Behind (The Girl You Left Behind #1),N/A,Historical,1,£15.79,2026-04-09 20:14:13
The Fellowship of the Ring (The Lord of the Rings #1),N/A,Default,2,£10.27,2026-04-09 20:14:15
The Collected Poems of W.B. Yeats (The Collected Works of W.B. Yeats #1),N/A,Poetry,5,£15.42,2026-04-09 20:14:16
The Barefoot Contessa Cookbook,N/A,Food and Drink,5,£59.92,2026-04-09 20:14:18
Tell the Wolves I'm Home,N/A,Young Adult,2,£50.96,2026-04-09 20:14:19
Ship Leaves Harbor: Essays on Travel by a Recovering Journeyman,N/A,Default,3,£30.60,2026-04-09 20:14:21
Pride and Prejudice,N/A,Add a comment,4,£19.27,2026-04-09 20:14:22
Musicophilia: Tales of Music and the Brain,N/A,Default,1,£46.58,2026-04-09 20:14:24
Mere Christianity,N/A,Add a comment,3,£48.51,2026-04-09 20:14:25
Me Before You (Me Before You #1),N/A,Fiction,1,£19.02,2026-04-09 20:14:27
In the Woods (Dublin Murder Squad #1),N/A,Mystery,2,£38.38,2026-04-09 20:14:28
In Cold Blood,N/A,Nonfiction,4,£49.98,2026-04-09 20:14:31
How to Stop Worrying and Start Living,N/A,Self Help,5,£46.49,2026-04-09 20:14:32
Give It Back,N/A,Thriller,2,£18.32,2026-04-09 20:14:33
"Girl, Interrupted",N/A,Nonfiction,3,£42.14,2026-04-09 20:14:35
Fun Home: A Family Tragicomic,N/A,Add a comment,4,£56.59,2026-04-09 20:14:36
"Fruits Basket, Vol. 6 (Fruits Basket #6)",N/A,Sequential Art,4,£20.96,2026-04-09 20:14:38
Deception Point,N/A,Fiction,4,£40.32,2026-04-09 20:14:39
"Death Note, Vol. 6: Give-and-Take (Death Note #6)",N/A,Sequential Art,3,£36.39,2026-04-09 20:14:41
Catherine the Great: Portrait of a Woman,N/A,History,4,£58.55,2026-04-09 20:14:42
Better Homes and Gardens New Cook Book,N/A,Food and Drink,3,£39.61,2026-04-09 20:14:44
An Unquiet Mind: A Memoir of Moods and Madness,N/A,Psychology,3,£21.30,2026-04-09 20:15:03
A Year in Provence (Provence #1),N/A,Travel,4,£56.88,2026-04-09 20:15:05
World Without End (The Pillars of the Earth #2),N/A,Historical Fiction,4,£32.97,2026-04-09 20:15:06
"Will Grayson, Will Grayson (Will Grayson, Will Grayson)",N/A,Young Adult,4,£47.31,2026-04-09 20:15:08
Why Save the Bankers?: And Other Essays on Our Economic and Political Crisis,N/A,Nonfiction,2,£48.67,2026-04-09 20:15:09
Where She Went (If I Stay #2),N/A,Young Adult,4,£41.73,2026-04-09 20:15:11
What If?: Serious Scientific Answers to Absurd Hypothetical Questions,N/A,Default,4,£53.68,2026-04-09 20:15:12
Two Summers,N/A,Young Adult,1,£14.64,2026-04-09 20:15:13
This Is Your Brain on Music: The Science of a Human Obsession,N/A,Music,1,£38.40,2026-04-09 20:15:15
The Secret Garden,N/A,Classics,4,£15.08,2026-04-09 20:15:16
The Raven King (The Raven Cycle #4),N/A,Add a comment,2,£30.57,2026-04-09 20:15:17
The Raven Boys (The Raven Cycle #1),N/A,Fantasy,4,£57.74,2026-04-09 20:15:19
The Power Greens Cookbook: 140 Delicious Superfood Recipes,N/A,Food and Drink,5,£11.05,2026-04-09 20:15:20
The Metamorphosis,N/A,Classics,1,£28.58,2026-04-09 20:15:21
The Mathews Men: Seven Brothers and the War Against Hitler's U-boats,N/A,History,5,£42.91,2026-04-09 20:15:22
The Little Paris Bookshop,N/A,Fiction,3,£24.73,2026-04-09 20:15:24
The Hiding Place,N/A,History,4,£55.91,2026-04-09 20:15:26
The Grand Design,N/A,Science,3,£13.76,2026-04-09 20:15:27
The Firm,N/A,Fiction,3,£45.56,2026-04-09 20:15:29
The Fault in Our Stars,N/A,Default,1,£47.22,2026-04-09 20:15:30
The False Prince (The Ascendance Trilogy #1),N/A,Fantasy,5,£56.00,2026-04-09 20:15:32
The Expatriates,N/A,Fiction,2,£44.58,2026-04-09 20:15:33
The Dream Thieves (The Raven Cycle #2),N/A,Default,1,£34.50,2026-04-09 20:15:34
The Darkest Corners,N/A,Young Adult,5,£11.33,2026-04-09 20:15:36
The Crossover,N/A,Poetry,4,£38.77,2026-04-09 20:15:37
The 5th Wave (The 5th Wave #1),N/A,Default,2,£11.83,2026-04-09 20:15:38
Tell the Wind and Fire,N/A,Fantasy,3,£45.51,2026-04-09 20:15:40
Tell Me Three Things,N/A,Young Adult,1,£41.81,2026-04-09 20:15:41
Talking to Girls About Duran Duran: One Young Man's Quest for True Love and a Cooler Haircut,N/A,Nonfiction,4,£25.15,2026-04-09 20:15:43
Siddhartha,N/A,Fiction,5,£34.22,2026-04-09 20:15:44
Shiver (The Wolves of Mercy Falls #1),N/A,Default,5,£16.23,2026-04-09 20:15:46
Remember Me?,N/A,Default,3,£11.48,2026-04-09 20:15:47
Red Dragon (Hannibal Lecter #1),N/A,Horror,3,£23.37,2026-04-09 20:15:49
Peak: Secrets from the New Science of Expertise,N/A,Science,2,£16.28,2026-04-09 20:15:50
My Mother Was Nuts,N/A,Nonfiction,4,£31.63,2026-04-09 20:15:52
Mexican Today: New and Rediscovered Recipes for Contemporary Kitchens,N/A,Food and Drink,5,£24.91,2026-04-09 20:15:53
Maybe Something Beautiful: How Art Transformed a Neighborhood,N/A,Childrens,1,£22.54,2026-04-09 20:15:55
Lola and the Boy Next Door (Anna and the French Kiss #2),N/A,Young Adult,4,£23.63,2026-04-09 20:15:56
Logan Kade (Fallen Crest High #5.5),N/A,Academic,2,£13.12,2026-04-09 20:15:57
Last One Home (New Beginnings #1),N/A,Fiction,3,£59.98,2026-04-09 20:15:59
Killing Floor (Jack Reacher #1),N/A,Thriller,4,£31.49,2026-04-09 20:16:00
Kill the Boy Band,N/A,Young Adult,5,£15.52,2026-04-09 20:16:01
Isla and the Happily Ever After (Anna and the French Kiss #3),N/A,Young Adult,5,£48.13,2026-04-09 20:16:02
If I Stay (If I Stay #1),N/A,Default,5,£38.13,2026-04-09 20:16:04
I Know Why the Caged Bird Sings (Maya Angelou's Autobiography #1),N/A,Default,2,£36.55,2026-04-09 20:16:05
Harry Potter and the Deathly Hallows (Harry Potter #7),N/A,Default,1,£23.32,2026-04-09 20:16:07
"Fruits Basket, Vol. 5 (Fruits Basket #5)",N/A,Sequential Art,1,£16.33,2026-04-09 20:16:08
Foundation (Foundation (Publication Order) #1),N/A,Science Fiction,1,£32.42,2026-04-09 20:16:09
Fool Me Once,N/A,Default,1,£16.96,2026-04-09 20:16:11
Find Her (Detective D.D. Warren #8),N/A,Add a comment,1,£22.37,2026-04-09 20:16:12
Evicted: Poverty and Profit in the American City,N/A,Add a comment,1,£42.27,2026-04-09 20:16:14
Drama,N/A,Default,2,£38.70,2026-04-09 20:16:15
Dracula the Un-Dead,N/A,Horror,5,£35.63,2026-04-09 20:16:16
Digital Fortress,N/A,Fiction,5,£58.00,2026-04-09 20:16:18
"Death Note, Vol. 5: Whiteout (Death Note #5)",N/A,Sequential Art,1,£52.41,2026-04-09 20:16:19
"Data, A Love Story: How I Gamed Online Dating to Meet My Match",N/A,Nonfiction,3,£32.35,2026-04-09 20:16:21
Critique of Pure Reason,N/A,Philosophy,1,£20.75,2026-04-09 20:16:22
Booked,N/A,Poetry,5,£17.49,2026-04-09 20:16:23
"Blue Lily, Lily Blue (The Raven Cycle #3)",N/A,Default,5,£34.13,2026-04-09 20:16:24
Approval Junkie: Adventures in Caring Too Much,N/A,Autobiography,5,£58.81,2026-04-09 20:16:26
An Abundance of Katherines,N/A,Young Adult,5,£10.00,2026-04-09 20:16:27
America's War for the Greater Middle East: A Military History,N/A,History,2,£51.22,2026-04-09 20:16:28
Alight (The Generations Trilogy #2),N/A,Default,4,£58.59,2026-04-09 20:16:30
A Girl's Guide to Moving On (New Beginnings #2),N/A,Romance,1,£31.30,2026-04-09 20:16:31
A Game of Thrones (A Song of Ice and Fire #1),N/A,Add a comment,2,£46.42,2026-04-09 20:16:33
A Feast for Crows (A Song of Ice and Fire #4),N/A,Fantasy,4,£17.21,2026-04-09 20:16:34
A Clash of Kings (A Song of Ice and Fire #2),N/A,Add a comment,3,£10.79,2026-04-09 20:16:36
Vogue Colors A to Z: A Fashion Coloring Book,N/A,Default,4,£52.35,2026-04-09 20:16:37
The Shining (The Shining #1),N/A,Default,3,£27.88,2026-04-09 20:16:38
The Pilgrim's Progress,N/A,Classics,2,£50.26,2026-04-09 20:16:39
The Perfect Play (Play by Play #1),N/A,Romance,3,£59.99,2026-04-09 20:16:40
The Passion of Dolssa,N/A,Historical Fiction,5,£28.32,2026-04-09 20:16:41
The Jazz of Physics: The Secret Link Between Music and the Structure of the Universe,N/A,Nonfiction,3,£38.71,2026-04-09 20:16:42
The Hunger Games (The Hunger Games #1),N/A,Default,5,£29.85,2026-04-09 20:16:43
The Hound of the Baskervilles (Sherlock Holmes #5),N/A,Classics,2,£14.82,2026-04-09 20:16:44
The Gunning of America: Business and the Making of American Gun Culture,N/A,Nonfiction,4,£16.81,2026-04-09 20:16:46
The Geography of Bliss: One Grump's Search for the Happiest Places in the World,N/A,Nonfiction,2,£28.23,2026-04-09 20:16:47
The Demonists (Demonist #1),N/A,Fantasy,2,£52.11,2026-04-09 20:16:48
"The Demon Prince of Momochi House, Vol. 4 (The Demon Prince of Momochi House #4)",N/A,Sequential Art,2,£27.88,2026-04-09 20:16:49
The Bone Hunters (Lexy Vaughan & Steven Macaulay #2),N/A,Thriller,3,£59.71,2026-04-09 20:16:51
The Beast (Black Dagger Brotherhood #14),N/A,Fantasy,5,£46.08,2026-04-09 20:16:52
Some Women,N/A,Womens Fiction,5,£13.73,2026-04-09 20:16:54
Shopaholic Ties the Knot (Shopaholic #3),N/A,Womens Fiction,5,£48.39,2026-04-09 20:16:55
Paper and Fire (The Great Library #2),N/A,Fantasy,5,£49.45,2026-04-09 20:16:56
Outlander (Outlander #1),N/A,Default,5,£19.67,2026-04-09 20:16:58
"Orchestra of Exiles: The Story of Bronislaw Huberman, the Israel Philharmonic, and the One Thousand Jews He Saved from Nazi Horrors",N/A,Music,3,£12.36,2026-04-09 20:16:59
No One Here Gets Out Alive,N/A,Music,5,£20.02,2026-04-09 20:17:01
Night Shift (Night Shift #1-20),N/A,Horror,4,£12.75,2026-04-09 20:17:02
Needful Things,N/A,Horror,4,£47.51,2026-04-09 20:17:04
Mockingjay (The Hunger Games #3),N/A,Default,4,£20.44,2026-04-09 20:17:05
Misery,N/A,Horror,2,£34.79,2026-04-09 20:17:06
Little Women (Little Women #1),N/A,Classics,4,£28.07,2026-04-09 20:17:08
It,N/A,Horror,3,£25.01,2026-04-09 20:17:09
Harry Potter and the Sorcerer's Stone (Harry Potter #1),N/A,Default,3,£13.90,2026-04-09 20:17:11
Harry Potter and the Prisoner of Azkaban (Harry Potter #3),N/A,Young Adult,4,£24.17,2026-04-09 20:17:12
Harry Potter and the Order of the Phoenix (Harry Potter #5),N/A,Fantasy,4,£31.63,2026-04-09 20:17:14
Harry Potter and the Half-Blood Prince (Harry Potter #6),N/A,Fantasy,5,£48.75,2026-04-09 20:17:15
Harry Potter and the Chamber of Secrets (Harry Potter #2),N/A,Fantasy,1,£14.74,2026-04-09 20:17:17
Gone with the Wind,N/A,Classics,3,£32.49,2026-04-09 20:17:18
God Is Not Great: How Religion Poisons Everything,N/A,Nonfiction,1,£27.80,2026-04-09 20:17:20
Girl With a Pearl Earring,N/A,Historical Fiction,1,£26.77,2026-04-09 20:17:21
"Fruits Basket, Vol. 4 (Fruits Basket #4)",N/A,Sequential Art,4,£50.44,2026-04-09 20:17:22
Far From True (Promise Falls Trilogy #2),N/A,Thriller,2,£34.93,2026-04-09 20:17:24
Dark Lover (Black Dagger Brotherhood #1),N/A,Romance,1,£12.87,2026-04-09 20:17:25
Confessions of a Shopaholic (Shopaholic #1),N/A,Default,2,£48.94,2026-04-09 20:17:26
Changing the Game (Play by Play #2),N/A,Romance,3,£13.38,2026-04-09 20:17:28
Candide,N/A,Classics,3,£58.63,2026-04-09 20:17:29
Can You Keep a Secret?,N/A,Womens Fiction,1,£21.94,2026-04-09 20:17:30
Atlas Shrugged,N/A,Fiction,5,£26.58,2026-04-09 20:17:32
Animal Farm,N/A,Classics,3,£57.22,2026-04-09 20:17:33
A Walk to Remember,N/A,Romance,1,£56.43,2026-04-09 20:17:34
A New Earth: Awakening to Your Life's Purpose,N/A,Spirituality,5,£55.65,2026-04-09 20:17:36
"A History of God: The 4,000-Year Quest of Judaism, Christianity, and Islam",N/A,Religion,1,£27.62,2026-04-09 20:17:37
'Salem's Lot,N/A,Horror,4,£49.56,2026-04-09 20:17:39
Zero History (Blue Ant #3),N/A,Default,1,£34.77,2026-04-09 20:17:40
Wuthering Heights,N/A,Classics,3,£17.73,2026-04-09 20:17:42
World War Z: An Oral History of the Zombie War,N/A,Default,1,£21.80,2026-04-09 20:17:43
Wild: From Lost to Found on the Pacific Crest Trail,N/A,Default,3,£46.02,2026-04-09 20:17:45
"Where'd You Go, Bernadette",N/A,Default,1,£18.13,2026-04-09 20:17:46
When You Are Engulfed in Flames,N/A,Humor,5,£30.89,2026-04-09 20:17:47
We the People: The Modern-Day Figures Who Have Reshaped and Affirmed the Founding Fathers' Vision of America,N/A,Nonfiction,3,£31.95,2026-04-09 20:17:49
We Are All Completely Beside Ourselves,N/A,Contemporary,1,£24.04,2026-04-09 20:17:50
Walk the Edge (Thunder Road #2),N/A,Young Adult,3,£32.36,2026-04-09 20:17:51
Voyager (Outlander #3),N/A,Historical Fiction,5,£21.07,2026-04-09 20:17:53
Very Good Lives: The Fringe Benefits of Failure and the Importance of Imagination,N/A,Nonfiction,3,£50.66,2026-04-09 20:17:54
Vegan Vegetarian Omnivore: Dinner for Everyone at the Table,N/A,Food and Drink,2,£13.66,2026-04-09 20:17:56
"Unstuffed: Decluttering Your Home, Mind, and Soul",N/A,Nonfiction,1,£58.09,2026-04-09 20:17:57
Under the Banner of Heaven: A Story of Violent Faith,N/A,Nonfiction,1,£30.00,2026-04-09 20:17:58
Two Boys Kissing,N/A,Young Adult,2,£32.74,2026-04-09 20:18:00
Twilight (Twilight #1),N/A,Default,2,£41.93,2026-04-09 20:18:01
Twenties Girl,N/A,Womens Fiction,2,£42.80,2026-04-09 20:18:03
"Trespassing Across America: One Man's Epic, Never-Done-Before (and Sort of Illegal) Hike Across the Heartland",N/A,Nonfiction,1,£53.51,2026-04-09 20:18:04
Three-Martini Lunch,N/A,Fiction,3,£23.21,2026-04-09 20:18:05
"Thinking, Fast and Slow",N/A,Psychology,1,£21.14,2026-04-09 20:18:07
The Wild Robot,N/A,Childrens,3,£56.07,2026-04-09 20:18:08
"The Wicked + The Divine, Vol. 3: Commercial Suicide (The Wicked + The Divine)",N/A,Sequential Art,3,£14.41,2026-04-09 20:18:09
The Undomestic Goddess,N/A,Womens Fiction,4,£45.75,2026-04-09 20:18:11
The Travelers,N/A,Thriller,1,£15.77,2026-04-09 20:18:12
The Tipping Point: How Little Things Can Make a Big Difference,N/A,Add a comment,2,£10.02,2026-04-09 20:18:13
The Thing About Jellyfish,N/A,Childrens,1,£48.77,2026-04-09 20:18:15
The Stand,N/A,Horror,2,£57.86,2026-04-09 20:18:17
The Smitten Kitchen Cookbook,N/A,Food and Drink,1,£23.59,2026-04-09 20:18:18
The Silkworm (Cormoran Strike #2),N/A,Mystery,5,£23.05,2026-04-09 20:18:20
"The Sandman, Vol. 3: Dream Country (The Sandman (volumes) #3)",N/A,Sequential Art,5,£55.55,2026-04-09 20:18:21
The Rose & the Dagger (The Wrath and the Dawn #2),N/A,Fantasy,4,£58.64,2026-04-09 20:18:22
The Road to Little Dribbling: Adventures of an American in Britain (Notes From a Small Island #2),N/A,Travel,1,£23.21,2026-04-09 20:18:24
The Rise of Theodore Roosevelt (Theodore Roosevelt #1),N/A,Biography,3,£42.57,2026-04-09 20:18:25
The Restaurant at the End of the Universe (Hitchhiker's Guide to the Galaxy #2),N/A,Science Fiction,1,£10.92,2026-04-09 20:18:27
The Rest Is Noise: Listening to the Twentieth Century,N/A,Add a comment,1,£34.77,2026-04-09 20:18:28
The Red Tent,N/A,Historical Fiction,5,£35.66,2026-04-09 20:18:30
The Purpose Driven Life: What on Earth Am I Here for?,N/A,Add a comment,3,£37.19,2026-04-09 20:18:31
The Purest Hook (Second Circle Tattoos #3),N/A,Romance,1,£12.25,2026-04-09 20:18:33
The Picture of Dorian Gray,N/A,Classics,2,£29.70,2026-04-09 20:18:34
The Paris Wife,N/A,Default,3,£36.80,2026-04-09 20:18:35
The Obsession,N/A,Romance,1,£45.43,2026-04-09 20:18:37
The Nightingale,N/A,Fiction,4,£26.26,2026-04-09 20:18:38
The New Guy (and Other Senior Year Distractions),N/A,Young Adult,3,£44.92,2026-04-09 20:18:40
The Nanny Diaries (Nanny #1),N/A,Womens Fiction,5,£52.53,2026-04-09 20:18:41
The Name of God is Mercy,N/A,Nonfiction,2,£37.25,2026-04-09 20:18:43
The Maze Runner (The Maze Runner #1),N/A,Default,1,£20.93,2026-04-09 20:18:44
The Lover's Dictionary,N/A,Default,2,£58.09,2026-04-09 20:18:46
The Lonely Ones,N/A,Childrens,5,£43.59,2026-04-09 20:18:47
The Lean Startup: How Today's Entrepreneurs Use Continuous Innovation to Create Radically Successful Businesses,N/A,Business,3,£33.92,2026-04-09 20:18:49
The Last Painting of Sara de Vos,N/A,Historical Fiction,2,£55.55,2026-04-09 20:18:50
"The Land of 10,000 Madonnas",N/A,Young Adult,4,£29.64,2026-04-09 20:18:51
The Infinities,N/A,Fiction,1,£27.41,2026-04-09 20:18:53
The Husband's Secret,N/A,Fiction,5,£52.51,2026-04-09 20:18:54
The Hitchhiker's Guide to the Galaxy (Hitchhiker's Guide to the Galaxy #1),N/A,Add a comment,3,£47.80,2026-04-09 20:18:56
The Guns of August,N/A,History,2,£14.54,2026-04-09 20:18:58
The Guernsey Literary and Potato Peel Pie Society,N/A,Historical Fiction,1,£49.53,2026-04-09 20:18:59
The Goldfinch,N/A,Default,3,£43.58,2026-04-09 20:19:01
The Giver (The Giver Quartet #1),N/A,Default,1,£12.30,2026-04-09 20:19:02
The Girl with All the Gifts,N/A,Horror,3,£49.47,2026-04-09 20:19:04
The Girl Who Played with Fire (Millennium Trilogy #2),N/A,Default,2,£22.14,2026-04-09 20:19:05
The Girl Who Kicked the Hornet's Nest (Millennium Trilogy #3),N/A,Add a comment,1,£57.48,2026-04-09 20:19:06
The Exiled,N/A,Mystery,3,£43.45,2026-04-09 20:19:08
"The End of Faith: Religion, Terror, and the Future of Reason",N/A,Add a comment,4,£22.13,2026-04-09 20:19:09
"The Elegant Universe: Superstrings, Hidden Dimensions, and the Quest for the Ultimate Theory",N/A,Science,4,£13.03,2026-04-09 20:19:11
"The Disappearing Spoon: And Other True Tales of Madness, Love, and the History of the World from the Periodic Table of the Elements",N/A,Science,5,£57.35,2026-04-09 20:19:12
The Devil Wears Prada (The Devil Wears Prada #1),N/A,Womens Fiction,1,£44.29,2026-04-09 20:19:14
The Demon-Haunted World: Science as a Candle in the Dark,N/A,Default,4,£52.25,2026-04-09 20:19:15
The Day the Crayons Came Home (Crayons),N/A,Childrens,5,£26.33,2026-04-09 20:19:17
The Da Vinci Code (Robert Langdon #2),N/A,Fiction,2,£22.96,2026-04-09 20:19:18
The Cuckoo's Calling (Cormoran Strike #1),N/A,Mystery,1,£19.21,2026-04-09 20:19:20
The Complete Stories and Poems (The Works of Edgar Allan Poe [Cameo Edition]),N/A,Classics,4,£26.78,2026-04-09 20:19:21
The Complete Poems,N/A,Add a comment,5,£41.32,2026-04-09 20:19:22
The Catcher in the Rye,N/A,Add a comment,1,£24.55,2026-04-09 20:19:24
The Cat in the Hat (Beginner Books B-1),N/A,Childrens,2,£16.26,2026-04-09 20:19:25
The Case for Christ (Cases for Christianity),N/A,Add a comment,1,£47.84,2026-04-09 20:19:26
The Book Thief,N/A,Default,2,£53.49,2026-04-09 20:19:28
The Book of Basketball: The NBA According to The Sports Guy,N/A,Sports and Games,5,£44.84,2026-04-09 20:19:29
The Blind Side: Evolution of a Game,N/A,Add a comment,5,£53.71,2026-04-09 20:19:31
The Autobiography of Malcolm X,N/A,Default,2,£23.43,2026-04-09 20:19:32
"The Art of Simple Food: Notes, Lessons, and Recipes from a Delicious Revolution",N/A,Food and Drink,3,£34.32,2026-04-09 20:19:34
The Art of Fielding,N/A,Fiction,1,£22.10,2026-04-09 20:19:35
"Surely You're Joking, Mr. Feynman!: Adventures of a Curious Character",N/A,Science,2,£25.83,2026-04-09 20:19:37
Stiff: The Curious Lives of Human Cadavers,N/A,Nonfiction,3,£36.74,2026-04-09 20:19:38
Spilled Milk: Based on a True Story,N/A,Nonfiction,1,£49.51,2026-04-09 20:19:40
Something Borrowed (Darcy & Rachel #1),N/A,Womens Fiction,5,£48.96,2026-04-09 20:19:41
Something Blue (Darcy & Rachel #2),N/A,Womens Fiction,1,£54.62,2026-04-09 20:19:43
Soldier (Talon #3),N/A,Fantasy,2,£24.72,2026-04-09 20:19:44
Shopaholic & Baby (Shopaholic #5),N/A,Default,2,£46.45,2026-04-09 20:19:46
Seven Days in the Art World,N/A,Add a comment,2,£52.33,2026-04-09 20:19:47
Seven Brief Lessons on Physics,N/A,Science,4,£30.60,2026-04-09 20:19:48
Scarlet (The Lunar Chronicles #2),N/A,Young Adult,4,£14.57,2026-04-09 20:19:50
Sarah's Key,N/A,Add a comment,1,£46.29,2026-04-09 20:19:51
"Saga, Volume 3 (Saga (Collected Editions) #3)",N/A,Sequential Art,5,£21.57,2026-04-09 20:19:53
Running with Scissors,N/A,Autobiography,4,£12.91,2026-04-09 20:19:54
Rogue Lawyer (Rogue Lawyer #1),N/A,Add a comment,3,£50.11,2026-04-09 20:19:56
"Rise of the Rocket Girls: The Women Who Propelled Us, from Missiles to the Moon to Mars",N/A,Nonfiction,4,£41.67,2026-04-09 20:19:57
Rework,N/A,Business,2,£44.88,2026-04-09 20:19:58
Reservations for Two,N/A,Romance,3,£11.10,2026-04-09 20:20:00
Red: The True Story of Red Riding Hood,N/A,Childrens,3,£28.54,2026-04-09 20:20:01
Ready Player One,N/A,Science Fiction,4,£19.07,2026-04-09 20:20:03
Quiet: The Power of Introverts in a World That Can't Stop Talking,N/A,Default,1,£43.55,2026-04-09 20:20:04
Prodigy: The Graphic Novel (Legend: The Graphic Novel #2),N/A,Sequential Art,3,£43.63,2026-04-09 20:20:05
Persepolis: The Story of a Childhood (Persepolis #1-2),N/A,Sequential Art,1,£39.13,2026-04-09 20:20:07
Packing for Mars: The Curious Science of Life in the Void,N/A,Default,2,£56.68,2026-04-09 20:20:08
Outliers: The Story of Success,N/A,Nonfiction,1,£14.16,2026-04-09 20:20:10
Original Fake,N/A,Sequential Art,3,£31.45,2026-04-09 20:20:11
Orange Is the New Black,N/A,Default,2,£24.61,2026-04-09 20:20:13
One for the Money (Stephanie Plum #1),N/A,Default,2,£32.87,2026-04-09 20:20:14
Notes from a Small Island (Notes From a Small Island #1),N/A,Nonfiction,1,£40.17,2026-04-09 20:20:15
Night (The Night Trilogy #1),N/A,Nonfiction,1,£13.51,2026-04-09 20:20:17
Neither Here nor There: Travels in Europe,N/A,Travel,3,£38.95,2026-04-09 20:20:18
Naked,N/A,Humor,3,£31.69,2026-04-09 20:20:19
Morning Star (Red Rising #3),N/A,Default,1,£29.40,2026-04-09 20:20:21
"Miracles from Heaven: A Little Girl, Her Journey to Heaven, and Her Amazing Story of Healing",N/A,Nonfiction,1,£57.83,2026-04-09 20:20:22
Midnight Riot (Peter Grant/ Rivers of London - books #1),N/A,Fantasy,2,£55.46,2026-04-09 20:20:23
Me Talk Pretty One Day,N/A,Autobiography,2,£57.60,2026-04-09 20:20:25
Manuscript Found in Accra,N/A,Add a comment,2,£34.98,2026-04-09 20:20:26
Lust & Wonder,N/A,Autobiography,2,£11.87,2026-04-09 20:20:28
Lila (Gilead #3),N/A,Fiction,3,£12.47,2026-04-09 20:20:29
"Life, the Universe and Everything (Hitchhiker's Guide to the Galaxy #3)",N/A,Science Fiction,2,£33.26,2026-04-09 20:20:30
Life Without a Recipe,N/A,Autobiography,5,£59.04,2026-04-09 20:20:32
Life After Life,N/A,Default,2,£26.13,2026-04-09 20:20:33
Letter to a Christian Nation,N/A,Nonfiction,1,£22.20,2026-04-09 20:20:35
Let's Pretend This Never Happened: A Mostly True Memoir,N/A,Nonfiction,1,£45.11,2026-04-09 20:20:36
Legend (Legend #1),N/A,Young Adult,4,£43.69,2026-04-09 20:20:38
"Lean In: Women, Work, and the Will to Lead",N/A,Default,1,£25.02,2026-04-09 20:20:39
"Lamb: The Gospel According to Biff, Christ's Childhood Pal",N/A,Humor,5,£55.50,2026-04-09 20:20:41
Lady Renegades (Rebel Belle #3),N/A,Young Adult,5,£53.04,2026-04-09 20:20:42
Jurassic Park (Jurassic Park #1),N/A,Fiction,1,£44.97,2026-04-09 20:20:44
It's Never Too Late to Begin Again: Discovering Creativity and Meaning at Midlife and Beyond,N/A,Nonfiction,1,£42.38,2026-04-09 20:20:45
Is Everyone Hanging Out Without Me? (And Other Concerns),N/A,Default,3,£20.11,2026-04-09 20:20:47
Into the Wild,N/A,Nonfiction,5,£56.70,2026-04-09 20:20:48
Inferno (Robert Langdon #4),N/A,Fiction,5,£41.00,2026-04-09 20:20:50
"In the Garden of Beasts: Love, Terror, and an American Family in Hitler's Berlin",N/A,Nonfiction,3,£28.85,2026-04-09 20:20:51
If I Run (If I Run #1),N/A,Christian Fiction,4,£49.97,2026-04-09 20:20:53
I've Got Your Number,N/A,Womens Fiction,1,£19.69,2026-04-09 20:20:54
I Am Malala: The Girl Who Stood Up for Education and Was Shot by the Taliban,N/A,Nonfiction,2,£28.88,2026-04-09 20:20:55
Hungry Girl Clean & Hungry: Easy All-Natural Recipes for Healthy Eating in the Real World,N/A,Food and Drink,3,£33.14,2026-04-09 20:20:56
"House of Lost Worlds: Dinosaurs, Dynasties, and the Story of Life on Earth",N/A,History,2,£43.70,2026-04-09 20:20:57
House of Leaves,N/A,Horror,1,£54.89,2026-04-09 20:20:59
Horrible Bear!,N/A,Childrens,2,£37.52,2026-04-09 20:21:00
Holidays on Ice,N/A,Humor,2,£51.07,2026-04-09 20:21:01
Heir to the Sky,N/A,Fantasy,4,£44.07,2026-04-09 20:21:02
Green Eggs and Ham (Beginner Books B-16),N/A,Childrens,4,£10.79,2026-04-09 20:21:03
"Grayson, Vol 3: Nemesis (Grayson #3)",N/A,Sequential Art,1,£42.72,2026-04-09 20:21:04
Gratitude,N/A,Nonfiction,5,£26.66,2026-04-09 20:21:05
Gone Girl,N/A,Default,5,£37.60,2026-04-09 20:21:06
Golden (Heart of Dread #3),N/A,Young Adult,4,£42.21,2026-04-09 20:21:07
Girl in the Blue Coat,N/A,Historical Fiction,2,£46.83,2026-04-09 20:21:08
"Fruits Basket, Vol. 3 (Fruits Basket #3)",N/A,Sequential Art,2,£45.17,2026-04-09 20:21:10
"Friday Night Lights: A Town, a Team, and a Dream",N/A,Sports and Games,3,£51.22,2026-04-09 20:21:11
Fire Bound (Sea Haven/Sisters of the Heart #5),N/A,Add a comment,4,£21.28,2026-04-09 20:21:13
Fifty Shades Freed (Fifty Shades #3),N/A,Adult Fiction,5,£15.36,2026-04-09 20:21:14
Fellside,N/A,Default,1,£38.62,2026-04-09 20:21:15
Extreme Prey (Lucas Davenport #26),N/A,Mystery,3,£25.40,2026-04-09 20:21:16
Eragon (The Inheritance Cycle #1),N/A,Fantasy,3,£43.87,2026-04-09 20:21:18
Eclipse (Twilight #3),N/A,Default,1,£18.74,2026-04-09 20:21:19
Dune (Dune #1),N/A,Science Fiction,1,£54.86,2026-04-09 20:21:21
Dracula,N/A,Default,3,£52.62,2026-04-09 20:21:22
Do Androids Dream of Electric Sheep? (Blade Runner #1),N/A,Science Fiction,1,£51.48,2026-04-09 20:21:24
Disrupted: My Misadventure in the Start-Up Bubble,N/A,Nonfiction,5,£15.28,2026-04-09 20:21:25
Dead Wake: The Last Crossing of the Lusitania,N/A,Default,5,£39.24,2026-04-09 20:21:26
"David and Goliath: Underdogs, Misfits, and the Art of Battling Giants",N/A,Default,1,£17.81,2026-04-09 20:21:27
Darkfever (Fever #1),N/A,Fantasy,1,£56.02,2026-04-09 20:21:28
Dark Places,N/A,Default,5,£23.90,2026-04-09 20:21:30
Crazy Rich Asians (Crazy Rich Asians #1),N/A,Fiction,5,£49.13,2026-04-09 20:21:31
Counting Thyme,N/A,Childrens,1,£10.62,2026-04-09 20:21:33
Cosmos,N/A,Add a comment,2,£36.17,2026-04-09 20:21:34
Civilization and Its Discontents,N/A,Psychology,2,£59.95,2026-04-09 20:21:36
Cinder (The Lunar Chronicles #1),N/A,Young Adult,1,£26.09,2026-04-09 20:21:37
Catastrophic Happiness: Finding Joy in Childhood's Messy Years,N/A,Parenting,2,£37.35,2026-04-09 20:21:39
Career of Evil (Cormoran Strike #3),N/A,Mystery,2,£24.72,2026-04-09 20:21:40
Breaking Dawn (Twilight #4),N/A,Default,5,£35.28,2026-04-09 20:21:41
Brave Enough,N/A,Nonfiction,5,£51.32,2026-04-09 20:21:43
Boy Meets Boy,N/A,Young Adult,3,£21.12,2026-04-09 20:21:44
"Born to Run: A Hidden Tribe, Superathletes, and the Greatest Race the World Has Never Seen",N/A,Nonfiction,2,£27.35,2026-04-09 20:21:46
Blink: The Power of Thinking Without Thinking,N/A,Nonfiction,5,£21.74,2026-04-09 20:21:47
Black Flags: The Rise of ISIS,N/A,Nonfiction,1,£40.87,2026-04-09 20:21:48
"Black Butler, Vol. 1 (Black Butler #1)",N/A,Sequential Art,1,£49.31,2026-04-09 20:21:49
Big Little Lies,N/A,Fiction,1,£22.11,2026-04-09 20:21:50
Between Shades of Gray,N/A,Historical Fiction,5,£20.79,2026-04-09 20:21:52
Best of My Love (Fool's Gold #20),N/A,Romance,2,£27.41,2026-04-09 20:21:53
Beowulf,N/A,Classics,2,£38.35,2026-04-09 20:21:54
Beautiful Creatures (Caster Chronicles #1),N/A,Default,5,£21.55,2026-04-09 20:21:56
Awkward,N/A,Sequential Art,2,£38.02,2026-04-09 20:21:57
Ash,N/A,Fantasy,4,£22.06,2026-04-09 20:21:58
Are We There Yet?,N/A,Childrens,3,£10.66,2026-04-09 20:21:59
Are We Smart Enough to Know How Smart Animals Are?,N/A,Nonfiction,1,£56.58,2026-04-09 20:22:00
Annie on My Mind,N/A,Young Adult,5,£36.83,2026-04-09 20:22:01
And Then There Were None,N/A,Classics,2,£35.01,2026-04-09 20:22:03
A Walk in the Woods: Rediscovering America on the Appalachian Trail,N/A,Nonfiction,4,£30.48,2026-04-09 20:22:04
A Visit from the Goon Squad,N/A,Default,5,£14.08,2026-04-09 20:22:05
A Storm of Swords (A Song of Ice and Fire #3),N/A,Fantasy,2,£31.22,2026-04-09 20:22:06
A Heartbreaking Work of Staggering Genius,N/A,Autobiography,5,£54.29,2026-04-09 20:22:07
8 Keys to Mental Health Through Exercise,N/A,Psychology,1,£31.04,2026-04-09 20:22:08
#GIRLBOSS,N/A,Add a comment,1,£50.96,2026-04-09 20:22:09
"The Suffragettes (Little Black Classics, #96)",N/A,Nonfiction,2,£11.89,2026-04-09 20:22:10
The Sense of an Ending,N/A,Add a comment,3,£31.38,2026-04-09 20:22:11
"The Sandman, Vol. 2: The Doll's House (The Sandman (volumes) #2)",N/A,Sequential Art,1,£54.81,2026-04-09 20:22:12
The Course of Love,N/A,Fiction,3,£16.78,2026-04-09 20:22:13
Sugar Rush (Offensive Line #2),N/A,Sports and Games,1,£24.42,2026-04-09 20:22:14
"Saga, Volume 2 (Saga (Collected Editions) #2)",N/A,Sequential Art,3,£11.75,2026-04-09 20:22:15
"Run, Spot, Run: The Ethics of Keeping Pets",N/A,Philosophy,1,£20.02,2026-04-09 20:22:16
New Moon (Twilight #2),N/A,Young Adult,4,£12.86,2026-04-09 20:22:17
Life,N/A,Music,5,£31.58,2026-04-09 20:22:18
Kindle Paperwhite User's Guide,N/A,Nonfiction,3,£34.00,2026-04-09 20:22:19
H is for Hawk,N/A,Nonfiction,5,£57.42,2026-04-09 20:22:20
Girl Online On Tour (Girl Online #2),N/A,Young Adult,1,£53.47,2026-04-09 20:22:21
"Fruits Basket, Vol. 2 (Fruits Basket #2)",N/A,Sequential Art,5,£11.64,2026-04-09 20:22:22
Diary of a Minecraft Zombie Book 1: A Scare of a Dare (An Unofficial Minecraft Book),N/A,Childrens,4,£52.88,2026-04-09 20:22:23
"Y: The Last Man, Vol. 1: Unmanned (Y: The Last Man #1)",N/A,Sequential Art,4,£18.51,2026-04-09 20:22:24
While You Were Mine,N/A,Historical Fiction,5,£41.32,2026-04-09 20:22:25
Where Lightning Strikes (Bleeding Stars #3),N/A,Romance,3,£39.77,2026-04-09 20:22:26
When I'm Gone,N/A,Fiction,3,£51.96,2026-04-09 20:22:28
Ways of Seeing,N/A,Art,5,£39.51,2026-04-09 20:22:29
"Vampire Knight, Vol. 1 (Vampire Knight #1)",N/A,Paranormal,1,£15.40,2026-04-09 20:22:30
Vampire Girl (Vampire Girl #1),N/A,Fantasy,2,£53.82,2026-04-09 20:22:31
Twenty Love Poems and a Song of Despair,N/A,Poetry,4,£30.95,2026-04-09 20:22:32
Travels with Charley: In Search of America,N/A,Nonfiction,5,£57.82,2026-04-09 20:22:33
Three Wishes (River of Time: California #1),N/A,Science Fiction,2,£44.18,2026-04-09 20:22:34
This One Moment (Pushing Limits #1),N/A,Romance,1,£48.71,2026-04-09 20:22:35
The Zombie Room,N/A,Default,5,£19.69,2026-04-09 20:22:36
"The Wicked + The Divine, Vol. 1: The Faust Act (The Wicked + The Divine)",N/A,Sequential Art,2,£36.52,2026-04-09 20:22:37
The Tumor,N/A,Nonfiction,5,£41.56,2026-04-09 20:22:38
The Story of Hong Gildong,N/A,Classics,4,£43.19,2026-04-09 20:22:39
The Silent Wife,N/A,Fiction,5,£12.34,2026-04-09 20:22:40
The Silent Twin (Detective Jennifer Knight #3),N/A,Fantasy,3,£36.25,2026-04-09 20:22:41
The Selfish Gene,N/A,Science,1,£29.45,2026-04-09 20:22:42
The Secret Healer,N/A,Historical Fiction,3,£34.56,2026-04-09 20:22:43
"The Sandman, Vol. 1: Preludes and Nocturnes (The Sandman (volumes) #1)",N/A,Sequential Art,3,£54.12,2026-04-09 20:22:44
The Republic,N/A,Add a comment,3,£33.78,2026-04-09 20:22:46
The Odyssey,N/A,Add a comment,3,£29.64,2026-04-09 20:22:47
The No. 1 Ladies' Detective Agency (No. 1 Ladies' Detective Agency #1),N/A,Mystery,4,£57.70,2026-04-09 20:22:48
The Nicomachean Ethics,N/A,Philosophy,1,£36.34,2026-04-09 20:22:49
The Name of the Wind (The Kingkiller Chronicle #1),N/A,Default,3,£50.59,2026-04-09 20:22:50
The Mirror & the Maze (The Wrath and the Dawn #1.5),N/A,Fantasy,1,£29.38,2026-04-09 20:22:51
The Little Prince,N/A,Classics,2,£45.42,2026-04-09 20:22:52
The Light of the Fireflies,N/A,Add a comment,1,£54.43,2026-04-09 20:22:53
The Last Girl (The Dominion Trilogy #1),N/A,Science Fiction,2,£36.26,2026-04-09 20:22:54
The Iliad,N/A,Add a comment,1,£16.16,2026-04-09 20:22:55
The Hook Up (Game On #1),N/A,New Adult,5,£36.29,2026-04-09 20:22:56
The Haters,N/A,Young Adult,5,£27.89,2026-04-09 20:22:57
The Girl You Lost,N/A,Mystery,5,£12.29,2026-04-09 20:22:58
The Girl In The Ice (DCI Erika Foster #1),N/A,Mystery,3,£15.85,2026-04-09 20:22:59
The End of the Jesus Era (An Investigation #1),N/A,Nonfiction,1,£14.40,2026-04-09 20:23:00
The Edge of Reason (Bridget Jones #2),N/A,Womens Fiction,4,£19.18,2026-04-09 20:23:01
The Complete Maus (Maus #1-2),N/A,Sequential Art,3,£10.64,2026-04-09 20:23:02
The Communist Manifesto,N/A,Add a comment,3,£14.76,2026-04-09 20:23:03
The Bhagavad Gita,N/A,Religion,3,£57.49,2026-04-09 20:23:04
The Bette Davis Club,N/A,Fiction,3,£30.66,2026-04-09 20:23:05
The Art of Not Breathing,N/A,Young Adult,4,£40.83,2026-04-09 20:23:06
Taking Shots (Assassins #1),N/A,Default,2,£18.88,2026-04-09 20:23:07
Starlark,N/A,Historical Fiction,3,£25.83,2026-04-09 20:23:08
"Skip Beat!, Vol. 01 (Skip Beat! #1)",N/A,Sequential Art,3,£42.12,2026-04-09 20:23:09
Sister Sable (The Mad Queen #1),N/A,Fantasy,3,£13.33,2026-04-09 20:23:10
Shatter Me (Shatter Me #1),N/A,Default,1,£42.40,2026-04-09 20:23:11
Shameless,N/A,New Adult,3,£58.35,2026-04-09 20:23:12
Shadow Rites (Jane Yellowrock #10),N/A,Fantasy,4,£21.72,2026-04-09 20:23:13
Settling the Score (The Summer Games #1),N/A,Sports and Games,2,£44.91,2026-04-09 20:23:14
Sense and Sensibility,N/A,Classics,1,£37.46,2026-04-09 20:23:15
"Saga, Volume 1 (Saga (Collected Editions) #1)",N/A,Sequential Art,1,£28.48,2026-04-09 20:23:16
"Rhythm, Chord & Malykhin",N/A,Romance,2,£28.34,2026-04-09 20:23:17
"Rat Queens, Vol. 1: Sass & Sorcery (Rat Queens (Collected Editions) #1-5)",N/A,Sequential Art,5,£46.96,2026-04-09 20:23:18
Paradise Lost (Paradise #1),N/A,Default,1,£24.96,2026-04-09 20:23:19
"Paper Girls, Vol. 1 (Paper Girls #1-5)",N/A,Sequential Art,4,£21.71,2026-04-09 20:23:20
"Ouran High School Host Club, Vol. 1 (Ouran High School Host Club #1)",N/A,Sequential Art,3,£29.87,2026-04-09 20:23:21
Origins (Alphas 0.5),N/A,Fantasy,1,£28.99,2026-04-09 20:23:22
One Second (Seven #7),N/A,Fantasy,2,£52.94,2026-04-09 20:23:23
On the Road (Duluoz Legend),N/A,Default,3,£32.36,2026-04-09 20:23:24
Old Records Never Die: One Man's Quest for His Vinyl and His Past,N/A,Music,2,£55.66,2026-04-09 20:23:25
Off Sides (Off #1),N/A,New Adult,5,£39.45,2026-04-09 20:23:26
Of Mice and Men,N/A,Classics,2,£47.11,2026-04-09 20:23:27
Myriad (Prentor #1),N/A,Fantasy,4,£58.75,2026-04-09 20:23:28
My Perfect Mistake (Over the Top #1),N/A,Romance,2,£38.92,2026-04-09 20:23:29
"Ms. Marvel, Vol. 1: No Normal (Ms. Marvel (2014-2015) #1)",N/A,Sequential Art,4,£39.39,2026-04-09 20:23:30
Meditations,N/A,Philosophy,2,£25.89,2026-04-09 20:23:31
Matilda,N/A,Childrens,1,£28.34,2026-04-09 20:23:32
Lost Among the Living,N/A,Historical Fiction,4,£27.70,2026-04-09 20:23:33
Lord of the Flies,N/A,Add a comment,3,£24.89,2026-04-09 20:23:34
Listen to Me (Fusion #1),N/A,Romance,3,£58.99,2026-04-09 20:23:35
Kitchens of the Great Midwest,N/A,Fiction,5,£57.20,2026-04-09 20:23:36
Jane Eyre,N/A,Default,5,£38.43,2026-04-09 20:23:37
Imperfect Harmony,N/A,Romance,4,£34.74,2026-04-09 20:23:38
Icing (Aces Hockey #2),N/A,Sports and Games,4,£40.44,2026-04-09 20:23:39
"Hawkeye, Vol. 1: My Life as a Weapon (Hawkeye #1)",N/A,Sequential Art,3,£45.24,2026-04-09 20:23:40
Having the Barbarian's Baby (Ice Planet Barbarians #7.5),N/A,Science Fiction,4,£34.96,2026-04-09 20:23:41
"Giant Days, Vol. 1 (Giant Days #1-4)",N/A,Sequential Art,4,£56.76,2026-04-09 20:23:42
"Fruits Basket, Vol. 1 (Fruits Basket #1)",N/A,Sequential Art,5,£40.28,2026-04-09 20:23:43
Frankenstein,N/A,Default,2,£38.00,2026-04-09 20:23:44
Forever Rockers (The Rocker #12),N/A,Music,3,£28.80,2026-04-09 20:23:45
Fighting Fate (Fighting #6),N/A,Romance,3,£39.24,2026-04-09 20:23:46
Emma,N/A,Classics,2,£32.93,2026-04-09 20:23:47
"Eat, Pray, Love",N/A,Nonfiction,3,£51.32,2026-04-09 20:23:48
Deep Under (Walker Security #1),N/A,Romance,5,£47.09,2026-04-09 20:23:50
Choosing Our Religion: The Spiritual Lives of America's Nones,N/A,Religion,4,£28.42,2026-04-09 20:23:52
Charlie and the Chocolate Factory (Charlie Bucket #1),N/A,Childrens,3,£22.85,2026-04-09 20:23:53
Charity's Cross (Charles Towne Belles #4),N/A,Romance,1,£41.24,2026-04-09 20:23:54
Bright Lines,N/A,Fiction,5,£39.07,2026-04-09 20:23:56
Bridget Jones's Diary (Bridget Jones #1),N/A,Womens Fiction,1,£29.82,2026-04-09 20:23:57
Bounty (Colorado Mountain #7),N/A,Romance,4,£37.26,2026-04-09 20:23:59
Blood Defense (Samantha Brinkman #1),N/A,Mystery,3,£20.30,2026-04-09 20:24:00
"Bleach, Vol. 1: Strawberry and the Soul Reapers (Bleach #1)",N/A,Sequential Art,5,£34.65,2026-04-09 20:24:01
Beyond Good and Evil,N/A,Philosophy,1,£43.38,2026-04-09 20:24:03
Alice in Wonderland (Alice's Adventures in Wonderland #1),N/A,Classics,1,£55.53,2026-04-09 20:24:04
"Ajin: Demi-Human, Volume 1 (Ajin: Demi-Human #1)",N/A,Sequential Art,4,£57.06,2026-04-09 20:24:05
A Spy's Devotion (The Regency Spies of London #1),N/A,Historical Fiction,5,£16.97,2026-04-09 20:24:07
1st to Die (Women's Murder Club #1),N/A,Mystery,1,£53.98,2026-04-09 20:24:08
"1,000 Places to See Before You Die",N/A,Travel,5,£26.08,2026-04-09 20:24:09
A Light in the Attic,N/A,Poetry,3,£51.77,2026-04-10 14:27:36
Tipping the Velvet,N/A,Historical Fiction,1,£53.74,2026-04-10 14:27:37
Soumission,N/A,Fiction,1,£50.10,2026-04-10 14:27:39
Sharp Objects,N/A,Mystery,4,£47.82,2026-04-10 14:27:40
Sapiens: A Brief History of Humankind,N/A,History,5,£54.23,2026-04-10 14:27:42
The Requiem Red,N/A,Young Adult,1,£22.65,2026-04-10 14:27:43
The Dirty Little Secrets of Getting Your Dream Job,N/A,Business,4,£33.34,2026-04-10 14:27:45
"The Coming Woman: A Novel Based on the Life of the Infamous Feminist, Victoria Woodhull",N/A,Default,3,£17.93,2026-04-10 14:27:46
The Boys in the Boat: Nine Americans and Their Epic Quest for Gold at the 1936 Berlin Olympics,N/A,Default,4,£22.60,2026-04-10 14:27:48
The Black Maria,N/A,Poetry,1,£52.15,2026-04-10 14:27:49
"Starving Hearts (Triangular Trade Trilogy, #1)",N/A,Default,2,£13.99,2026-04-10 14:27:50
Shakespeare's Sonnets,N/A,Poetry,4,£20.66,2026-04-10 14:27:52
Set Me Free,N/A,Young Adult,5,£17.46,2026-04-10 14:27:53
Scott Pilgrim's Precious Little Life (Scott Pilgrim #1),N/A,Sequential Art,5,£52.29,2026-04-10 14:27:55
Rip it Up and Start Again,N/A,Music,5,£35.02,2026-04-10 14:27:56
"Our Band Could Be Your Life: Scenes from the American Indie Underground, 1981-1991",N/A,Music,3,£57.25,2026-04-10 14:27:57
Olio,N/A,Poetry,1,£23.88,2026-04-10 14:27:58
Mesaerion: The Best Science Fiction Stories 1800-1849,N/A,Science Fiction,1,£37.59,2026-04-10 14:27:59
Libertarianism for Beginners,N/A,Politics,2,£51.33,2026-04-10 14:28:01
It's Only the Himalayas,N/A,Travel,2,£45.17,2026-04-10 14:28:02
In Her Wake,N/A,Thriller,1,£12.84,2026-04-10 14:28:03
How Music Works,N/A,Music,2,£37.32,2026-04-10 14:28:05
"Foolproof Preserving: A Guide to Small Batch Jams, Jellies, Pickles, Condiments, and More: A Foolproof Guide to Making Small Batch Jams, Jellies, Pickles, Condiments, and More",N/A,Food and Drink,3,£30.52,2026-04-10 14:28:06
Chase Me (Paris Nights #2),N/A,Romance,5,£25.27,2026-04-10 14:28:07
Black Dust,N/A,Romance,5,£34.53,2026-04-10 14:28:08
Birdsong: A Story in Pictures,N/A,Childrens,3,£54.64,2026-04-10 14:28:10
America's Cradle of Quarterbacks: Western Pennsylvania's Football Factory from Johnny Unitas to Joe Montana,N/A,Default,3,£22.50,2026-04-10 14:28:11
Aladdin and His Wonderful Lamp,N/A,Default,3,£53.13,2026-04-10 14:28:12
Worlds Elsewhere: Journeys Around Shakespeare’s Globe,N/A,Nonfiction,5,£40.30,2026-04-10 14:28:13
Wall and Piece,N/A,Art,4,£44.18,2026-04-10 14:28:14
The Four Agreements: A Practical Guide to Personal Freedom,N/A,Spirituality,5,£17.66,2026-04-10 14:28:15
The Five Love Languages: How to Express Heartfelt Commitment to Your Mate,N/A,Nonfiction,3,£31.05,2026-04-10 14:28:17
The Elephant Tree,N/A,Thriller,5,£23.82,2026-04-10 14:28:18
The Bear and the Piano,N/A,Childrens,1,£36.89,2026-04-10 14:28:19
Sophie's World,N/A,Philosophy,5,£15.94,2026-04-10 14:28:20
Penny Maybe,N/A,Default,3,£33.29,2026-04-10 14:28:21
Maude (1883-1993):She Grew Up with the country,N/A,Default,2,£18.02,2026-04-10 14:28:22
"In a Dark, Dark Wood",N/A,Mystery,1,£19.63,2026-04-10 14:28:24
Behind Closed Doors,N/A,Thriller,4,£52.22,2026-04-10 14:28:25
You can't bury them all: Poems,N/A,Poetry,2,£33.63,2026-04-10 14:28:26
Slow States of Collapse: Poems,N/A,Poetry,3,£57.31,2026-04-10 14:28:27
Reasons to Stay Alive,N/A,Nonfiction,2,£26.41,2026-04-10 14:28:28
Private Paris (Private #10),N/A,Fiction,5,£47.61,2026-04-10 14:28:29
#HigherSelfie: Wake Up Your Life. Free Your Soul. Find Your Tribe.,N/A,Nonfiction,5,£23.11,2026-04-10 14:28:31
Without Borders (Wanderlove #1),N/A,New Adult,2,£45.07,2026-04-10 14:28:32
When We Collided,N/A,Contemporary,1,£31.77,2026-04-10 14:28:34
"We Love You, Charlie Freeman",N/A,Fiction,5,£50.27,2026-04-10 14:28:36
Untitled Collection: Sabbath Poems 2014,N/A,Poetry,4,£14.27,2026-04-10 14:28:37
"Unseen City: The Majesty of Pigeons, the Discreet Charm of Snails & Other Wonders of the Urban Wilderness",N/A,Nonfiction,4,£44.18,2026-04-10 14:28:39
Unicorn Tracks,N/A,Fantasy,3,£18.78,2026-04-10 14:28:40
"Unbound: How Eight Technologies Made Us Human, Transformed Society, and Brought Our World to the Brink",N/A,History,1,£25.52,2026-04-10 14:28:41
Tsubasa: WoRLD CHRoNiCLE 2 (Tsubasa WoRLD CHRoNiCLE #2),N/A,Sequential Art,1,£16.28,2026-04-10 14:28:42
Throwing Rocks at the Google Bus: How Growth Became the Enemy of Prosperity,N/A,Nonfiction,3,£31.12,2026-04-10 14:28:43
This One Summer,N/A,Sequential Art,4,£19.49,2026-04-10 14:28:45
Thirst,N/A,Fiction,5,£17.27,2026-04-10 14:28:46
The Torch Is Passed: A Harding Family Story,N/A,Add a comment,1,£19.09,2026-04-10 14:28:48
The Secret of Dreadwillow Carse,N/A,Childrens,1,£56.13,2026-04-10 14:28:49
"The Pioneer Woman Cooks: Dinnertime: Comfort Classics, Freezer Food, 16-Minute Meals, and Other Delicious Ways to Solve Supper!",N/A,Food and Drink,1,£56.41,2026-04-10 14:28:50
The Past Never Ends,N/A,Mystery,4,£56.50,2026-04-10 14:28:51
The Natural History of Us (The Fine Art of Pretending #2),N/A,Young Adult,3,£45.22,2026-04-10 14:29:04
The Nameless City (The Nameless City #1),N/A,Sequential Art,4,£38.16,2026-04-10 14:29:05
The Murder That Never Was (Forensic Instincts #5),N/A,Fiction,3,£54.11,2026-04-10 14:29:07
The Most Perfect Thing: Inside (and Outside) a Bird's Egg,N/A,Science,4,£42.96,2026-04-10 14:29:08
"The Mindfulness and Acceptance Workbook for Anxiety: A Guide to Breaking Free from Anxiety, Phobias, and Worry Using Acceptance and Commitment Therapy",N/A,Add a comment,4,£23.89,2026-04-10 14:29:09
The Life-Changing Magic of Tidying Up: The Japanese Art of Decluttering and Organizing,N/A,Nonfiction,3,£16.77,2026-04-10 14:29:10
"The Inefficiency Assassin: Time Management Tactics for Working Smarter, Not Longer",N/A,Default,5,£20.59,2026-04-10 14:29:12
The Gutsy Girl: Escapades for Your Life of Epic Adventure,N/A,Nonfiction,1,£37.13,2026-04-10 14:29:13
The Electric Pencil: Drawings from Inside State Hospital No. 3,N/A,Nonfiction,1,£56.06,2026-04-10 14:29:14
The Death of Humanity: and the Case for Life,N/A,Philosophy,4,£58.11,2026-04-10 14:29:15
"The Bulletproof Diet: Lose up to a Pound a Day, Reclaim Energy and Focus, Upgrade Your Life",N/A,Health,3,£49.05,2026-04-10 14:29:16
The Art Forger,N/A,Add a comment,3,£40.76,2026-04-10 14:29:17
The Age of Genius: The Seventeenth Century and the Birth of the Modern Mind,N/A,History,1,£19.73,2026-04-10 14:29:18
The Activist's Tao Te Ching: Ancient Advice for a Modern Revolution,N/A,Spirituality,5,£32.24,2026-04-10 14:29:20
Spark Joy: An Illustrated Master Class on the Art of Organizing and Tidying Up,N/A,Nonfiction,4,£41.83,2026-04-10 14:29:21
Soul Reader,N/A,Default,2,£39.58,2026-04-10 14:29:22
Security,N/A,Horror,2,£39.25,2026-04-10 14:29:23
"Saga, Volume 6 (Saga (Collected Editions) #6)",N/A,Fantasy,3,£25.02,2026-04-10 14:29:24
"Saga, Volume 5 (Saga (Collected Editions) #5)",N/A,Sequential Art,2,£51.04,2026-04-10 14:29:25
Reskilling America: Learning to Labor in the Twenty-First Century,N/A,Nonfiction,2,£19.83,2026-04-10 14:29:26
"Rat Queens, Vol. 3: Demons (Rat Queens (Collected Editions) #11-15)",N/A,Sequential Art,3,£50.40,2026-04-10 14:29:27
"Princess Jellyfish 2-in-1 Omnibus, Vol. 01 (Princess Jellyfish 2-in-1 Omnibus #1)",N/A,Sequential Art,5,£13.61,2026-04-10 14:29:29
Princess Between Worlds (Wide-Awake Princess #5),N/A,Fantasy,5,£13.34,2026-04-10 14:29:30
"Pop Gun War, Volume 1: Gift",N/A,Sequential Art,1,£18.97,2026-04-10 14:29:31
"Political Suicide: Missteps, Peccadilloes, Bad Calls, Backroom Hijinx, Sordid Pasts, Rotten Breaks, and Just Plain Dumb Mistakes in the Annals of American Politics",N/A,History,2,£36.28,2026-04-10 14:29:32
Patience,N/A,Sequential Art,3,£10.16,2026-04-10 14:29:33
"Outcast, Vol. 1: A Darkness Surrounds Him (Outcast #1)",N/A,Sequential Art,4,£15.44,2026-04-10 14:29:34
orange: The Complete Collection 1 (orange: The Complete Collection #1),N/A,Sequential Art,1,£48.41,2026-04-10 14:29:35
Online Marketing for Busy Authors: A Step-By-Step Guide,N/A,Self Help,1,£46.35,2026-04-10 14:29:36
On a Midnight Clear,N/A,Add a comment,3,£14.07,2026-04-10 14:29:37
Obsidian (Lux #1),N/A,Young Adult,2,£14.86,2026-04-10 14:29:39
My Paris Kitchen: Recipes and Stories,N/A,Food and Drink,2,£33.37,2026-04-10 14:29:40
Masks and Shadows,N/A,Fantasy,2,£56.40,2026-04-10 14:29:56
"Mama Tried: Traditional Italian Cooking for the Screwed, Crude, Vegan, and Tattooed",N/A,Food and Drink,4,£14.02,2026-04-10 14:29:57
"Lumberjanes, Vol. 2: Friendship to the Max (Lumberjanes #5-8)",N/A,Sequential Art,2,£46.91,2026-04-10 14:29:59
"Lumberjanes, Vol. 1: Beware the Kitten Holy (Lumberjanes #1-4)",N/A,Sequential Art,3,£45.61,2026-04-10 14:30:00
Lumberjanes Vol. 3: A Terrible Plan (Lumberjanes #9-12),N/A,Sequential Art,2,£19.92,2026-04-10 14:30:01
"Layered: Baking, Building, and Styling Spectacular Cakes",N/A,Food and Drink,1,£40.11,2026-04-10 14:30:02
Judo: Seven Steps to Black Belt (an Introductory Guide for Beginners),N/A,Add a comment,2,£53.90,2026-04-10 14:30:03
Join,N/A,Science Fiction,5,£35.67,2026-04-10 14:30:04
In the Country We Love: My Family Divided,N/A,Nonfiction,4,£22.00,2026-04-10 14:30:05
Immunity: How Elie Metchnikoff Changed the Course of Modern Medicine,N/A,Science,5,£57.36,2026-04-10 14:30:07
"I Hate Fairyland, Vol. 1: Madly Ever After (I Hate Fairyland (Compilations) #1-5)",N/A,Sequential Art,2,£29.17,2026-04-10 14:30:08
I am a Hero Omnibus Volume 1,N/A,Sequential Art,3,£54.63,2026-04-10 14:30:09
How to Be Miserable: 40 Strategies You Already Use,N/A,Self Help,1,£46.03,2026-04-10 14:30:11
Her Backup Boyfriend (The Sorensen Family #1),N/A,Romance,1,£33.97,2026-04-10 14:30:12
"Giant Days, Vol. 2 (Giant Days #5-8)",N/A,Sequential Art,2,£22.11,2026-04-10 14:30:13
Forever and Forever: The Courtship of Henry Longfellow and Fanny Appleton,N/A,Historical Fiction,3,£29.69,2026-04-10 14:30:14
First and First (Five Boroughs #3),N/A,Romance,4,£15.97,2026-04-10 14:30:16
Fifty Shades Darker (Fifty Shades #2),N/A,Romance,1,£21.96,2026-04-10 14:30:17
Everydata: The Misinformation Hidden in the Little Data You Consume Every Day,N/A,Nonfiction,2,£54.35,2026-04-10 14:30:18
"Don't Be a Jerk: And Other Practical Advice from Dogen, Japan's Greatest Zen Master",N/A,Religion,2,£37.97,2026-04-10 14:30:19
Danganronpa Volume 1,N/A,Sequential Art,4,£51.99,2026-04-10 14:30:21
Crown of Midnight (Throne of Glass #2),N/A,Fantasy,3,£43.29,2026-04-10 14:30:22
"Codename Baboushka, Volume 1: The Conclave of Death",N/A,Sequential Art,4,£36.72,2026-04-10 14:30:23
Camp Midnight,N/A,Sequential Art,4,£17.08,2026-04-10 14:30:24
Call the Nurse: True Stories of a Country Nurse on a Scottish Isle,N/A,Nonfiction,5,£29.14,2026-04-10 14:30:25
Burning,N/A,Young Adult,3,£28.81,2026-04-10 14:30:27
Bossypants,N/A,Default,2,£49.46,2026-04-10 14:30:28
"Bitch Planet, Vol. 1: Extraordinary Machine (Bitch Planet (Collected Editions))",N/A,Sequential Art,2,£37.92,2026-04-10 14:30:29
"Avatar: The Last Airbender: Smoke and Shadow, Part 3 (Smoke and Shadow #3)",N/A,Fantasy,2,£28.09,2026-04-10 14:30:31
Algorithms to Live By: The Computer Science of Human Decisions,N/A,Nonfiction,1,£30.81,2026-04-10 14:30:32
A World of Flavor: Your Gluten Free Passport,N/A,Default,1,£42.95,2026-04-10 14:30:34
"A Piece of Sky, a Grain of Rice: A Memoir in Four Meditations",N/A,Default,5,£56.76,2026-04-10 14:30:35
A Murder in Time,N/A,Mystery,1,£16.64,2026-04-10 14:30:36
A Flight of Arrows (The Pathfinders #2),N/A,Historical Fiction,5,£55.53,2026-04-10 14:30:37
A Fierce and Subtle Poison,N/A,Young Adult,4,£28.13,2026-04-10 14:30:38
A Court of Thorns and Roses (A Court of Thorns and Roses #1),N/A,Fantasy,1,£52.37,2026-04-10 14:30:39
(Un)Qualified: How God Uses Broken People to Do Big Things,N/A,Christian,5,£54.00,2026-04-10 14:30:41
You Are What You Love: The Spiritual Power of Habit,N/A,Religion,4,£21.87,2026-04-10 14:30:42
"William Shakespeare's Star Wars: Verily, A New Hope (William Shakespeare's Star Wars #4)",N/A,Science Fiction,4,£43.30,2026-04-10 14:30:44
Tuesday Nights in 1980,N/A,Fiction,2,£21.04,2026-04-10 14:30:45
Tracing Numbers on a Train,N/A,Default,3,£41.60,2026-04-10 14:30:46
Throne of Glass (Throne of Glass #1),N/A,Fantasy,3,£35.07,2026-04-10 14:30:47
Thomas Jefferson and the Tripoli Pirates: The Forgotten War That Changed American History,N/A,History,1,£59.64,2026-04-10 14:30:48
Thirteen Reasons Why,N/A,Default,1,£52.72,2026-04-10 14:30:49
The White Cat and the Monk: A Retelling of the Poem “Pangur Bán”,N/A,Childrens,4,£58.08,2026-04-10 14:30:51
The Wedding Dress,N/A,Romance,1,£24.12,2026-04-10 14:30:53
The Vacationers,N/A,Fiction,4,£42.15,2026-04-10 14:30:54
The Third Wave: An Entrepreneur’s Vision of the Future,N/A,Business,5,£12.61,2026-04-10 14:30:55
The Stranger,N/A,Philosophy,4,£17.44,2026-04-10 14:30:56
The Shadow Hero (The Shadow Hero),N/A,Sequential Art,1,£33.14,2026-04-10 14:30:57
The Secret (The Secret #1),N/A,Default,4,£27.37,2026-04-10 14:30:59
The Regional Office Is Under Attack!,N/A,Fiction,5,£51.36,2026-04-10 14:31:01
The Psychopath Test: A Journey Through the Madness Industry,N/A,Default,2,£36.00,2026-04-10 14:31:02
The Project,N/A,Science Fiction,1,£10.65,2026-04-10 14:31:03
The Power of Now: A Guide to Spiritual Enlightenment,N/A,Nonfiction,2,£43.54,2026-04-10 14:31:04
The Omnivore's Dilemma: A Natural History of Four Meals,N/A,Nonfiction,2,£38.21,2026-04-10 14:31:05
The Nerdy Nummies Cookbook: Sweet Treats for the Geek in All of Us,N/A,Food and Drink,5,£37.34,2026-04-10 14:31:06
The Murder of Roger Ackroyd (Hercule Poirot #4),N/A,Mystery,4,£44.10,2026-04-10 14:31:07
The Mistake (Off-Campus #2),N/A,New Adult,3,£43.29,2026-04-10 14:31:09
The Matchmaker's Playbook (Wingmen Inc. #1),N/A,New Adult,1,£55.85,2026-04-10 14:31:10
The Love and Lemons Cookbook: An Apple-to-Zucchini Celebration of Impromptu Cooking,N/A,Food and Drink,2,£37.60,2026-04-10 14:31:11
The Long Shadow of Small Ghosts: Murder and Memory in an American City,N/A,Crime,1,£10.97,2026-04-10 14:31:12
The Kite Runner,N/A,Default,4,£41.82,2026-04-10 14:31:14
The House by the Lake,N/A,Historical Fiction,1,£36.95,2026-04-10 14:31:15
The Glittering Court (The Glittering Court #1),N/A,Fantasy,1,£44.28,2026-04-10 14:31:16
The Girl on the Train,N/A,Default,2,£55.02,2026-04-10 14:31:17
The Genius of Birds,N/A,Nonfiction,1,£17.24,2026-04-10 14:31:19
The Emerald Mystery,N/A,Default,2,£23.15,2026-04-10 14:31:20
The Cookies & Cups Cookbook: 125+ sweet & savory recipes reminding you to Always Eat Dessert First,N/A,Food and Drink,1,£41.25,2026-04-10 14:31:21
The Bridge to Consciousness: I'm Writing the Bridge Between Science and Our Old and New Beliefs.,N/A,Default,3,£32.00,2026-04-10 14:31:23
The Artist's Way: A Spiritual Path to Higher Creativity,N/A,Nonfiction,5,£38.49,2026-04-10 14:31:24
The Art of War,N/A,Default,5,£33.34,2026-04-10 14:31:25
The Argonauts,N/A,Autobiography,2,£10.93,2026-04-10 14:31:26
The 10% Entrepreneur: Live Your Startup Dream Without Quitting Your Day Job,N/A,Business,3,£27.55,2026-04-10 14:31:27
Suddenly in Love (Lake Haven #1),N/A,Romance,2,£55.99,2026-04-10 14:31:29
Something More Than This,N/A,Romance,4,£16.24,2026-04-10 14:31:31
Soft Apocalypse,N/A,Science Fiction,2,£26.12,2026-04-10 14:31:32
So You've Been Publicly Shamed,N/A,Nonfiction,2,£12.23,2026-04-10 14:31:34
Shoe Dog: A Memoir by the Creator of NIKE,N/A,Business,2,£23.99,2026-04-10 14:31:35
"Shobu Samurai, Project Aryoku (#3)",N/A,Add a comment,3,£29.06,2026-04-10 14:31:36
Secrets and Lace (Fatal Hearts #1),N/A,Default,1,£20.27,2026-04-10 14:31:37
Scarlett Epstein Hates It Here,N/A,Young Adult,5,£43.55,2026-04-10 14:31:39
Romero and Juliet: A Tragic Tale of Love and Zombies,N/A,Default,1,£36.94,2026-04-10 14:31:40
Redeeming Love,N/A,Christian Fiction,5,£20.47,2026-04-10 14:31:41
Poses for Artists Volume 1 - Dynamic and Sitting Poses: An Essential Reference for Figure Drawing and the Human Form,N/A,Default,1,£41.06,2026-04-10 14:31:42
Poems That Make Grown Women Cry,N/A,Poetry,4,£14.19,2026-04-10 14:31:43
"Nightingale, Sing",N/A,Young Adult,1,£38.28,2026-04-10 14:31:45
Night Sky with Exit Wounds,N/A,Poetry,1,£41.05,2026-04-10 14:31:46
Mrs. Houdini,N/A,Historical Fiction,5,£30.25,2026-04-10 14:31:47
Modern Romance,N/A,Add a comment,5,£28.26,2026-04-10 14:31:48
Miss Peregrine’s Home for Peculiar Children (Miss Peregrine’s Peculiar Children #1),N/A,Default,1,£10.76,2026-04-10 14:31:49
Louisa: The Extraordinary Life of Mrs. Adams,N/A,Biography,2,£16.85,2026-04-10 14:31:50
Little Red,N/A,Childrens,3,£13.47,2026-04-10 14:31:54
Library of Souls (Miss Peregrine’s Peculiar Children #3),N/A,Young Adult,5,£48.56,2026-04-10 14:31:55
Large Print Heart of the Pride,N/A,Default,2,£19.15,2026-04-10 14:31:56
I Had a Nice Time And Other Lies...: How to find love & sh*t like that,N/A,Womens Fiction,4,£57.36,2026-04-10 14:31:57
Hollow City (Miss Peregrine’s Peculiar Children #2),N/A,Fantasy,1,£42.98,2026-04-10 14:31:59
Grumbles,N/A,Default,2,£22.16,2026-04-10 14:32:00
Full Moon over Noah’s Ark: An Odyssey to Mount Ararat and Beyond,N/A,Travel,4,£49.43,2026-04-10 14:32:01
Frostbite (Vampire Academy #2),N/A,Young Adult,5,£29.99,2026-04-10 14:32:02
Follow You Home,N/A,Horror,1,£21.36,2026-04-10 14:32:04
First Steps for New Christians (Print Edition),N/A,Default,1,£29.00,2026-04-10 14:32:05
Finders Keepers (Bill Hodges Trilogy #2),N/A,Fiction,5,£53.53,2026-04-10 14:32:06
"Fables, Vol. 1: Legends in Exile (Fables #1)",N/A,Sequential Art,4,£41.62,2026-04-10 14:32:08
Eureka Trivia 6.0,N/A,Default,4,£54.59,2026-04-10 14:32:09
Drive: The Surprising Truth About What Motivates Us,N/A,Default,4,£34.95,2026-04-10 14:32:11
Done Rubbed Out (Reightman & Bailey #1),N/A,Default,5,£37.72,2026-04-10 14:32:12
Doing It Over (Most Likely To #1),N/A,Romance,3,£35.61,2026-04-10 14:32:13
"Deliciously Ella Every Day: Quick and Easy Recipes for Gluten-Free Snacks, Packed Lunches, and Simple Meals",N/A,Food and Drink,3,£42.16,2026-04-10 14:32:15
Dark Notes,N/A,Erotica,5,£19.19,2026-04-10 14:32:16
"Daring Greatly: How the Courage to Be Vulnerable Transforms the Way We Live, Love, Parent, and Lead",N/A,Nonfiction,3,£19.43,2026-04-10 14:32:17
Close to You,N/A,Christian Fiction,4,£49.46,2026-04-10 14:32:18
Chasing Heaven: What Dying Taught Me About Living,N/A,Spirituality,2,£37.80,2026-04-10 14:32:19
Big Magic: Creative Living Beyond Fear,N/A,Nonfiction,3,£30.80,2026-04-10 14:32:21
Becoming Wise: An Inquiry into the Mystery and Art of Living,N/A,Nonfiction,2,£27.43,2026-04-10 14:32:22
Beauty Restored (Riley Family Legacy Novellas #3),N/A,Default,2,£11.11,2026-04-10 14:32:23
Batman: The Long Halloween (Batman),N/A,Sequential Art,2,£36.50,2026-04-10 14:32:24
Batman: The Dark Knight Returns (Batman),N/A,Sequential Art,5,£15.38,2026-04-10 14:32:26
Ayumi's Violin,N/A,Default,2,£15.48,2026-04-10 14:32:27
Anonymous,N/A,Default,4,£46.82,2026-04-10 14:32:28
Amy Meets the Saints and Sages,N/A,Default,3,£18.46,2026-04-10 14:32:29
Amid the Chaos,N/A,Cultural,1,£36.58,2026-04-10 14:32:31
Amatus,N/A,Default,5,£50.54,2026-04-10 14:32:32
Agnostic: A Spirited Manifesto,N/A,Nonfiction,5,£12.51,2026-04-10 14:32:33
Zealot: The Life and Times of Jesus of Nazareth,N/A,History,3,£24.70,2026-04-10 14:32:34
You (You #1),N/A,Thriller,5,£43.61,2026-04-10 14:32:35
"Wonder Woman: Earth One, Volume One (Wonder Woman: Earth One #1)",N/A,Sequential Art,4,£37.34,2026-04-10 14:32:37
Wild Swans,N/A,Young Adult,2,£14.36,2026-04-10 14:32:38
Why the Right Went Wrong: Conservatism--From Goldwater to the Tea Party and Beyond,N/A,Politics,4,£52.65,2026-04-10 14:32:39
Whole Lotta Creativity Going On: 60 Fun and Unusual Exercises to Awaken and Strengthen Your Creativity,N/A,Nonfiction,4,£38.20,2026-04-10 14:32:40
What's It Like in Space?: Stories from Astronauts Who've Been There,N/A,Nonfiction,2,£19.60,2026-04-10 14:32:42
"We Are Robin, Vol. 1: The Vigilante Business (We Are Robin #1)",N/A,Sequential Art,1,£53.90,2026-04-10 14:32:43
Walt Disney's Alice in Wonderland,N/A,Childrens,5,£12.96,2026-04-10 14:32:44
V for Vendetta (V for Vendetta Complete),N/A,Default,4,£37.10,2026-04-10 14:32:45
Until Friday Night (The Field Party #1),N/A,Young Adult,2,£46.31,2026-04-10 14:32:46
"Unbroken: A World War II Story of Survival, Resilience, and Redemption",N/A,Default,2,£45.95,2026-04-10 14:32:47
Twenty Yawns,N/A,Childrens,2,£22.08,2026-04-10 14:32:49
Through the Woods,N/A,Sequential Art,2,£25.38,2026-04-10 14:32:50
This Is Where It Ends,N/A,Young Adult,2,£27.12,2026-04-10 14:32:51
The Year of Magical Thinking,N/A,Nonfiction,2,£43.04,2026-04-10 14:32:53
The Wright Brothers,N/A,Default,4,£56.80,2026-04-10 14:32:54
The White Queen (The Cousins' War #1),N/A,Add a comment,5,£25.91,2026-04-10 14:32:55
The Wedding Pact (The O'Malleys #2),N/A,Romance,3,£32.61,2026-04-10 14:32:58
The Time Keeper,N/A,Fiction,5,£27.88,2026-04-10 14:32:59
The Testament of Mary,N/A,Fiction,4,£52.67,2026-04-10 14:33:00
The Star-Touched Queen,N/A,Fantasy,5,£46.02,2026-04-10 14:33:01
The Songs of the Gods,N/A,Default,5,£44.48,2026-04-10 14:33:02
The Song of Achilles,N/A,Add a comment,5,£37.40,2026-04-10 14:33:04
The Rosie Project (Don Tillman #1),N/A,Default,1,£54.04,2026-04-10 14:33:05
The Power of Habit: Why We Do What We Do in Life and Business,N/A,Default,3,£16.88,2026-04-10 14:33:06
The Marriage of Opposites,N/A,Historical Fiction,4,£28.08,2026-04-10 14:33:08
The Lucifer Effect: Understanding How Good People Turn Evil,N/A,Psychology,1,£10.40,2026-04-10 14:33:09
The Long Haul (Diary of a Wimpy Kid #9),N/A,Humor,1,£44.07,2026-04-10 14:33:10
The Loney,N/A,Horror,1,£23.40,2026-04-10 14:33:11
The Literature Book (Big Ideas Simply Explained),N/A,Nonfiction,3,£17.43,2026-04-10 14:33:13
The Last Mile (Amos Decker #2),N/A,Mystery,2,£54.21,2026-04-10 14:33:14
The Immortal Life of Henrietta Lacks,N/A,Add a comment,2,£40.67,2026-04-10 14:33:15
The Hidden Oracle (The Trials of Apollo #1),N/A,Fantasy,2,£52.26,2026-04-10 14:33:16
The Help Yourself Cookbook for Kids: 60 Easy Plant-Based Recipes Kids Can Make to Stay Healthy and Save the Earth,N/A,Food and Drink,3,£28.77,2026-04-10 14:33:17
The Guilty (Will Robie #4),N/A,Thriller,2,£13.82,2026-04-10 14:33:18
The First Hostage (J.B. Collins #2),N/A,Fiction,3,£25.85,2026-04-10 14:33:19
The Dovekeepers,N/A,Add a comment,1,£48.78,2026-04-10 14:33:20
The Darkest Lie,N/A,Young Adult,5,£35.35,2026-04-10 14:33:21
The Bane Chronicles (The Bane Chronicles #1-11),N/A,Fantasy,4,£44.73,2026-04-10 14:33:24
The Bad-Ass Librarians of Timbuktu: And Their Race to Save the World’s Most Precious Manuscripts,N/A,Nonfiction,1,£15.77,2026-04-10 14:33:25
The 14th Colony (Cotton Malone #11),N/A,Thriller,1,£39.24,2026-04-10 14:33:27
That Darkness (Gardiner and Renner #1),N/A,Mystery,1,£13.92,2026-04-10 14:33:28
Tastes Like Fear (DI Marnie Rome #3),N/A,Mystery,1,£10.69,2026-04-10 14:33:30
Take Me with You,N/A,Fiction,3,£45.21,2026-04-10 14:33:31
Swell: A Year of Waves,N/A,Nonfiction,1,£45.58,2026-04-10 14:33:33
Superman Vol. 1: Before Truth (Superman by Gene Luen Yang #1),N/A,Sequential Art,5,£11.89,2026-04-10 14:33:34
Still Life with Bread Crumbs,N/A,Fiction,3,£26.41,2026-04-10 14:33:35
Steve Jobs,N/A,Default,5,£39.50,2026-04-10 14:33:36
Sorting the Beef from the Bull: The Science of Food Fraud Forensics,N/A,Science,4,£44.74,2026-04-10 14:33:37
Someone Like You (The Harrisons #2),N/A,Contemporary,5,£52.79,2026-04-10 14:33:39
"So Cute It Hurts!!, Vol. 6 (So Cute It Hurts!! #6)",N/A,Sequential Art,4,£35.43,2026-04-10 14:33:40
Shtum,N/A,Fiction,4,£55.84,2026-04-10 14:33:41
See America: A Celebration of Our National Parks & Treasured Sites,N/A,Travel,3,£48.87,2026-04-10 14:33:45
salt.,N/A,Poetry,4,£46.78,2026-04-10 14:33:46
Robin War,N/A,Sequential Art,3,£47.82,2026-04-10 14:33:47
"Red Hood/Arsenal, Vol. 1: Open for Business (Red Hood/Arsenal #1)",N/A,Sequential Art,2,£25.48,2026-04-10 14:33:48
Rain Fish,N/A,Childrens,3,£23.57,2026-04-10 14:33:49
"Quarter Life Poetry: Poems for the Young, Broke and Hangry",N/A,Poetry,5,£50.89,2026-04-10 14:33:50
Pet Sematary,N/A,Horror,3,£10.56,2026-04-10 14:33:52
"Overload: How to Unplug, Unwind, and Unleash Yourself from the Pressure of Stress",N/A,Self Help,3,£52.15,2026-04-10 14:33:53
Once Was a Time,N/A,Childrens,2,£18.28,2026-04-10 14:33:54
Old School (Diary of a Wimpy Kid #10),N/A,Humor,5,£11.83,2026-04-10 14:33:55
No Dream Is Too High: Life Lessons From a Man Who Walked on the Moon,N/A,Nonfiction,2,£21.95,2026-04-10 14:33:56
"Naruto (3-in-1 Edition), Vol. 14: Includes Vols. 40, 41 & 42 (Naruto: Omnibus #14)",N/A,Sequential Art,2,£38.39,2026-04-10 14:33:58
My Name Is Lucy Barton,N/A,Fiction,1,£41.56,2026-04-10 14:33:59
My Mrs. Brown,N/A,Fiction,3,£24.48,2026-04-10 14:34:00
My Kind of Crazy,N/A,Young Adult,1,£40.36,2026-04-10 14:34:01
Mr. Mercedes (Bill Hodges Trilogy #1),N/A,Fiction,1,£28.90,2026-04-10 14:34:02
More Than Music (Chasing the Dream #1),N/A,Add a comment,2,£37.61,2026-04-10 14:34:05
Made to Stick: Why Some Ideas Survive and Others Die,N/A,Business,5,£38.85,2026-04-10 14:34:06
Luis Paints the World,N/A,Childrens,3,£53.95,2026-04-10 14:34:07
Luckiest Girl Alive,N/A,Default,3,£49.83,2026-04-10 14:34:08
Lowriders to the Center of the Earth (Lowriders in Space #2),N/A,Sequential Art,2,£51.51,2026-04-10 14:34:10
Love Is a Mix Tape (Music #1),N/A,Music,1,£18.03,2026-04-10 14:34:11
Looking for Lovely: Collecting the Moments that Matter,N/A,Nonfiction,5,£29.14,2026-04-10 14:34:12
"Living Leadership by Insight: A Good Leader Achieves, a Great Leader Builds Monuments",N/A,Default,4,£46.91,2026-04-10 14:34:13
Let It Out: A Journey Through Journaling,N/A,Nonfiction,5,£26.79,2026-04-10 14:34:15
Lady Midnight (The Dark Artifices #1),N/A,Default,5,£16.28,2026-04-10 14:34:16
"It's All Easy: Healthy, Delicious Weeknight Meals in under 30 Minutes",N/A,Food and Drink,1,£19.55,2026-04-10 14:34:18
Island of Dragons (Unwanteds #7),N/A,Fantasy,1,£29.65,2026-04-10 14:34:20
I Know What I'm Doing -- and Other Lies I Tell Myself: Dispatches from a Life Under Construction,N/A,Humor,4,£25.98,2026-04-10 14:34:22
I Am Pilgrim (Pilgrim #1),N/A,Fiction,4,£10.60,2026-04-10 14:34:23
"Hyperbole and a Half: Unfortunate Situations, Flawed Coping Mechanisms, Mayhem, and Other Things That Happened",N/A,Humor,5,£14.75,2026-04-10 14:34:24
"Hush, Hush (Hush, Hush #1)",N/A,Default,3,£47.02,2026-04-10 14:34:25
Hold Your Breath (Search and Rescue #1),N/A,Romance,1,£28.82,2026-04-10 14:34:27
Hamilton: The Revolution,N/A,Nonfiction,3,£58.79,2026-04-10 14:34:28
Greek Mythic History,N/A,Default,5,£10.23,2026-04-10 14:34:29
God: The Most Unpleasant Character in All Fiction,N/A,Religion,5,£30.03,2026-04-10 14:34:30
Glory over Everything: Beyond The Kitchen House,N/A,Historical Fiction,3,£45.84,2026-04-10 14:34:32
Feathers: Displays of Brilliant Plumage,N/A,Art,3,£49.05,2026-04-10 14:34:33
"Far & Away: Places on the Brink of Change: Seven Continents, Twenty-Five Years",N/A,Nonfiction,4,£15.06,2026-04-10 14:34:34
Every Last Word,N/A,Default,3,£46.47,2026-04-10 14:34:35
Eligible (The Austen Project #4),N/A,Fiction,3,£27.09,2026-04-10 14:34:37
El Deafo,N/A,Sequential Art,5,£57.62,2026-04-10 14:34:38
Eight Hundred Grapes,N/A,Fiction,4,£14.39,2026-04-10 14:34:39
"Eaternity: More than 150 Deliciously Easy Vegan Recipes for a Long, Healthy, Satisfied, Joyful Life",N/A,Nonfiction,5,£51.75,2026-04-10 14:34:40
"Eat Fat, Get Thin",N/A,Health,2,£54.07,2026-04-10 14:34:41
Don't Get Caught,N/A,Young Adult,1,£55.35,2026-04-10 14:34:43
Doctor Sleep (The Shining #2),N/A,Horror,2,£40.12,2026-04-10 14:34:44
Demigods & Magicians: Percy and Annabeth Meet the Kanes (Percy Jackson & Kane Chronicles Crossover #1-3),N/A,Fantasy,5,£37.51,2026-04-10 14:34:45
Dear Mr. Knightley,N/A,Fiction,5,£11.21,2026-04-10 14:34:47
Daily Fantasy Sports,N/A,Default,1,£36.58,2026-04-10 14:34:48
Crazy Love: Overwhelmed by a Relentless God,N/A,Christian,2,£47.72,2026-04-10 14:34:49
Cometh the Hour (The Clifton Chronicles #6),N/A,Fiction,3,£25.01,2026-04-10 14:34:51
Code Name Verity (Code Name Verity #1),N/A,Add a comment,4,£22.13,2026-04-10 14:34:52
Clockwork Angel (The Infernal Devices #1),N/A,Default,1,£44.14,2026-04-10 14:34:53
City of Glass (The Mortal Instruments #3),N/A,Fantasy,4,£56.02,2026-04-10 14:34:54
City of Fallen Angels (The Mortal Instruments #4),N/A,Default,4,£11.23,2026-04-10 14:34:55
City of Bones (The Mortal Instruments #1),N/A,Default,1,£43.28,2026-04-10 14:34:57
City of Ashes (The Mortal Instruments #2),N/A,Default,1,£47.27,2026-04-10 14:34:58
Cell,N/A,Add a comment,4,£20.29,2026-04-10 14:34:59
Catching Jordan (Hundred Oaks),N/A,Young Adult,3,£50.83,2026-04-10 14:35:00
"Carry On, Warrior: Thoughts on Life Unarmed",N/A,Default,3,£31.85,2026-04-10 14:35:01
Carrie,N/A,Default,2,£46.23,2026-04-10 14:35:03
Buying In: The Secret Dialogue Between What We Buy and Who We Are,N/A,Nonfiction,4,£37.80,2026-04-10 14:35:04
Brain on Fire: My Month of Madness,N/A,Nonfiction,5,£49.32,2026-04-10 14:35:05
Batman: Europa,N/A,Sequential Art,2,£32.01,2026-04-10 14:35:06
Barefoot Contessa Back to Basics,N/A,Food and Drink,1,£28.01,2026-04-10 14:35:08
Barefoot Contessa at Home: Everyday Recipes You'll Make Over and Over Again,N/A,Food and Drink,5,£50.62,2026-04-10 14:35:09
Balloon Animals,N/A,Fiction,3,£17.03,2026-04-10 14:35:10
Art Ops Vol. 1,N/A,Sequential Art,3,£48.80,2026-04-10 14:35:11
Aristotle and Dante Discover the Secrets of the Universe (Aristotle and Dante Discover the Secrets of the Universe #1),N/A,Young Adult,4,£58.14,2026-04-10 14:35:13
Angels Walking (Angels Walking #1),N/A,Add a comment,2,£34.20,2026-04-10 14:35:14
Angels & Demons (Robert Langdon #1),N/A,Default,3,£51.48,2026-04-10 14:35:15
All the Light We Cannot See,N/A,Historical,5,£29.87,2026-04-10 14:35:17
"Adulthood Is a Myth: A ""Sarah's Scribbles"" Collection",N/A,Sequential Art,2,£10.90,2026-04-10 14:35:18
Abstract City,N/A,Nonfiction,5,£56.37,2026-04-10 14:35:19
A Time of Torment (Charlie Parker #14),N/A,Mystery,5,£48.35,2026-04-10 14:35:20
A Study in Scarlet (Sherlock Holmes #1),N/A,Mystery,2,£16.73,2026-04-10 14:35:22
"A Series of Catastrophes and Miracles: A True Story of Love, Science, and Cancer",N/A,Add a comment,2,£56.48,2026-04-10 14:35:23
A People's History of the United States,N/A,Add a comment,2,£40.79,2026-04-10 14:35:24
A Man Called Ove,N/A,Fiction,1,£39.72,2026-04-10 14:35:25
A Distant Mirror: The Calamitous 14th Century,N/A,History,3,£14.58,2026-04-10 14:35:26
A Brush of Wings (Angels Walking #3),N/A,Add a comment,1,£55.51,2026-04-10 14:35:28
1491: New Revelations of the Americas Before Columbus,N/A,History,3,£21.80,2026-04-10 14:35:29
"The Three Searches, Meaning, and the Story",N/A,Default,3,£13.33,2026-04-10 14:35:30
Searching for Meaning in Gailana,N/A,Fantasy,1,£38.73,2026-04-10 14:35:31
Rook,N/A,Add a comment,4,£37.86,2026-04-10 14:35:32
My Kitchen Year: 136 Recipes That Saved My Life,N/A,Food and Drink,2,£11.53,2026-04-10 14:35:33
13 Hours: The Inside Account of What Really Happened In Benghazi,N/A,Nonfiction,1,£27.06,2026-04-10 14:35:35
Will You Won't You Want Me?,N/A,Womens Fiction,3,£13.86,2026-04-10 14:35:36
Tipping Point for Planet Earth: How Close Are We to the Edge?,N/A,Science,1,£37.55,2026-04-10 14:35:38
The Star-Touched Queen,N/A,Fantasy,5,£32.30,2026-04-10 14:35:39
The Silent Sister (Riley MacPherson #1),N/A,Fiction,5,£46.29,2026-04-10 14:35:40
The Midnight Watch: A Novel of the Titanic and the Californian,N/A,Add a comment,1,£26.20,2026-04-10 14:35:41
The Lonely City: Adventures in the Art of Being Alone,N/A,Nonfiction,2,£33.26,2026-04-10 14:35:42
The Gray Rhino: How to Recognize and Act on the Obvious Dangers We Ignore,N/A,Add a comment,4,£59.15,2026-04-10 14:35:44
The Golden Condom: And Other Essays on Love Lost and Found,N/A,Psychology,1,£39.43,2026-04-10 14:35:45
The Epidemic (The Program 0.6),N/A,Young Adult,5,£14.44,2026-04-10 14:35:46
The Dinner Party,N/A,Fiction,2,£56.54,2026-04-10 14:35:48
The Diary of a Young Girl,N/A,Nonfiction,3,£59.90,2026-04-10 14:35:49
The Children,N/A,Add a comment,3,£11.88,2026-04-10 14:35:50
Stars Above (The Lunar Chronicles #4.5),N/A,Young Adult,2,£48.05,2026-04-10 14:35:51
Snatched: How A Drug Queen Went Undercover for the DEA and Was Kidnapped By Colombian Guerillas,N/A,Nonfiction,3,£21.21,2026-04-10 14:35:52
Raspberry Pi Electronics Projects for the Evil Genius,N/A,Default,4,£49.67,2026-04-10 14:35:54
Quench Your Own Thirst: Business Lessons Learned Over a Beer or Two,N/A,Business,1,£43.14,2026-04-10 14:35:55
Psycho: Sanitarium (Psycho #1.5),N/A,Horror,5,£36.97,2026-04-10 14:35:56
Poisonous (Max Revere Novels #3),N/A,Mystery,3,£26.80,2026-04-10 14:35:57
One with You (Crossfire #5),N/A,Add a comment,4,£15.71,2026-04-10 14:35:58
No Love Allowed (Dodge Cove #1),N/A,Young Adult,4,£54.65,2026-04-10 14:36:00
Murder at the 42nd Street Library (Raymond Ambler #1),N/A,Mystery,4,£54.36,2026-04-10 14:36:01
Most Wanted,N/A,Mystery,3,£35.28,2026-04-10 14:36:02
"Love, Lies and Spies",N/A,Historical Fiction,2,£20.55,2026-04-10 14:36:03
How to Speak Golf: An Illustrated Guide to Links Lingo,N/A,Default,5,£58.32,2026-04-10 14:36:04
Hide Away (Eve Duncan #20),N/A,Mystery,1,£11.84,2026-04-10 14:36:06
Furiously Happy: A Funny Book About Horrible Things,N/A,Nonfiction,4,£41.46,2026-04-10 14:36:07
Everyday Italian: 125 Simple and Delicious Recipes,N/A,Food and Drink,5,£20.10,2026-04-10 14:36:08
Equal Is Unfair: America's Misguided Fight Against Income Inequality,N/A,Politics,1,£56.86,2026-04-10 14:36:09
Eleanor & Park,N/A,Default,5,£56.51,2026-04-10 14:36:11
Dirty (Dive Bar #1),N/A,Romance,4,£40.83,2026-04-10 14:36:12
Can You Keep a Secret? (Fear Street Relaunch #4),N/A,Horror,1,£48.64,2026-04-10 14:36:13
Boar Island (Anna Pigeon #19),N/A,Mystery,3,£59.48,2026-04-10 14:36:14
A Paris Apartment,N/A,Historical Fiction,4,£39.01,2026-04-10 14:36:15
"A la Mode: 120 Recipes in 60 Pairings: Pies, Tarts, Cakes, Crisps, and More Topped with Ice Cream, Gelato, Frozen Custard, and More",N/A,Food and Drink,1,£38.77,2026-04-10 14:36:16
Troublemaker: Surviving Hollywood and Scientology,N/A,Default,2,£48.39,2026-04-10 14:36:18
The Widow,N/A,Mystery,2,£27.26,2026-04-10 14:36:19
"The Sleep Revolution: Transforming Your Life, One Night at a Time",N/A,Nonfiction,4,£11.68,2026-04-10 14:36:20
The Improbability of Love,N/A,Fiction,1,£59.45,2026-04-10 14:36:21
The Art of Startup Fundraising,N/A,Business,3,£21.00,2026-04-10 14:36:22
Take Me Home Tonight (Rock Star Romance #3),N/A,Romance,3,£53.98,2026-04-10 14:36:24
Sleeping Giants (Themis Files #1),N/A,Science Fiction,1,£48.74,2026-04-10 14:36:25
"Setting the World on Fire: The Brief, Astonishing Life of St. Catherine of Siena",N/A,Biography,2,£21.15,2026-04-10 14:36:27
Playing with Fire,N/A,Mystery,3,£13.71,2026-04-10 14:36:28
Off the Hook (Fishing for Trouble #1),N/A,Romance,3,£47.67,2026-04-10 14:36:29
Mothering Sunday,N/A,Fiction,2,£13.34,2026-04-10 14:36:31
"Mother, Can You Not?",N/A,Nonfiction,5,£16.89,2026-04-10 14:36:33
M Train,N/A,Autobiography,1,£27.18,2026-04-10 14:36:34
Lilac Girls,N/A,Historical Fiction,2,£17.28,2026-04-10 14:36:35
Lies and Other Acts of Love,N/A,Fiction,1,£45.14,2026-04-10 14:36:36
Lab Girl,N/A,Autobiography,1,£40.85,2026-04-10 14:36:38
Keep Me Posted,N/A,Womens Fiction,4,£20.46,2026-04-10 14:36:39
It Didn't Start with You: How Inherited Family Trauma Shapes Who We Are and How to End the Cycle,N/A,Psychology,3,£56.27,2026-04-10 14:36:40
Grey (Fifty Shades #4),N/A,Womens Fiction,4,£48.49,2026-04-10 14:36:41
"Exit, Pursued by a Bear",N/A,Young Adult,4,£51.34,2026-04-10 14:36:42
Daredevils,N/A,Fiction,3,£16.34,2026-04-10 14:36:44
Cravings: Recipes for What You Want to Eat,N/A,Food and Drink,3,£20.50,2026-04-10 14:36:45
Born for This: How to Find the Work You Were Meant to Do,N/A,Business,5,£21.59,2026-04-10 14:36:46
Arena,N/A,Science Fiction,4,£21.36,2026-04-10 14:36:47
Adultery,N/A,Default,5,£20.88,2026-04-10 14:36:48
A Mother's Reckoning: Living in the Aftermath of Tragedy,N/A,Nonfiction,3,£19.53,2026-04-10 14:36:50
A Gentleman's Position (Society of Gentlemen #3),N/A,Romance,5,£14.75,2026-04-10 14:36:51
11/22/63,N/A,Fiction,3,£48.48,2026-04-10 14:36:52
"10% Happier: How I Tamed the Voice in My Head, Reduced Stress Without Losing My Edge, and Found Self-Help That Actually Works",N/A,Nonfiction,2,£24.57,2026-04-10 14:36:54
10-Day Green Smoothie Cleanse: Lose Up to 15 Pounds in 10 Days!,N/A,Health,5,£49.71,2026-04-10 14:36:56
Without Shame,N/A,Add a comment,5,£48.27,2026-04-10 14:36:57
Watchmen,N/A,Add a comment,4,£58.05,2026-04-10 14:36:58
Unlimited Intuition Now,N/A,Default,4,£58.87,2026-04-10 14:36:59
Underlying Notes,N/A,Default,2,£11.82,2026-04-10 14:37:00
The Shack,N/A,Fiction,1,£28.03,2026-04-10 14:37:01
The New Brand You: Your New Image Makes the Sale for You,N/A,Default,5,£44.05,2026-04-10 14:37:02
"The Moosewood Cookbook: Recipes from Moosewood Restaurant, Ithaca, New York",N/A,Food and Drink,4,£12.34,2026-04-10 14:37:04
The Flowers Lied,N/A,Default,2,£16.68,2026-04-10 14:37:05
"The Fabric of the Cosmos: Space, Time, and the Texture of Reality",N/A,Science,1,£55.91,2026-04-10 14:37:06
The Book of Mormon,N/A,Religion,3,£24.57,2026-04-10 14:37:07
The Art and Science of Low Carbohydrate Living,N/A,Health,5,£52.98,2026-04-10 14:37:08
The Alien Club,N/A,Young Adult,1,£54.40,2026-04-10 14:37:10
Suzie Snowflake: One beautiful flake (a self-esteem story),N/A,Novels,5,£54.81,2026-04-10 14:37:11
Nap-a-Roo,N/A,Childrens,1,£25.08,2026-04-10 14:37:12
"NaNo What Now? Finding your editing process, revising your NaNoWriMo book and building a writing career through publishing and beyond",N/A,Default,4,£10.41,2026-04-10 14:37:13
Modern Day Fables,N/A,Default,2,£47.44,2026-04-10 14:37:14
If I Gave You God's Phone Number....: Searching for Spirituality in America,N/A,Spirituality,1,£20.91,2026-04-10 14:37:16
"Fruits Basket, Vol. 9 (Fruits Basket #9)",N/A,Sequential Art,4,£33.95,2026-04-10 14:37:17
Dress Your Family in Corduroy and Denim,N/A,Humor,3,£43.68,2026-04-10 14:37:18
Don't Forget Steven,N/A,Young Adult,1,£33.23,2026-04-10 14:37:19
Chernobyl 01:23:40: The Incredible True Story of the World's Worst Nuclear Disaster,N/A,Nonfiction,2,£35.92,2026-04-10 14:37:21
Art and Fear: Observations on the Perils (and Rewards) of Artmaking,N/A,Art,4,£48.63,2026-04-10 14:37:22
A Shard of Ice (The Black Symphony Saga #1),N/A,Fantasy,3,£56.63,2026-04-10 14:37:23
A Hero's Curse (The Unseen Chronicles #1),N/A,Add a comment,3,£50.49,2026-04-10 14:37:24
23 Degrees South: A Tropical Tale of Changing Whether...,N/A,Add a comment,2,£35.79,2026-04-10 14:37:25
"Zero to One: Notes on Startups, or How to Build the Future",N/A,Nonfiction,3,£34.06,2026-04-10 14:37:27
Why Not Me?,N/A,Nonfiction,1,£17.76,2026-04-10 14:37:28
When Breath Becomes Air,N/A,Nonfiction,2,£39.36,2026-04-10 14:37:29
Vagabonding: An Uncommon Guide to the Art of Long-Term World Travel,N/A,Travel,2,£36.94,2026-04-10 14:37:30
The Unlikely Pilgrimage of Harold Fry (Harold Fry #1),N/A,Default,5,£43.62,2026-04-10 14:37:31
The New Drawing on the Right Side of the Brain,N/A,Art,3,£43.02,2026-04-10 14:37:32
"The Midnight Assassin: Panic, Scandal, and the Hunt for America's First Serial Killer",N/A,Nonfiction,4,£28.45,2026-04-10 14:37:34
The Martian (The Martian #1),N/A,Default,2,£41.39,2026-04-10 14:37:35
The High Mountains of Portugal,N/A,Fiction,1,£51.15,2026-04-10 14:37:36
The Grownup,N/A,Short Stories,1,£35.88,2026-04-10 14:37:37
The E-Myth Revisited: Why Most Small Businesses Don't Work and What to Do About It,N/A,Business,1,£36.91,2026-04-10 14:37:38
South of Sunshine,N/A,Young Adult,1,£28.93,2026-04-10 14:37:39
Smarter Faster Better: The Secrets of Being Productive in Life and Business,N/A,Nonfiction,5,£38.89,2026-04-10 14:37:41
Silence in the Dark (Logan Point #4),N/A,Suspense,3,£58.33,2026-04-10 14:37:42
Shadows of the Past (Logan Point #1),N/A,Christian Fiction,5,£39.67,2026-04-10 14:37:43
Roller Girl,N/A,Sequential Art,5,£14.10,2026-04-10 14:37:44
Rising Strong,N/A,Nonfiction,3,£21.82,2026-04-10 14:37:45
Proofs of God: Classical Arguments from Tertullian to Barth,N/A,Philosophy,1,£54.21,2026-04-10 14:37:46
Please Kill Me: The Uncensored Oral History of Punk,N/A,Music,4,£31.19,2026-04-10 14:37:47
Out of Print: City Lights Spotlight No. 14,N/A,Poetry,5,£53.64,2026-04-10 14:37:49
My Life Next Door (My Life Next Door ),N/A,Young Adult,5,£36.39,2026-04-10 14:37:50
Miller's Valley,N/A,Fiction,2,£58.54,2026-04-10 14:37:51
Man's Search for Meaning,N/A,Nonfiction,3,£29.48,2026-04-10 14:37:52
"Love That Boy: What Two Presidents, Eight Road Trips, and My Son Taught Me About a Parent's Expectations",N/A,Nonfiction,2,£25.06,2026-04-10 14:37:53
Living Forward: A Proven Plan to Stop Drifting and Get the Life You Want,N/A,Nonfiction,3,£12.55,2026-04-10 14:37:55
Les Fleurs du Mal,N/A,Poetry,5,£29.04,2026-04-10 14:37:56
Left Behind (Left Behind #1),N/A,Default,2,£40.72,2026-04-10 14:37:57
Kill 'Em and Leave: Searching for James Brown and the American Soul,N/A,Music,5,£45.05,2026-04-10 14:37:58
Kierkegaard: A Christian Missionary to Christians,N/A,Philosophy,1,£47.13,2026-04-10 14:37:59
John Vassos: Industrial Design for Modern Life,N/A,Default,4,£20.22,2026-04-10 14:38:00
I'll Give You the Sun,N/A,Default,1,£56.48,2026-04-10 14:38:02
I Will Find You,N/A,Nonfiction,1,£44.21,2026-04-10 14:38:03
Hystopia: A Novel,N/A,Fiction,4,£21.96,2026-04-10 14:38:04
Howl and Other Poems,N/A,Poetry,2,£40.45,2026-04-10 14:38:05
History of Beauty,N/A,Art,4,£10.29,2026-04-10 14:38:06
Heaven is for Real: A Little Boy's Astounding Story of His Trip to Heaven and Back,N/A,Default,2,£52.86,2026-04-10 14:38:08
Future Shock (Future Shock #1),N/A,Young Adult,5,£55.65,2026-04-10 14:38:09
Ender's Game (The Ender Quintet #1),N/A,Default,1,£43.64,2026-04-10 14:38:10
Diary of a Citizen Scientist: Chasing Tiger Beetles and Other New Ways of Engaging the World,N/A,Science,1,£28.41,2026-04-10 14:38:11
Death by Leisure: A Cautionary Tale,N/A,Default,4,£37.51,2026-04-10 14:38:12
Brilliant Beacons: A History of the American Lighthouse,N/A,History,3,£11.45,2026-04-10 14:38:13
Brazen: The Courage to Find the You That's Been Hiding,N/A,Nonfiction,2,£19.22,2026-04-10 14:38:15
Between the World and Me,N/A,Nonfiction,4,£56.91,2026-04-10 14:38:16
Being Mortal: Medicine and What Matters in the End,N/A,Nonfiction,4,£55.06,2026-04-10 14:38:17
"A Murder Over a Girl: Justice, Gender, Junior High",N/A,Nonfiction,3,£13.20,2026-04-10 14:38:18
32 Yolks,N/A,Food and Drink,2,£53.63,2026-04-10 14:38:19
"""Most Blessed of the Patriarchs"": Thomas Jefferson and the Empire of the Imagination",N/A,History,5,£44.48,2026-04-10 14:38:21
You Are a Badass: How to Stop Doubting Your Greatness and Start Living an Awesome Life,N/A,Self Help,3,£12.08,2026-04-10 14:38:22
Wildlife of New York: A Five-Borough Coloring Book,N/A,Default,2,£22.14,2026-04-10 14:38:23
What Happened on Beale Street (Secrets of the South Mysteries #2),N/A,Mystery,5,£25.37,2026-04-10 14:38:24
Unreasonable Hope: Finding Faith in the God Who Brings Purpose to Your Pain,N/A,Spirituality,2,£46.33,2026-04-10 14:38:25
Under the Tuscan Sun,N/A,Travel,3,£37.33,2026-04-10 14:38:27
Toddlers Are A**holes: It's Not Your Fault,N/A,Humor,1,£25.55,2026-04-10 14:38:28
The Year of Living Biblically: One Man's Humble Quest to Follow the Bible as Literally as Possible,N/A,Default,1,£34.72,2026-04-10 14:38:29
The Whale,N/A,Childrens,4,£35.96,2026-04-10 14:38:30
The Story of Art,N/A,Art,4,£41.14,2026-04-10 14:38:31
The Origin of Species,N/A,Science,4,£10.01,2026-04-10 14:38:32
The Great Gatsby,N/A,Default,4,£36.05,2026-04-10 14:38:33
The Good Girl,N/A,Default,3,£49.03,2026-04-10 14:38:35
The Glass Castle,N/A,Add a comment,1,£16.24,2026-04-10 14:38:36
The Faith of Christopher Hitchens: The Restless Soul of the World's Most Notorious Atheist,N/A,Biography,1,£39.55,2026-04-10 14:38:37
The Drowning Girls,N/A,Add a comment,3,£35.67,2026-04-10 14:38:38
The Constant Princess (The Tudor Court #1),N/A,Historical Fiction,3,£16.62,2026-04-10 14:38:39
The Bourne Identity (Jason Bourne #1),N/A,Fiction,4,£42.78,2026-04-10 14:38:42
The Bachelor Girl's Guide to Murder (Herringford and Watts Mysteries #1),N/A,Mystery,5,£52.30,2026-04-10 14:38:43
The Art Book,N/A,Art,2,£32.34,2026-04-10 14:38:45
The 7 Habits of Highly Effective People: Powerful Lessons in Personal Change,N/A,Default,4,£33.17,2026-04-10 14:38:46
Team of Rivals: The Political Genius of Abraham Lincoln,N/A,Add a comment,5,£20.12,2026-04-10 14:38:47
Steal Like an Artist: 10 Things Nobody Told You About Being Creative,N/A,Default,2,£20.90,2026-04-10 14:38:48
"Sit, Stay, Love",N/A,Romance,3,£20.90,2026-04-10 14:38:49
Sister Dear,N/A,Fiction,4,£40.20,2026-04-10 14:38:51
"Shrunken Treasures: Literary Classics, Short, Sweet, and Silly",N/A,Childrens,3,£52.87,2026-04-10 14:38:52
"Rich Dad, Poor Dad",N/A,Business,1,£51.74,2026-04-10 14:38:53
Raymie Nightingale,N/A,Childrens,2,£34.41,2026-04-10 14:38:54
Playing from the Heart,N/A,Childrens,1,£32.38,2026-04-10 14:38:55
Nightstruck: A Novel,N/A,Young Adult,4,£50.35,2026-04-10 14:38:57
"Naturally Lean: 125 Nourishing Gluten-Free, Plant-Based Recipes--All Under 300 Calories",N/A,Food and Drink,5,£11.38,2026-04-10 14:38:58
Meternity,N/A,Womens Fiction,3,£43.58,2026-04-10 14:38:59
Memoirs of a Geisha,N/A,Fiction,3,£49.67,2026-04-10 14:39:00
Like Never Before (Walker Family #2),N/A,Christian Fiction,2,£28.77,2026-04-10 14:39:01
Life of Pi,N/A,Default,4,£13.22,2026-04-10 14:39:02
Leave This Song Behind: Teen Poetry at Its Best,N/A,Poetry,5,£51.17,2026-04-10 14:39:04
King's Folly (The Kinsman Chronicles #1),N/A,Fantasy,5,£39.61,2026-04-10 14:39:05
John Adams,N/A,Add a comment,4,£57.43,2026-04-10 14:39:06
How to Cook Everything Vegetarian: Simple Meatless Recipes for Great Food (How to Cook Everything),N/A,Food and Drink,4,£46.01,2026-04-10 14:39:07
How to Be a Domestic Goddess: Baking and the Art of Comfort Cooking,N/A,Food and Drink,2,£28.25,2026-04-10 14:39:09
Good in Bed (Cannie Shapiro #1),N/A,Add a comment,5,£37.05,2026-04-10 14:39:10
"Fruits Basket, Vol. 7 (Fruits Basket #7)",N/A,Sequential Art,1,£19.57,2026-04-10 14:39:11
For the Love: Fighting for Grace in a World of Impossible Standards,N/A,Nonfiction,3,£45.13,2026-04-10 14:39:12
Finding God in the Ruins: How God Redeems Pain,N/A,Nonfiction,2,£46.64,2026-04-10 14:39:13
Every Heart a Doorway (Every Heart A Doorway #1),N/A,Fantasy,5,£12.16,2026-04-10 14:39:15
Delivering the Truth (Quaker Midwife Mystery #1),N/A,Mystery,4,£20.89,2026-04-10 14:39:16
Counted With the Stars (Out from Egypt #1),N/A,Christian Fiction,5,£17.97,2026-04-10 14:39:17
"Chronicles, Vol. 1",N/A,Music,2,£52.60,2026-04-10 14:39:18
Blue Like Jazz: Nonreligious Thoughts on Christian Spirituality,N/A,Christian,1,£25.77,2026-04-10 14:39:19
Benjamin Franklin: An American Life,N/A,Biography,3,£48.19,2026-04-10 14:39:22
"At The Existentialist Café: Freedom, Being, and apricot cocktails with: Jean-Paul Sartre, Simone de Beauvoir, Albert Camus, Martin Heidegger, Edmund Husserl, Karl Jaspers, Maurice Merleau-Ponty and others",N/A,Philosophy,5,£29.93,2026-04-10 14:39:23
A Summer In Europe,N/A,Travel,2,£44.34,2026-04-10 14:39:24
A Short History of Nearly Everything,N/A,History,5,£52.40,2026-04-10 14:39:25
A Gathering of Shadows (Shades of Magic #2),N/A,Fantasy,4,£44.81,2026-04-10 14:39:27
The Sound Of Love,N/A,Default,5,£57.84,2026-04-10 14:39:28
The Rise and Fall of the Third Reich: A History of Nazi Germany,N/A,History,2,£39.67,2026-04-10 14:39:29
The Perks of Being a Wallflower,N/A,Default,3,£55.02,2026-04-10 14:39:30
The Mysterious Affair at Styles (Hercule Poirot #1),N/A,Mystery,4,£24.80,2026-04-10 14:39:31
The Man Who Mistook His Wife for a Hat and Other Clinical Tales,N/A,Nonfiction,4,£59.45,2026-04-10 14:39:33
The Makings of a Fatherless Child,N/A,Default,2,£31.58,2026-04-10 14:39:34
The Joy of Cooking,N/A,Add a comment,4,£43.27,2026-04-10 14:39:35
The Invention of Wings,N/A,Historical Fiction,1,£37.34,2026-04-10 14:39:37
The Hobbit (Middle-Earth Universe),N/A,Default,5,£17.80,2026-04-10 14:39:38
The Great Railway Bazaar,N/A,Travel,1,£30.54,2026-04-10 14:39:39
The Golden Compass (His Dark Materials #1),N/A,Add a comment,1,£18.77,2026-04-10 14:39:41
The God Delusion,N/A,Add a comment,3,£46.85,2026-04-10 14:39:42
The Girl You Left Behind (The Girl You Left Behind #1),N/A,Historical,1,£15.79,2026-04-10 14:39:43
The Fellowship of the Ring (The Lord of the Rings #1),N/A,Default,2,£10.27,2026-04-10 14:39:44
The Collected Poems of W.B. Yeats (The Collected Works of W.B. Yeats #1),N/A,Poetry,5,£15.42,2026-04-10 14:39:45
The Barefoot Contessa Cookbook,N/A,Food and Drink,5,£59.92,2026-04-10 14:39:46
Tell the Wolves I'm Home,N/A,Young Adult,2,£50.96,2026-04-10 14:39:47
Ship Leaves Harbor: Essays on Travel by a Recovering Journeyman,N/A,Default,3,£30.60,2026-04-10 14:39:48
Pride and Prejudice,N/A,Add a comment,4,£19.27,2026-04-10 14:39:50
Musicophilia: Tales of Music and the Brain,N/A,Default,1,£46.58,2026-04-10 14:39:51
Mere Christianity,N/A,Add a comment,3,£48.51,2026-04-10 14:39:52
Me Before You (Me Before You #1),N/A,Fiction,1,£19.02,2026-04-10 14:39:53
In the Woods (Dublin Murder Squad #1),N/A,Mystery,2,£38.38,2026-04-10 14:39:54
In Cold Blood,N/A,Nonfiction,4,£49.98,2026-04-10 14:39:55
How to Stop Worrying and Start Living,N/A,Self Help,5,£46.49,2026-04-10 14:39:57
Give It Back,N/A,Thriller,2,£18.32,2026-04-10 14:39:58
"Girl, Interrupted",N/A,Nonfiction,3,£42.14,2026-04-10 14:39:59
Fun Home: A Family Tragicomic,N/A,Add a comment,4,£56.59,2026-04-10 14:40:00
"Fruits Basket, Vol. 6 (Fruits Basket #6)",N/A,Sequential Art,4,£20.96,2026-04-10 14:40:01
Deception Point,N/A,Fiction,4,£40.32,2026-04-10 14:40:03
"Death Note, Vol. 6: Give-and-Take (Death Note #6)",N/A,Sequential Art,3,£36.39,2026-04-10 14:40:04
Catherine the Great: Portrait of a Woman,N/A,History,4,£58.55,2026-04-10 14:40:05
Better Homes and Gardens New Cook Book,N/A,Food and Drink,3,£39.61,2026-04-10 14:40:06
An Unquiet Mind: A Memoir of Moods and Madness,N/A,Psychology,3,£21.30,2026-04-10 14:40:07
A Year in Provence (Provence #1),N/A,Travel,4,£56.88,2026-04-10 14:40:09
World Without End (The Pillars of the Earth #2),N/A,Historical Fiction,4,£32.97,2026-04-10 14:40:10
"Will Grayson, Will Grayson (Will Grayson, Will Grayson)",N/A,Young Adult,4,£47.31,2026-04-10 14:40:11
Why Save the Bankers?: And Other Essays on Our Economic and Political Crisis,N/A,Nonfiction,2,£48.67,2026-04-10 14:40:13
Where She Went (If I Stay #2),N/A,Young Adult,4,£41.73,2026-04-10 14:40:14
What If?: Serious Scientific Answers to Absurd Hypothetical Questions,N/A,Default,4,£53.68,2026-04-10 14:40:15
Two Summers,N/A,Young Adult,1,£14.64,2026-04-10 14:40:17
This Is Your Brain on Music: The Science of a Human Obsession,N/A,Music,1,£38.40,2026-04-10 14:40:18
The Secret Garden,N/A,Classics,4,£15.08,2026-04-10 14:40:19
The Raven King (The Raven Cycle #4),N/A,Add a comment,2,£30.57,2026-04-10 14:40:21
The Raven Boys (The Raven Cycle #1),N/A,Fantasy,4,£57.74,2026-04-10 14:40:22
The Power Greens Cookbook: 140 Delicious Superfood Recipes,N/A,Food and Drink,5,£11.05,2026-04-10 14:40:23
The Metamorphosis,N/A,Classics,1,£28.58,2026-04-10 14:40:24
The Mathews Men: Seven Brothers and the War Against Hitler's U-boats,N/A,History,5,£42.91,2026-04-10 14:40:25
The Little Paris Bookshop,N/A,Fiction,3,£24.73,2026-04-10 14:40:27
The Hiding Place,N/A,History,4,£55.91,2026-04-10 14:40:28
The Grand Design,N/A,Science,3,£13.76,2026-04-10 14:40:29
The Firm,N/A,Fiction,3,£45.56,2026-04-10 14:40:30
The Fault in Our Stars,N/A,Default,1,£47.22,2026-04-10 14:40:31
The False Prince (The Ascendance Trilogy #1),N/A,Fantasy,5,£56.00,2026-04-10 14:40:32
The Expatriates,N/A,Fiction,2,£44.58,2026-04-10 14:40:34
The Dream Thieves (The Raven Cycle #2),N/A,Default,1,£34.50,2026-04-10 14:40:35
The Darkest Corners,N/A,Young Adult,5,£11.33,2026-04-10 14:40:36
The Crossover,N/A,Poetry,4,£38.77,2026-04-10 14:40:37
The 5th Wave (The 5th Wave #1),N/A,Default,2,£11.83,2026-04-10 14:40:38
Tell the Wind and Fire,N/A,Fantasy,3,£45.51,2026-04-10 14:40:40
Tell Me Three Things,N/A,Young Adult,1,£41.81,2026-04-10 14:40:41
Talking to Girls About Duran Duran: One Young Man's Quest for True Love and a Cooler Haircut,N/A,Nonfiction,4,£25.15,2026-04-10 14:40:42
Siddhartha,N/A,Fiction,5,£34.22,2026-04-10 14:40:43
Shiver (The Wolves of Mercy Falls #1),N/A,Default,5,£16.23,2026-04-10 14:40:44
Remember Me?,N/A,Default,3,£11.48,2026-04-10 14:40:46
Red Dragon (Hannibal Lecter #1),N/A,Horror,3,£23.37,2026-04-10 14:40:47
Peak: Secrets from the New Science of Expertise,N/A,Science,2,£16.28,2026-04-10 14:40:48
My Mother Was Nuts,N/A,Nonfiction,4,£31.63,2026-04-10 14:40:49
Mexican Today: New and Rediscovered Recipes for Contemporary Kitchens,N/A,Food and Drink,5,£24.91,2026-04-10 14:40:50
Maybe Something Beautiful: How Art Transformed a Neighborhood,N/A,Childrens,1,£22.54,2026-04-10 14:40:51
Lola and the Boy Next Door (Anna and the French Kiss #2),N/A,Young Adult,4,£23.63,2026-04-10 14:40:53
Logan Kade (Fallen Crest High #5.5),N/A,Academic,2,£13.12,2026-04-10 14:40:54
Last One Home (New Beginnings #1),N/A,Fiction,3,£59.98,2026-04-10 14:40:55
Killing Floor (Jack Reacher #1),N/A,Thriller,4,£31.49,2026-04-10 14:40:56
Kill the Boy Band,N/A,Young Adult,5,£15.52,2026-04-10 14:40:57
Isla and the Happily Ever After (Anna and the French Kiss #3),N/A,Young Adult,5,£48.13,2026-04-10 14:40:58
If I Stay (If I Stay #1),N/A,Default,5,£38.13,2026-04-10 14:41:00
I Know Why the Caged Bird Sings (Maya Angelou's Autobiography #1),N/A,Default,2,£36.55,2026-04-10 14:41:01
Harry Potter and the Deathly Hallows (Harry Potter #7),N/A,Default,1,£23.32,2026-04-10 14:41:02
"Fruits Basket, Vol. 5 (Fruits Basket #5)",N/A,Sequential Art,1,£16.33,2026-04-10 14:41:03
Foundation (Foundation (Publication Order) #1),N/A,Science Fiction,1,£32.42,2026-04-10 14:41:04
Fool Me Once,N/A,Default,1,£16.96,2026-04-10 14:41:06
Find Her (Detective D.D. Warren #8),N/A,Add a comment,1,£22.37,2026-04-10 14:41:07
Evicted: Poverty and Profit in the American City,N/A,Add a comment,1,£42.27,2026-04-10 14:41:08
Drama,N/A,Default,2,£38.70,2026-04-10 14:41:09
Dracula the Un-Dead,N/A,Horror,5,£35.63,2026-04-10 14:41:11
Digital Fortress,N/A,Fiction,5,£58.00,2026-04-10 14:41:12
"Death Note, Vol. 5: Whiteout (Death Note #5)",N/A,Sequential Art,1,£52.41,2026-04-10 14:41:13
"Data, A Love Story: How I Gamed Online Dating to Meet My Match",N/A,Nonfiction,3,£32.35,2026-04-10 14:41:14
Critique of Pure Reason,N/A,Philosophy,1,£20.75,2026-04-10 14:41:15
Booked,N/A,Poetry,5,£17.49,2026-04-10 14:41:16
"Blue Lily, Lily Blue (The Raven Cycle #3)",N/A,Default,5,£34.13,2026-04-10 14:41:18
Approval Junkie: Adventures in Caring Too Much,N/A,Autobiography,5,£58.81,2026-04-10 14:41:19
An Abundance of Katherines,N/A,Young Adult,5,£10.00,2026-04-10 14:41:20
America's War for the Greater Middle East: A Military History,N/A,History,2,£51.22,2026-04-10 14:41:21
Alight (The Generations Trilogy #2),N/A,Default,4,£58.59,2026-04-10 14:41:23
A Girl's Guide to Moving On (New Beginnings #2),N/A,Romance,1,£31.30,2026-04-10 14:41:24
A Game of Thrones (A Song of Ice and Fire #1),N/A,Add a comment,2,£46.42,2026-04-10 14:41:25
A Feast for Crows (A Song of Ice and Fire #4),N/A,Fantasy,4,£17.21,2026-04-10 14:41:26
A Clash of Kings (A Song of Ice and Fire #2),N/A,Add a comment,3,£10.79,2026-04-10 14:41:27
Vogue Colors A to Z: A Fashion Coloring Book,N/A,Default,4,£52.35,2026-04-10 14:41:28
The Shining (The Shining #1),N/A,Default,3,£27.88,2026-04-10 14:41:30
The Pilgrim's Progress,N/A,Classics,2,£50.26,2026-04-10 14:41:31
The Perfect Play (Play by Play #1),N/A,Romance,3,£59.99,2026-04-10 14:41:32
The Passion of Dolssa,N/A,Historical Fiction,5,£28.32,2026-04-10 14:41:33
The Jazz of Physics: The Secret Link Between Music and the Structure of the Universe,N/A,Nonfiction,3,£38.71,2026-04-10 14:41:35
The Hunger Games (The Hunger Games #1),N/A,Default,5,£29.85,2026-04-10 14:41:36
The Hound of the Baskervilles (Sherlock Holmes #5),N/A,Classics,2,£14.82,2026-04-10 14:41:37
The Gunning of America: Business and the Making of American Gun Culture,N/A,Nonfiction,4,£16.81,2026-04-10 14:41:38
The Geography of Bliss: One Grump's Search for the Happiest Places in the World,N/A,Nonfiction,2,£28.23,2026-04-10 14:41:40
The Demonists (Demonist #1),N/A,Fantasy,2,£52.11,2026-04-10 14:41:41
"The Demon Prince of Momochi House, Vol. 4 (The Demon Prince of Momochi House #4)",N/A,Sequential Art,2,£27.88,2026-04-10 14:41:43
The Bone Hunters (Lexy Vaughan & Steven Macaulay #2),N/A,Thriller,3,£59.71,2026-04-10 14:41:44
The Beast (Black Dagger Brotherhood #14),N/A,Fantasy,5,£46.08,2026-04-10 14:41:45
Some Women,N/A,Womens Fiction,5,£13.73,2026-04-10 14:41:46
Shopaholic Ties the Knot (Shopaholic #3),N/A,Womens Fiction,5,£48.39,2026-04-10 14:41:48
Paper and Fire (The Great Library #2),N/A,Fantasy,5,£49.45,2026-04-10 14:41:49
Outlander (Outlander #1),N/A,Default,5,£19.67,2026-04-10 14:41:50
"Orchestra of Exiles: The Story of Bronislaw Huberman, the Israel Philharmonic, and the One Thousand Jews He Saved from Nazi Horrors",N/A,Music,3,£12.36,2026-04-10 14:41:51
No One Here Gets Out Alive,N/A,Music,5,£20.02,2026-04-10 14:41:52
Night Shift (Night Shift #1-20),N/A,Horror,4,£12.75,2026-04-10 14:41:53
Needful Things,N/A,Horror,4,£47.51,2026-04-10 14:41:55
Mockingjay (The Hunger Games #3),N/A,Default,4,£20.44,2026-04-10 14:41:56
Misery,N/A,Horror,2,£34.79,2026-04-10 14:42:04
Little Women (Little Women #1),N/A,Classics,4,£28.07,2026-04-10 14:42:06
It,N/A,Horror,3,£25.01,2026-04-10 14:42:09
Harry Potter and the Sorcerer's Stone (Harry Potter #1),N/A,Default,3,£13.90,2026-04-10 14:42:25
Harry Potter and the Prisoner of Azkaban (Harry Potter #3),N/A,Young Adult,4,£24.17,2026-04-10 14:42:41
Harry Potter and the Order of the Phoenix (Harry Potter #5),N/A,Fantasy,4,£31.63,2026-04-10 14:42:43
Harry Potter and the Half-Blood Prince (Harry Potter #6),N/A,Fantasy,5,£48.75,2026-04-10 14:42:44
Harry Potter and the Chamber of Secrets (Harry Potter #2),N/A,Fantasy,1,£14.74,2026-04-10 14:42:45
Gone with the Wind,N/A,Classics,3,£32.49,2026-04-10 14:42:47
God Is Not Great: How Religion Poisons Everything,N/A,Nonfiction,1,£27.80,2026-04-10 14:42:48
Girl With a Pearl Earring,N/A,Historical Fiction,1,£26.77,2026-04-10 14:42:49
"Fruits Basket, Vol. 4 (Fruits Basket #4)",N/A,Sequential Art,4,£50.44,2026-04-10 14:42:50
Far From True (Promise Falls Trilogy #2),N/A,Thriller,2,£34.93,2026-04-10 14:42:51
Dark Lover (Black Dagger Brotherhood #1),N/A,Romance,1,£12.87,2026-04-10 14:42:52
Confessions of a Shopaholic (Shopaholic #1),N/A,Default,2,£48.94,2026-04-10 14:42:54
Changing the Game (Play by Play #2),N/A,Romance,3,£13.38,2026-04-10 14:42:55
Candide,N/A,Classics,3,£58.63,2026-04-10 14:42:56
Can You Keep a Secret?,N/A,Womens Fiction,1,£21.94,2026-04-10 14:42:57
Atlas Shrugged,N/A,Fiction,5,£26.58,2026-04-10 14:42:59
Animal Farm,N/A,Classics,3,£57.22,2026-04-10 14:43:00
A Walk to Remember,N/A,Romance,1,£56.43,2026-04-10 14:43:01
A New Earth: Awakening to Your Life's Purpose,N/A,Spirituality,5,£55.65,2026-04-10 14:43:02
"A History of God: The 4,000-Year Quest of Judaism, Christianity, and Islam",N/A,Religion,1,£27.62,2026-04-10 14:43:03
'Salem's Lot,N/A,Horror,4,£49.56,2026-04-10 14:43:04
Zero History (Blue Ant #3),N/A,Default,1,£34.77,2026-04-10 14:43:06
Wuthering Heights,N/A,Classics,3,£17.73,2026-04-10 14:43:07
World War Z: An Oral History of the Zombie War,N/A,Default,1,£21.80,2026-04-10 14:43:08
Wild: From Lost to Found on the Pacific Crest Trail,N/A,Default,3,£46.02,2026-04-10 14:43:09
"Where'd You Go, Bernadette",N/A,Default,1,£18.13,2026-04-10 14:43:11
When You Are Engulfed in Flames,N/A,Humor,5,£30.89,2026-04-10 14:43:12
We the People: The Modern-Day Figures Who Have Reshaped and Affirmed the Founding Fathers' Vision of America,N/A,Nonfiction,3,£31.95,2026-04-10 14:43:13
We Are All Completely Beside Ourselves,N/A,Contemporary,1,£24.04,2026-04-10 14:43:15
Walk the Edge (Thunder Road #2),N/A,Young Adult,3,£32.36,2026-04-10 14:43:16
Voyager (Outlander #3),N/A,Historical Fiction,5,£21.07,2026-04-10 14:43:17
Very Good Lives: The Fringe Benefits of Failure and the Importance of Imagination,N/A,Nonfiction,3,£50.66,2026-04-10 14:43:18
Vegan Vegetarian Omnivore: Dinner for Everyone at the Table,N/A,Food and Drink,2,£13.66,2026-04-10 14:43:19
Under the Banner of Heaven: A Story of Violent Faith,N/A,Nonfiction,1,£30.00,2026-04-10 14:43:55
Two Boys Kissing,N/A,Young Adult,2,£32.74,2026-04-10 14:43:56
Twilight (Twilight #1),N/A,Default,2,£41.93,2026-04-10 14:43:57
Twenties Girl,N/A,Womens Fiction,2,£42.80,2026-04-10 14:43:58
"Trespassing Across America: One Man's Epic, Never-Done-Before (and Sort of Illegal) Hike Across the Heartland",N/A,Nonfiction,1,£53.51,2026-04-10 14:43:59
Three-Martini Lunch,N/A,Fiction,3,£23.21,2026-04-10 14:44:00
"Thinking, Fast and Slow",N/A,Psychology,1,£21.14,2026-04-10 14:44:02
The Wild Robot,N/A,Childrens,3,£56.07,2026-04-10 14:44:03
"The Wicked + The Divine, Vol. 3: Commercial Suicide (The Wicked + The Divine)",N/A,Sequential Art,3,£14.41,2026-04-10 14:44:04
The Undomestic Goddess,N/A,Womens Fiction,4,£45.75,2026-04-10 14:44:05
The Travelers,N/A,Thriller,1,£15.77,2026-04-10 14:44:08
The Tipping Point: How Little Things Can Make a Big Difference,N/A,Add a comment,2,£10.02,2026-04-10 14:44:09
The Thing About Jellyfish,N/A,Childrens,1,£48.77,2026-04-10 14:44:10
The Stand,N/A,Horror,2,£57.86,2026-04-10 14:44:11
The Smitten Kitchen Cookbook,N/A,Food and Drink,1,£23.59,2026-04-10 14:44:12
The Silkworm (Cormoran Strike #2),N/A,Mystery,5,£23.05,2026-04-10 14:44:13
"The Sandman, Vol. 3: Dream Country (The Sandman (volumes) #3)",N/A,Sequential Art,5,£55.55,2026-04-10 14:44:14
The Rose & the Dagger (The Wrath and the Dawn #2),N/A,Fantasy,4,£58.64,2026-04-10 14:44:16
The Road to Little Dribbling: Adventures of an American in Britain (Notes From a Small Island #2),N/A,Travel,1,£23.21,2026-04-10 14:44:17
The Rise of Theodore Roosevelt (Theodore Roosevelt #1),N/A,Biography,3,£42.57,2026-04-10 14:44:18
The Restaurant at the End of the Universe (Hitchhiker's Guide to the Galaxy #2),N/A,Science Fiction,1,£10.92,2026-04-10 14:44:19
The Rest Is Noise: Listening to the Twentieth Century,N/A,Add a comment,1,£34.77,2026-04-10 14:44:20
The Red Tent,N/A,Historical Fiction,5,£35.66,2026-04-10 14:44:22
The Purpose Driven Life: What on Earth Am I Here for?,N/A,Add a comment,3,£37.19,2026-04-10 14:44:23
The Purest Hook (Second Circle Tattoos #3),N/A,Romance,1,£12.25,2026-04-10 14:44:24
The Picture of Dorian Gray,N/A,Classics,2,£29.70,2026-04-10 14:44:25
The Paris Wife,N/A,Default,3,£36.80,2026-04-10 14:44:26
The Obsession,N/A,Romance,1,£45.43,2026-04-10 14:44:27
The Nightingale,N/A,Fiction,4,£26.26,2026-04-10 14:44:28
The New Guy (and Other Senior Year Distractions),N/A,Young Adult,3,£44.92,2026-04-10 14:44:29
The Nanny Diaries (Nanny #1),N/A,Womens Fiction,5,£52.53,2026-04-10 14:44:30
The Name of God is Mercy,N/A,Nonfiction,2,£37.25,2026-04-10 14:44:31
The Maze Runner (The Maze Runner #1),N/A,Default,1,£20.93,2026-04-10 14:44:32
The Lover's Dictionary,N/A,Default,2,£58.09,2026-04-10 14:44:33
The Lonely Ones,N/A,Childrens,5,£43.59,2026-04-10 14:44:34
The Lean Startup: How Today's Entrepreneurs Use Continuous Innovation to Create Radically Successful Businesses,N/A,Business,3,£33.92,2026-04-10 14:44:36
The Last Painting of Sara de Vos,N/A,Historical Fiction,2,£55.55,2026-04-10 14:44:37
"The Land of 10,000 Madonnas",N/A,Young Adult,4,£29.64,2026-04-10 14:44:38
The Infinities,N/A,Fiction,1,£27.41,2026-04-10 14:44:39
The Husband's Secret,N/A,Fiction,5,£52.51,2026-04-10 14:44:40
The Hitchhiker's Guide to the Galaxy (Hitchhiker's Guide to the Galaxy #1),N/A,Add a comment,3,£47.80,2026-04-10 14:44:41
The Guns of August,N/A,History,2,£14.54,2026-04-10 14:44:43
The Guernsey Literary and Potato Peel Pie Society,N/A,Historical Fiction,1,£49.53,2026-04-10 14:44:44
The Goldfinch,N/A,Default,3,£43.58,2026-04-10 14:44:45
The Giver (The Giver Quartet #1),N/A,Default,1,£12.30,2026-04-10 14:44:46
The Girl with All the Gifts,N/A,Horror,3,£49.47,2026-04-10 14:44:47
The Girl Who Played with Fire (Millennium Trilogy #2),N/A,Default,2,£22.14,2026-04-10 14:44:49
The Girl Who Kicked the Hornet's Nest (Millennium Trilogy #3),N/A,Add a comment,1,£57.48,2026-04-10 14:44:50
The Exiled,N/A,Mystery,3,£43.45,2026-04-10 14:44:51
"The End of Faith: Religion, Terror, and the Future of Reason",N/A,Add a comment,4,£22.13,2026-04-10 14:44:52
"The Elegant Universe: Superstrings, Hidden Dimensions, and the Quest for the Ultimate Theory",N/A,Science,4,£13.03,2026-04-10 14:44:53
"The Disappearing Spoon: And Other True Tales of Madness, Love, and the History of the World from the Periodic Table of the Elements",N/A,Science,5,£57.35,2026-04-10 14:44:54
The Devil Wears Prada (The Devil Wears Prada #1),N/A,Womens Fiction,1,£44.29,2026-04-10 14:44:55
The Demon-Haunted World: Science as a Candle in the Dark,N/A,Default,4,£52.25,2026-04-10 14:44:57
The Day the Crayons Came Home (Crayons),N/A,Childrens,5,£26.33,2026-04-10 14:44:58
The Da Vinci Code (Robert Langdon #2),N/A,Fiction,2,£22.96,2026-04-10 14:44:59
The Cuckoo's Calling (Cormoran Strike #1),N/A,Mystery,1,£19.21,2026-04-10 14:45:00
The Complete Stories and Poems (The Works of Edgar Allan Poe [Cameo Edition]),N/A,Classics,4,£26.78,2026-04-10 14:45:01
The Complete Poems,N/A,Add a comment,5,£41.32,2026-04-10 14:45:03
The Catcher in the Rye,N/A,Add a comment,1,£24.55,2026-04-10 14:45:04
The Cat in the Hat (Beginner Books B-1),N/A,Childrens,2,£16.26,2026-04-10 14:45:05
The Case for Christ (Cases for Christianity),N/A,Add a comment,1,£47.84,2026-04-10 14:45:06
The Book Thief,N/A,Default,2,£53.49,2026-04-10 14:45:07
The Book of Basketball: The NBA According to The Sports Guy,N/A,Sports and Games,5,£44.84,2026-04-10 14:45:08
The Blind Side: Evolution of a Game,N/A,Add a comment,5,£53.71,2026-04-10 14:45:09
The Autobiography of Malcolm X,N/A,Default,2,£23.43,2026-04-10 14:45:11
"The Art of Simple Food: Notes, Lessons, and Recipes from a Delicious Revolution",N/A,Food and Drink,3,£34.32,2026-04-10 14:45:12
The Art of Fielding,N/A,Fiction,1,£22.10,2026-04-10 14:45:13
"Surely You're Joking, Mr. Feynman!: Adventures of a Curious Character",N/A,Science,2,£25.83,2026-04-10 14:45:14
Stiff: The Curious Lives of Human Cadavers,N/A,Nonfiction,3,£36.74,2026-04-10 14:45:15
Spilled Milk: Based on a True Story,N/A,Nonfiction,1,£49.51,2026-04-10 14:45:16
Something Borrowed (Darcy & Rachel #1),N/A,Womens Fiction,5,£48.96,2026-04-10 14:45:18
Something Blue (Darcy & Rachel #2),N/A,Womens Fiction,1,£54.62,2026-04-10 14:45:19
Soldier (Talon #3),N/A,Fantasy,2,£24.72,2026-04-10 14:45:20
Shopaholic & Baby (Shopaholic #5),N/A,Default,2,£46.45,2026-04-10 14:45:21
Seven Days in the Art World,N/A,Add a comment,2,£52.33,2026-04-10 14:45:22
Seven Brief Lessons on Physics,N/A,Science,4,£30.60,2026-04-10 14:45:24
Scarlet (The Lunar Chronicles #2),N/A,Young Adult,4,£14.57,2026-04-10 14:45:25
Sarah's Key,N/A,Add a comment,1,£46.29,2026-04-10 14:45:26
"Saga, Volume 3 (Saga (Collected Editions) #3)",N/A,Sequential Art,5,£21.57,2026-04-10 14:45:27
Running with Scissors,N/A,Autobiography,4,£12.91,2026-04-10 14:45:28
Rogue Lawyer (Rogue Lawyer #1),N/A,Add a comment,3,£50.11,2026-04-10 14:45:29
"Rise of the Rocket Girls: The Women Who Propelled Us, from Missiles to the Moon to Mars",N/A,Nonfiction,4,£41.67,2026-04-10 14:45:31
Rework,N/A,Business,2,£44.88,2026-04-10 14:45:32
Reservations for Two,N/A,Romance,3,£11.10,2026-04-10 14:45:33
Red: The True Story of Red Riding Hood,N/A,Childrens,3,£28.54,2026-04-10 14:45:34
Ready Player One,N/A,Science Fiction,4,£19.07,2026-04-10 14:45:35
Quiet: The Power of Introverts in a World That Can't Stop Talking,N/A,Default,1,£43.55,2026-04-10 14:45:36
Prodigy: The Graphic Novel (Legend: The Graphic Novel #2),N/A,Sequential Art,3,£43.63,2026-04-10 14:45:37
Persepolis: The Story of a Childhood (Persepolis #1-2),N/A,Sequential Art,1,£39.13,2026-04-10 14:45:39
Packing for Mars: The Curious Science of Life in the Void,N/A,Default,2,£56.68,2026-04-10 14:45:40
Outliers: The Story of Success,N/A,Nonfiction,1,£14.16,2026-04-10 14:45:41
Original Fake,N/A,Sequential Art,3,£31.45,2026-04-10 14:45:42
Orange Is the New Black,N/A,Default,2,£24.61,2026-04-10 14:45:51
One for the Money (Stephanie Plum #1),N/A,Default,2,£32.87,2026-04-10 14:45:53
Notes from a Small Island (Notes From a Small Island #1),N/A,Nonfiction,1,£40.17,2026-04-10 14:45:54
Night (The Night Trilogy #1),N/A,Nonfiction,1,£13.51,2026-04-10 14:45:55
Neither Here nor There: Travels in Europe,N/A,Travel,3,£38.95,2026-04-10 14:45:56
Naked,N/A,Humor,3,£31.69,2026-04-10 14:45:57
Morning Star (Red Rising #3),N/A,Default,1,£29.40,2026-04-10 14:45:58
"Miracles from Heaven: A Little Girl, Her Journey to Heaven, and Her Amazing Story of Healing",N/A,Nonfiction,1,£57.83,2026-04-10 14:45:59
Midnight Riot (Peter Grant/ Rivers of London - books #1),N/A,Fantasy,2,£55.46,2026-04-10 14:46:15
Me Talk Pretty One Day,N/A,Autobiography,2,£57.60,2026-04-10 14:46:17
Manuscript Found in Accra,N/A,Add a comment,2,£34.98,2026-04-10 14:46:18
Lust & Wonder,N/A,Autobiography,2,£11.87,2026-04-10 14:46:19
Lila (Gilead #3),N/A,Fiction,3,£12.47,2026-04-10 14:46:20
"Life, the Universe and Everything (Hitchhiker's Guide to the Galaxy #3)",N/A,Science Fiction,2,£33.26,2026-04-10 14:46:21
Life Without a Recipe,N/A,Autobiography,5,£59.04,2026-04-10 14:46:22
Life After Life,N/A,Default,2,£26.13,2026-04-10 14:46:23
Letter to a Christian Nation,N/A,Nonfiction,1,£22.20,2026-04-10 14:46:25
Let's Pretend This Never Happened: A Mostly True Memoir,N/A,Nonfiction,1,£45.11,2026-04-10 14:46:26
Legend (Legend #1),N/A,Young Adult,4,£43.69,2026-04-10 14:46:27
"Lean In: Women, Work, and the Will to Lead",N/A,Default,1,£25.02,2026-04-10 14:46:28
"Lamb: The Gospel According to Biff, Christ's Childhood Pal",N/A,Humor,5,£55.50,2026-04-10 14:46:29
Lady Renegades (Rebel Belle #3),N/A,Young Adult,5,£53.04,2026-04-10 14:46:30
Jurassic Park (Jurassic Park #1),N/A,Fiction,1,£44.97,2026-04-10 14:46:32
It's Never Too Late to Begin Again: Discovering Creativity and Meaning at Midlife and Beyond,N/A,Nonfiction,1,£42.38,2026-04-10 14:46:33
Is Everyone Hanging Out Without Me? (And Other Concerns),N/A,Default,3,£20.11,2026-04-10 14:46:34
Into the Wild,N/A,Nonfiction,5,£56.70,2026-04-10 14:46:35
Inferno (Robert Langdon #4),N/A,Fiction,5,£41.00,2026-04-10 14:46:37
"In the Garden of Beasts: Love, Terror, and an American Family in Hitler's Berlin",N/A,Nonfiction,3,£28.85,2026-04-10 14:46:38
If I Run (If I Run #1),N/A,Christian Fiction,4,£49.97,2026-04-10 14:46:39
I've Got Your Number,N/A,Womens Fiction,1,£19.69,2026-04-10 14:46:40
I Am Malala: The Girl Who Stood Up for Education and Was Shot by the Taliban,N/A,Nonfiction,2,£28.88,2026-04-10 14:46:41
Hungry Girl Clean & Hungry: Easy All-Natural Recipes for Healthy Eating in the Real World,N/A,Food and Drink,3,£33.14,2026-04-10 14:46:43
"House of Lost Worlds: Dinosaurs, Dynasties, and the Story of Life on Earth",N/A,History,2,£43.70,2026-04-10 14:46:44
House of Leaves,N/A,Horror,1,£54.89,2026-04-10 14:46:45
Horrible Bear!,N/A,Childrens,2,£37.52,2026-04-10 14:46:46
Holidays on Ice,N/A,Humor,2,£51.07,2026-04-10 14:46:48
Heir to the Sky,N/A,Fantasy,4,£44.07,2026-04-10 14:46:49
Green Eggs and Ham (Beginner Books B-16),N/A,Childrens,4,£10.79,2026-04-10 14:46:50
"Grayson, Vol 3: Nemesis (Grayson #3)",N/A,Sequential Art,1,£42.72,2026-04-10 14:46:51
Gratitude,N/A,Nonfiction,5,£26.66,2026-04-10 14:46:52
Gone Girl,N/A,Default,5,£37.60,2026-04-10 14:46:53
Golden (Heart of Dread #3),N/A,Young Adult,4,£42.21,2026-04-10 14:46:55
Girl in the Blue Coat,N/A,Historical Fiction,2,£46.83,2026-04-10 14:46:56
"Fruits Basket, Vol. 3 (Fruits Basket #3)",N/A,Sequential Art,2,£45.17,2026-04-10 14:46:57
"Friday Night Lights: A Town, a Team, and a Dream",N/A,Sports and Games,3,£51.22,2026-04-10 14:46:58
Fire Bound (Sea Haven/Sisters of the Heart #5),N/A,Add a comment,4,£21.28,2026-04-10 14:46:59
Fifty Shades Freed (Fifty Shades #3),N/A,Adult Fiction,5,£15.36,2026-04-10 14:47:00
Fellside,N/A,Default,1,£38.62,2026-04-10 14:47:02
Extreme Prey (Lucas Davenport #26),N/A,Mystery,3,£25.40,2026-04-10 14:47:03
Eragon (The Inheritance Cycle #1),N/A,Fantasy,3,£43.87,2026-04-10 14:47:04
Eclipse (Twilight #3),N/A,Default,1,£18.74,2026-04-10 14:47:05
Dune (Dune #1),N/A,Science Fiction,1,£54.86,2026-04-10 14:47:06
Dracula,N/A,Default,3,£52.62,2026-04-10 14:47:07
Do Androids Dream of Electric Sheep? (Blade Runner #1),N/A,Science Fiction,1,£51.48,2026-04-10 14:47:09
Disrupted: My Misadventure in the Start-Up Bubble,N/A,Nonfiction,5,£15.28,2026-04-10 14:47:10
Dead Wake: The Last Crossing of the Lusitania,N/A,Default,5,£39.24,2026-04-10 14:47:11
"David and Goliath: Underdogs, Misfits, and the Art of Battling Giants",N/A,Default,1,£17.81,2026-04-10 14:47:12
Darkfever (Fever #1),N/A,Fantasy,1,£56.02,2026-04-10 14:47:13
Dark Places,N/A,Default,5,£23.90,2026-04-10 14:47:15
Crazy Rich Asians (Crazy Rich Asians #1),N/A,Fiction,5,£49.13,2026-04-10 14:47:16
Counting Thyme,N/A,Childrens,1,£10.62,2026-04-10 14:47:17
Cosmos,N/A,Add a comment,2,£36.17,2026-04-10 14:47:18
Civilization and Its Discontents,N/A,Psychology,2,£59.95,2026-04-10 14:47:19
Cinder (The Lunar Chronicles #1),N/A,Young Adult,1,£26.09,2026-04-10 14:47:20
Catastrophic Happiness: Finding Joy in Childhood's Messy Years,N/A,Parenting,2,£37.35,2026-04-10 14:47:22
Career of Evil (Cormoran Strike #3),N/A,Mystery,2,£24.72,2026-04-10 14:47:23
Breaking Dawn (Twilight #4),N/A,Default,5,£35.28,2026-04-10 14:47:24
Brave Enough,N/A,Nonfiction,5,£51.32,2026-04-10 14:47:25
Boy Meets Boy,N/A,Young Adult,3,£21.12,2026-04-10 14:47:26
"Born to Run: A Hidden Tribe, Superathletes, and the Greatest Race the World Has Never Seen",N/A,Nonfiction,2,£27.35,2026-04-10 14:47:28
Blink: The Power of Thinking Without Thinking,N/A,Nonfiction,5,£21.74,2026-04-10 14:47:29
Black Flags: The Rise of ISIS,N/A,Nonfiction,1,£40.87,2026-04-10 14:47:30
"Black Butler, Vol. 1 (Black Butler #1)",N/A,Sequential Art,1,£49.31,2026-04-10 14:47:31
Big Little Lies,N/A,Fiction,1,£22.11,2026-04-10 14:47:33
Between Shades of Gray,N/A,Historical Fiction,5,£20.79,2026-04-10 14:47:34
Best of My Love (Fool's Gold #20),N/A,Romance,2,£27.41,2026-04-10 14:47:35
Beowulf,N/A,Classics,2,£38.35,2026-04-10 14:47:36
Beautiful Creatures (Caster Chronicles #1),N/A,Default,5,£21.55,2026-04-10 14:47:37
Awkward,N/A,Sequential Art,2,£38.02,2026-04-10 14:47:39
Ash,N/A,Fantasy,4,£22.06,2026-04-10 14:47:40
Are We There Yet?,N/A,Childrens,3,£10.66,2026-04-10 14:47:41
Are We Smart Enough to Know How Smart Animals Are?,N/A,Nonfiction,1,£56.58,2026-04-10 14:47:42
Annie on My Mind,N/A,Young Adult,5,£36.83,2026-04-10 14:47:43
And Then There Were None,N/A,Classics,2,£35.01,2026-04-10 14:47:45
A Walk in the Woods: Rediscovering America on the Appalachian Trail,N/A,Nonfiction,4,£30.48,2026-04-10 14:47:46
A Visit from the Goon Squad,N/A,Default,5,£14.08,2026-04-10 14:47:47
A Storm of Swords (A Song of Ice and Fire #3),N/A,Fantasy,2,£31.22,2026-04-10 14:47:48
A Heartbreaking Work of Staggering Genius,N/A,Autobiography,5,£54.29,2026-04-10 14:47:50
8 Keys to Mental Health Through Exercise,N/A,Psychology,1,£31.04,2026-04-10 14:47:51
#GIRLBOSS,N/A,Add a comment,1,£50.96,2026-04-10 14:47:52
"The Suffragettes (Little Black Classics, #96)",N/A,Nonfiction,2,£11.89,2026-04-10 14:47:53
The Sense of an Ending,N/A,Add a comment,3,£31.38,2026-04-10 14:47:55
"The Sandman, Vol. 2: The Doll's House (The Sandman (volumes) #2)",N/A,Sequential Art,1,£54.81,2026-04-10 14:47:56
The Course of Love,N/A,Fiction,3,£16.78,2026-04-10 14:47:57
Sugar Rush (Offensive Line #2),N/A,Sports and Games,1,£24.42,2026-04-10 14:47:58
"Saga, Volume 2 (Saga (Collected Editions) #2)",N/A,Sequential Art,3,£11.75,2026-04-10 14:47:59
"Run, Spot, Run: The Ethics of Keeping Pets",N/A,Philosophy,1,£20.02,2026-04-10 14:48:00
New Moon (Twilight #2),N/A,Young Adult,4,£12.86,2026-04-10 14:48:01
Life,N/A,Music,5,£31.58,2026-04-10 14:48:03
Kindle Paperwhite User's Guide,N/A,Nonfiction,3,£34.00,2026-04-10 14:48:04
H is for Hawk,N/A,Nonfiction,5,£57.42,2026-04-10 14:48:05
Girl Online On Tour (Girl Online #2),N/A,Young Adult,1,£53.47,2026-04-10 14:48:06
"Fruits Basket, Vol. 2 (Fruits Basket #2)",N/A,Sequential Art,5,£11.64,2026-04-10 14:48:07
Diary of a Minecraft Zombie Book 1: A Scare of a Dare (An Unofficial Minecraft Book),N/A,Childrens,4,£52.88,2026-04-10 14:48:09
"Y: The Last Man, Vol. 1: Unmanned (Y: The Last Man #1)",N/A,Sequential Art,4,£18.51,2026-04-10 14:48:10
While You Were Mine,N/A,Historical Fiction,5,£41.32,2026-04-10 14:48:11
Where Lightning Strikes (Bleeding Stars #3),N/A,Romance,3,£39.77,2026-04-10 14:48:12
When I'm Gone,N/A,Fiction,3,£51.96,2026-04-10 14:48:13
Ways of Seeing,N/A,Art,5,£39.51,2026-04-10 14:48:15
"Vampire Knight, Vol. 1 (Vampire Knight #1)",N/A,Paranormal,1,£15.40,2026-04-10 14:48:16
Vampire Girl (Vampire Girl #1),N/A,Fantasy,2,£53.82,2026-04-10 14:48:17
Twenty Love Poems and a Song of Despair,N/A,Poetry,4,£30.95,2026-04-10 14:48:18
Travels with Charley: In Search of America,N/A,Nonfiction,5,£57.82,2026-04-10 14:48:19
Three Wishes (River of Time: California #1),N/A,Science Fiction,2,£44.18,2026-04-10 14:48:21
This One Moment (Pushing Limits #1),N/A,Romance,1,£48.71,2026-04-10 14:48:22
The Zombie Room,N/A,Default,5,£19.69,2026-04-10 14:48:23
"The Wicked + The Divine, Vol. 1: The Faust Act (The Wicked + The Divine)",N/A,Sequential Art,2,£36.52,2026-04-10 14:48:24
The Tumor,N/A,Nonfiction,5,£41.56,2026-04-10 14:48:25
The Story of Hong Gildong,N/A,Classics,4,£43.19,2026-04-10 14:48:27
The Silent Wife,N/A,Fiction,5,£12.34,2026-04-10 14:48:28
The Silent Twin (Detective Jennifer Knight #3),N/A,Fantasy,3,£36.25,2026-04-10 14:48:29
The Selfish Gene,N/A,Science,1,£29.45,2026-04-10 14:48:30
The Secret Healer,N/A,Historical Fiction,3,£34.56,2026-04-10 14:48:31
"The Sandman, Vol. 1: Preludes and Nocturnes (The Sandman (volumes) #1)",N/A,Sequential Art,3,£54.12,2026-04-10 14:48:32
The Republic,N/A,Add a comment,3,£33.78,2026-04-10 14:48:33
The Odyssey,N/A,Add a comment,3,£29.64,2026-04-10 14:48:35
The No. 1 Ladies' Detective Agency (No. 1 Ladies' Detective Agency #1),N/A,Mystery,4,£57.70,2026-04-10 14:48:36
The Nicomachean Ethics,N/A,Philosophy,1,£36.34,2026-04-10 14:48:37
The Name of the Wind (The Kingkiller Chronicle #1),N/A,Default,3,£50.59,2026-04-10 14:48:38
The Mirror & the Maze (The Wrath and the Dawn #1.5),N/A,Fantasy,1,£29.38,2026-04-10 14:48:39
The Little Prince,N/A,Classics,2,£45.42,2026-04-10 14:48:41
The Light of the Fireflies,N/A,Add a comment,1,£54.43,2026-04-10 14:48:42
The Last Girl (The Dominion Trilogy #1),N/A,Science Fiction,2,£36.26,2026-04-10 14:48:43
The Iliad,N/A,Add a comment,1,£16.16,2026-04-10 14:48:44
The Hook Up (Game On #1),N/A,New Adult,5,£36.29,2026-04-10 14:48:45
The Haters,N/A,Young Adult,5,£27.89,2026-04-10 14:48:47
The Girl You Lost,N/A,Mystery,5,£12.29,2026-04-10 14:48:48
The Girl In The Ice (DCI Erika Foster #1),N/A,Mystery,3,£15.85,2026-04-10 14:48:49
The End of the Jesus Era (An Investigation #1),N/A,Nonfiction,1,£14.40,2026-04-10 14:48:50
The Edge of Reason (Bridget Jones #2),N/A,Womens Fiction,4,£19.18,2026-04-10 14:48:51
The Complete Maus (Maus #1-2),N/A,Sequential Art,3,£10.64,2026-04-10 14:48:52
The Communist Manifesto,N/A,Add a comment,3,£14.76,2026-04-10 14:48:54
The Bhagavad Gita,N/A,Religion,3,£57.49,2026-04-10 14:48:55
The Bette Davis Club,N/A,Fiction,3,£30.66,2026-04-10 14:48:56
The Art of Not Breathing,N/A,Young Adult,4,£40.83,2026-04-10 14:48:57
Taking Shots (Assassins #1),N/A,Default,2,£18.88,2026-04-10 14:48:58
Starlark,N/A,Historical Fiction,3,£25.83,2026-04-10 14:49:00
"Skip Beat!, Vol. 01 (Skip Beat! #1)",N/A,Sequential Art,3,£42.12,2026-04-10 14:49:01
Sister Sable (The Mad Queen #1),N/A,Fantasy,3,£13.33,2026-04-10 14:49:02
Shatter Me (Shatter Me #1),N/A,Default,1,£42.40,2026-04-10 14:49:04
Shameless,N/A,New Adult,3,£58.35,2026-04-10 14:49:05
Shadow Rites (Jane Yellowrock #10),N/A,Fantasy,4,£21.72,2026-04-10 14:49:06
Settling the Score (The Summer Games #1),N/A,Sports and Games,2,£44.91,2026-04-10 14:49:08
Sense and Sensibility,N/A,Classics,1,£37.46,2026-04-10 14:49:09
"Saga, Volume 1 (Saga (Collected Editions) #1)",N/A,Sequential Art,1,£28.48,2026-04-10 14:49:10
"Rhythm, Chord & Malykhin",N/A,Romance,2,£28.34,2026-04-10 14:49:12
"Rat Queens, Vol. 1: Sass & Sorcery (Rat Queens (Collected Editions) #1-5)",N/A,Sequential Art,5,£46.96,2026-04-10 14:49:13
Paradise Lost (Paradise #1),N/A,Default,1,£24.96,2026-04-10 14:49:15
"Paper Girls, Vol. 1 (Paper Girls #1-5)",N/A,Sequential Art,4,£21.71,2026-04-10 14:49:16
"Ouran High School Host Club, Vol. 1 (Ouran High School Host Club #1)",N/A,Sequential Art,3,£29.87,2026-04-10 14:49:17
Origins (Alphas 0.5),N/A,Fantasy,1,£28.99,2026-04-10 14:49:18
One Second (Seven #7),N/A,Fantasy,2,£52.94,2026-04-10 14:49:20
On the Road (Duluoz Legend),N/A,Default,3,£32.36,2026-04-10 14:49:21
Old Records Never Die: One Man's Quest for His Vinyl and His Past,N/A,Music,2,£55.66,2026-04-10 14:49:24
Off Sides (Off #1),N/A,New Adult,5,£39.45,2026-04-10 14:49:25
Of Mice and Men,N/A,Classics,2,£47.11,2026-04-10 14:49:28
Myriad (Prentor #1),N/A,Fantasy,4,£58.75,2026-04-10 14:49:29
My Perfect Mistake (Over the Top #1),N/A,Romance,2,£38.92,2026-04-10 14:49:30
"Ms. Marvel, Vol. 1: No Normal (Ms. Marvel (2014-2015) #1)",N/A,Sequential Art,4,£39.39,2026-04-10 14:49:31
Meditations,N/A,Philosophy,2,£25.89,2026-04-10 14:49:33
Matilda,N/A,Childrens,1,£28.34,2026-04-10 14:49:34
Lost Among the Living,N/A,Historical Fiction,4,£27.70,2026-04-10 14:49:35
Lord of the Flies,N/A,Add a comment,3,£24.89,2026-04-10 14:49:36
Listen to Me (Fusion #1),N/A,Romance,3,£58.99,2026-04-10 14:49:37
Kitchens of the Great Midwest,N/A,Fiction,5,£57.20,2026-04-10 14:49:38
Jane Eyre,N/A,Default,5,£38.43,2026-04-10 14:49:40
Imperfect Harmony,N/A,Romance,4,£34.74,2026-04-10 14:49:41
Icing (Aces Hockey #2),N/A,Sports and Games,4,£40.44,2026-04-10 14:49:42
"Hawkeye, Vol. 1: My Life as a Weapon (Hawkeye #1)",N/A,Sequential Art,3,£45.24,2026-04-10 14:49:43
Having the Barbarian's Baby (Ice Planet Barbarians #7.5),N/A,Science Fiction,4,£34.96,2026-04-10 14:49:45
"Giant Days, Vol. 1 (Giant Days #1-4)",N/A,Sequential Art,4,£56.76,2026-04-10 14:49:46
"Fruits Basket, Vol. 1 (Fruits Basket #1)",N/A,Sequential Art,5,£40.28,2026-04-10 14:49:47
Frankenstein,N/A,Default,2,£38.00,2026-04-10 14:49:48
Forever Rockers (The Rocker #12),N/A,Music,3,£28.80,2026-04-10 14:49:49
Fighting Fate (Fighting #6),N/A,Romance,3,£39.24,2026-04-10 14:49:50
Emma,N/A,Classics,2,£32.93,2026-04-10 14:49:52
"Eat, Pray, Love",N/A,Nonfiction,3,£51.32,2026-04-10 14:49:53
Deep Under (Walker Security #1),N/A,Romance,5,£47.09,2026-04-10 14:49:54
Choosing Our Religion: The Spiritual Lives of America's Nones,N/A,Religion,4,£28.42,2026-04-10 14:49:55
Charlie and the Chocolate Factory (Charlie Bucket #1),N/A,Childrens,3,£22.85,2026-04-10 14:49:57
Charity's Cross (Charles Towne Belles #4),N/A,Romance,1,£41.24,2026-04-10 14:49:58
Bright Lines,N/A,Fiction,5,£39.07,2026-04-10 14:49:59
Bridget Jones's Diary (Bridget Jones #1),N/A,Womens Fiction,1,£29.82,2026-04-10 14:50:00
Bounty (Colorado Mountain #7),N/A,Romance,4,£37.26,2026-04-10 14:50:01
Blood Defense (Samantha Brinkman #1),N/A,Mystery,3,£20.30,2026-04-10 14:50:02
"Bleach, Vol. 1: Strawberry and the Soul Reapers (Bleach #1)",N/A,Sequential Art,5,£34.65,2026-04-10 14:50:04
Beyond Good and Evil,N/A,Philosophy,1,£43.38,2026-04-10 14:50:05
Alice in Wonderland (Alice's Adventures in Wonderland #1),N/A,Classics,1,£55.53,2026-04-10 14:50:06
"Ajin: Demi-Human, Volume 1 (Ajin: Demi-Human #1)",N/A,Sequential Art,4,£57.06,2026-04-10 14:50:07
A Spy's Devotion (The Regency Spies of London #1),N/A,Historical Fiction,5,£16.97,2026-04-10 14:50:09
1st to Die (Women's Murder Club #1),N/A,Mystery,1,£53.98,2026-04-10 14:50:10
"1,000 Places to See Before You Die",N/A,Travel,5,£26.08,2026-04-10 14:50:11
A Light in the Attic,N/A,Poetry,3,£51.77,2026-04-11 10:45:49
Tipping the Velvet,N/A,Historical Fiction,1,£53.74,2026-04-11 10:45:50
Soumission,N/A,Fiction,1,£50.10,2026-04-11 10:45:52
Sharp Objects,N/A,Mystery,4,£47.82,2026-04-11 10:45:53
Sapiens: A Brief History of Humankind,N/A,History,5,£54.23,2026-04-11 10:45:54
The Requiem Red,N/A,Young Adult,1,£22.65,2026-04-11 10:45:55
The Dirty Little Secrets of Getting Your Dream Job,N/A,Business,4,£33.34,2026-04-11 10:45:57
"The Coming Woman: A Novel Based on the Life of the Infamous Feminist, Victoria Woodhull",N/A,Default,3,£17.93,2026-04-11 10:45:58
The Boys in the Boat: Nine Americans and Their Epic Quest for Gold at the 1936 Berlin Olympics,N/A,Default,4,£22.60,2026-04-11 10:45:59
The Black Maria,N/A,Poetry,1,£52.15,2026-04-11 10:46:01
"Starving Hearts (Triangular Trade Trilogy, #1)",N/A,Default,2,£13.99,2026-04-11 10:46:02
Shakespeare's Sonnets,N/A,Poetry,4,£20.66,2026-04-11 10:46:03
Set Me Free,N/A,Young Adult,5,£17.46,2026-04-11 10:46:04
Scott Pilgrim's Precious Little Life (Scott Pilgrim #1),N/A,Sequential Art,5,£52.29,2026-04-11 10:46:06
Rip it Up and Start Again,N/A,Music,5,£35.02,2026-04-11 10:46:07
"Our Band Could Be Your Life: Scenes from the American Indie Underground, 1981-1991",N/A,Music,3,£57.25,2026-04-11 10:46:08
Olio,N/A,Poetry,1,£23.88,2026-04-11 10:46:09
Mesaerion: The Best Science Fiction Stories 1800-1849,N/A,Science Fiction,1,£37.59,2026-04-11 10:46:10
Libertarianism for Beginners,N/A,Politics,2,£51.33,2026-04-11 10:46:12
It's Only the Himalayas,N/A,Travel,2,£45.17,2026-04-11 10:46:13
In Her Wake,N/A,Thriller,1,£12.84,2026-04-11 10:46:14
How Music Works,N/A,Music,2,£37.32,2026-04-11 10:46:16
"Foolproof Preserving: A Guide to Small Batch Jams, Jellies, Pickles, Condiments, and More: A Foolproof Guide to Making Small Batch Jams, Jellies, Pickles, Condiments, and More",N/A,Food and Drink,3,£30.52,2026-04-11 10:46:17
Chase Me (Paris Nights #2),N/A,Romance,5,£25.27,2026-04-11 10:46:18
Black Dust,N/A,Romance,5,£34.53,2026-04-11 10:46:19
Birdsong: A Story in Pictures,N/A,Childrens,3,£54.64,2026-04-11 10:46:21
America's Cradle of Quarterbacks: Western Pennsylvania's Football Factory from Johnny Unitas to Joe Montana,N/A,Default,3,£22.50,2026-04-11 10:46:22
Aladdin and His Wonderful Lamp,N/A,Default,3,£53.13,2026-04-11 10:46:23
Worlds Elsewhere: Journeys Around Shakespeare’s Globe,N/A,Nonfiction,5,£40.30,2026-04-11 10:46:25
Wall and Piece,N/A,Art,4,£44.18,2026-04-11 10:46:26
The Four Agreements: A Practical Guide to Personal Freedom,N/A,Spirituality,5,£17.66,2026-04-11 10:46:27
The Five Love Languages: How to Express Heartfelt Commitment to Your Mate,N/A,Nonfiction,3,£31.05,2026-04-11 10:46:28
The Elephant Tree,N/A,Thriller,5,£23.82,2026-04-11 10:46:29
The Bear and the Piano,N/A,Childrens,1,£36.89,2026-04-11 10:46:30
Sophie's World,N/A,Philosophy,5,£15.94,2026-04-11 10:46:32
Penny Maybe,N/A,Default,3,£33.29,2026-04-11 10:46:33
Maude (1883-1993):She Grew Up with the country,N/A,Default,2,£18.02,2026-04-11 10:46:35
"In a Dark, Dark Wood",N/A,Mystery,1,£19.63,2026-04-11 10:46:36
Behind Closed Doors,N/A,Thriller,4,£52.22,2026-04-11 10:46:37
You can't bury them all: Poems,N/A,Poetry,2,£33.63,2026-04-11 10:46:39
Slow States of Collapse: Poems,N/A,Poetry,3,£57.31,2026-04-11 10:46:40
Reasons to Stay Alive,N/A,Nonfiction,2,£26.41,2026-04-11 10:46:41
Private Paris (Private #10),N/A,Fiction,5,£47.61,2026-04-11 10:46:43
#HigherSelfie: Wake Up Your Life. Free Your Soul. Find Your Tribe.,N/A,Nonfiction,5,£23.11,2026-04-11 10:46:45
Without Borders (Wanderlove #1),N/A,New Adult,2,£45.07,2026-04-11 10:46:46
When We Collided,N/A,Contemporary,1,£31.77,2026-04-11 10:46:47
"We Love You, Charlie Freeman",N/A,Fiction,5,£50.27,2026-04-11 10:46:49
Untitled Collection: Sabbath Poems 2014,N/A,Poetry,4,£14.27,2026-04-11 10:46:50
"Unseen City: The Majesty of Pigeons, the Discreet Charm of Snails & Other Wonders of the Urban Wilderness",N/A,Nonfiction,4,£44.18,2026-04-11 10:46:52
Unicorn Tracks,N/A,Fantasy,3,£18.78,2026-04-11 10:46:54
"Unbound: How Eight Technologies Made Us Human, Transformed Society, and Brought Our World to the Brink",N/A,History,1,£25.52,2026-04-11 10:46:55
Tsubasa: WoRLD CHRoNiCLE 2 (Tsubasa WoRLD CHRoNiCLE #2),N/A,Sequential Art,1,£16.28,2026-04-11 10:46:56
Throwing Rocks at the Google Bus: How Growth Became the Enemy of Prosperity,N/A,Nonfiction,3,£31.12,2026-04-11 10:46:58
This One Summer,N/A,Sequential Art,4,£19.49,2026-04-11 10:46:59
Thirst,N/A,Fiction,5,£17.27,2026-04-11 10:47:00
The Torch Is Passed: A Harding Family Story,N/A,Add a comment,1,£19.09,2026-04-11 10:47:01
The Secret of Dreadwillow Carse,N/A,Childrens,1,£56.13,2026-04-11 10:47:03
"The Pioneer Woman Cooks: Dinnertime: Comfort Classics, Freezer Food, 16-Minute Meals, and Other Delicious Ways to Solve Supper!",N/A,Food and Drink,1,£56.41,2026-04-11 10:47:04
The Past Never Ends,N/A,Mystery,4,£56.50,2026-04-11 10:47:06
The Natural History of Us (The Fine Art of Pretending #2),N/A,Young Adult,3,£45.22,2026-04-11 10:47:07
The Nameless City (The Nameless City #1),N/A,Sequential Art,4,£38.16,2026-04-11 10:47:08
The Murder That Never Was (Forensic Instincts #5),N/A,Fiction,3,£54.11,2026-04-11 10:47:10
The Most Perfect Thing: Inside (and Outside) a Bird's Egg,N/A,Science,4,£42.96,2026-04-11 10:47:12
"The Mindfulness and Acceptance Workbook for Anxiety: A Guide to Breaking Free from Anxiety, Phobias, and Worry Using Acceptance and Commitment Therapy",N/A,Add a comment,4,£23.89,2026-04-11 10:47:13
The Life-Changing Magic of Tidying Up: The Japanese Art of Decluttering and Organizing,N/A,Nonfiction,3,£16.77,2026-04-11 10:47:14
"The Inefficiency Assassin: Time Management Tactics for Working Smarter, Not Longer",N/A,Default,5,£20.59,2026-04-11 10:47:16
The Gutsy Girl: Escapades for Your Life of Epic Adventure,N/A,Nonfiction,1,£37.13,2026-04-11 10:47:17
The Electric Pencil: Drawings from Inside State Hospital No. 3,N/A,Nonfiction,1,£56.06,2026-04-11 10:47:19
The Death of Humanity: and the Case for Life,N/A,Philosophy,4,£58.11,2026-04-11 10:47:20
"The Bulletproof Diet: Lose up to a Pound a Day, Reclaim Energy and Focus, Upgrade Your Life",N/A,Health,3,£49.05,2026-04-11 10:47:21
The Art Forger,N/A,Add a comment,3,£40.76,2026-04-11 10:47:22
The Age of Genius: The Seventeenth Century and the Birth of the Modern Mind,N/A,History,1,£19.73,2026-04-11 10:47:24
The Activist's Tao Te Ching: Ancient Advice for a Modern Revolution,N/A,Spirituality,5,£32.24,2026-04-11 10:47:25
Spark Joy: An Illustrated Master Class on the Art of Organizing and Tidying Up,N/A,Nonfiction,4,£41.83,2026-04-11 10:47:27
Soul Reader,N/A,Default,2,£39.58,2026-04-11 10:47:28
Security,N/A,Horror,2,£39.25,2026-04-11 10:47:30
"Saga, Volume 6 (Saga (Collected Editions) #6)",N/A,Fantasy,3,£25.02,2026-04-11 10:47:31
"Saga, Volume 5 (Saga (Collected Editions) #5)",N/A,Sequential Art,2,£51.04,2026-04-11 10:47:32
Reskilling America: Learning to Labor in the Twenty-First Century,N/A,Nonfiction,2,£19.83,2026-04-11 10:47:34
"Rat Queens, Vol. 3: Demons (Rat Queens (Collected Editions) #11-15)",N/A,Sequential Art,3,£50.40,2026-04-11 10:47:35
"Princess Jellyfish 2-in-1 Omnibus, Vol. 01 (Princess Jellyfish 2-in-1 Omnibus #1)",N/A,Sequential Art,5,£13.61,2026-04-11 10:47:37
Princess Between Worlds (Wide-Awake Princess #5),N/A,Fantasy,5,£13.34,2026-04-11 10:47:38
"Pop Gun War, Volume 1: Gift",N/A,Sequential Art,1,£18.97,2026-04-11 10:47:40
"Political Suicide: Missteps, Peccadilloes, Bad Calls, Backroom Hijinx, Sordid Pasts, Rotten Breaks, and Just Plain Dumb Mistakes in the Annals of American Politics",N/A,History,2,£36.28,2026-04-11 10:47:41
Patience,N/A,Sequential Art,3,£10.16,2026-04-11 10:47:42
"Outcast, Vol. 1: A Darkness Surrounds Him (Outcast #1)",N/A,Sequential Art,4,£15.44,2026-04-11 10:47:44
orange: The Complete Collection 1 (orange: The Complete Collection #1),N/A,Sequential Art,1,£48.41,2026-04-11 10:47:45
Online Marketing for Busy Authors: A Step-By-Step Guide,N/A,Self Help,1,£46.35,2026-04-11 10:47:46
On a Midnight Clear,N/A,Add a comment,3,£14.07,2026-04-11 10:47:47
Obsidian (Lux #1),N/A,Young Adult,2,£14.86,2026-04-11 10:47:48
My Paris Kitchen: Recipes and Stories,N/A,Food and Drink,2,£33.37,2026-04-11 10:47:49
Masks and Shadows,N/A,Fantasy,2,£56.40,2026-04-11 10:47:50
"Mama Tried: Traditional Italian Cooking for the Screwed, Crude, Vegan, and Tattooed",N/A,Food and Drink,4,£14.02,2026-04-11 10:47:51
"Lumberjanes, Vol. 2: Friendship to the Max (Lumberjanes #5-8)",N/A,Sequential Art,2,£46.91,2026-04-11 10:47:53
"Lumberjanes, Vol. 1: Beware the Kitten Holy (Lumberjanes #1-4)",N/A,Sequential Art,3,£45.61,2026-04-11 10:47:54
Lumberjanes Vol. 3: A Terrible Plan (Lumberjanes #9-12),N/A,Sequential Art,2,£19.92,2026-04-11 10:47:55
"Layered: Baking, Building, and Styling Spectacular Cakes",N/A,Food and Drink,1,£40.11,2026-04-11 10:47:56
Judo: Seven Steps to Black Belt (an Introductory Guide for Beginners),N/A,Add a comment,2,£53.90,2026-04-11 10:47:57
Join,N/A,Science Fiction,5,£35.67,2026-04-11 10:47:59
In the Country We Love: My Family Divided,N/A,Nonfiction,4,£22.00,2026-04-11 10:48:00
Immunity: How Elie Metchnikoff Changed the Course of Modern Medicine,N/A,Science,5,£57.36,2026-04-11 10:48:01
"I Hate Fairyland, Vol. 1: Madly Ever After (I Hate Fairyland (Compilations) #1-5)",N/A,Sequential Art,2,£29.17,2026-04-11 10:48:02
I am a Hero Omnibus Volume 1,N/A,Sequential Art,3,£54.63,2026-04-11 10:48:03
How to Be Miserable: 40 Strategies You Already Use,N/A,Self Help,1,£46.03,2026-04-11 10:48:04
Her Backup Boyfriend (The Sorensen Family #1),N/A,Romance,1,£33.97,2026-04-11 10:48:05
"Giant Days, Vol. 2 (Giant Days #5-8)",N/A,Sequential Art,2,£22.11,2026-04-11 10:48:07
Forever and Forever: The Courtship of Henry Longfellow and Fanny Appleton,N/A,Historical Fiction,3,£29.69,2026-04-11 10:48:08
First and First (Five Boroughs #3),N/A,Romance,4,£15.97,2026-04-11 10:48:09
Fifty Shades Darker (Fifty Shades #2),N/A,Romance,1,£21.96,2026-04-11 10:48:11
Everydata: The Misinformation Hidden in the Little Data You Consume Every Day,N/A,Nonfiction,2,£54.35,2026-04-11 10:48:12
"Don't Be a Jerk: And Other Practical Advice from Dogen, Japan's Greatest Zen Master",N/A,Religion,2,£37.97,2026-04-11 10:48:13
Danganronpa Volume 1,N/A,Sequential Art,4,£51.99,2026-04-11 10:48:14
Crown of Midnight (Throne of Glass #2),N/A,Fantasy,3,£43.29,2026-04-11 10:48:15
"Codename Baboushka, Volume 1: The Conclave of Death",N/A,Sequential Art,4,£36.72,2026-04-11 10:48:16
Camp Midnight,N/A,Sequential Art,4,£17.08,2026-04-11 10:48:18
Call the Nurse: True Stories of a Country Nurse on a Scottish Isle,N/A,Nonfiction,5,£29.14,2026-04-11 10:48:19
Burning,N/A,Young Adult,3,£28.81,2026-04-11 10:48:20
Bossypants,N/A,Default,2,£49.46,2026-04-11 10:48:21
"Bitch Planet, Vol. 1: Extraordinary Machine (Bitch Planet (Collected Editions))",N/A,Sequential Art,2,£37.92,2026-04-11 10:48:23
"Avatar: The Last Airbender: Smoke and Shadow, Part 3 (Smoke and Shadow #3)",N/A,Fantasy,2,£28.09,2026-04-11 10:48:25
Algorithms to Live By: The Computer Science of Human Decisions,N/A,Nonfiction,1,£30.81,2026-04-11 10:48:26
A World of Flavor: Your Gluten Free Passport,N/A,Default,1,£42.95,2026-04-11 10:48:27
"A Piece of Sky, a Grain of Rice: A Memoir in Four Meditations",N/A,Default,5,£56.76,2026-04-11 10:48:28
A Murder in Time,N/A,Mystery,1,£16.64,2026-04-11 10:48:29
A Flight of Arrows (The Pathfinders #2),N/A,Historical Fiction,5,£55.53,2026-04-11 10:48:31
A Fierce and Subtle Poison,N/A,Young Adult,4,£28.13,2026-04-11 10:48:32
A Court of Thorns and Roses (A Court of Thorns and Roses #1),N/A,Fantasy,1,£52.37,2026-04-11 10:48:33
(Un)Qualified: How God Uses Broken People to Do Big Things,N/A,Christian,5,£54.00,2026-04-11 10:48:34
You Are What You Love: The Spiritual Power of Habit,N/A,Religion,4,£21.87,2026-04-11 10:48:36
"William Shakespeare's Star Wars: Verily, A New Hope (William Shakespeare's Star Wars #4)",N/A,Science Fiction,4,£43.30,2026-04-11 10:48:37
Tuesday Nights in 1980,N/A,Fiction,2,£21.04,2026-04-11 10:48:38
Tracing Numbers on a Train,N/A,Default,3,£41.60,2026-04-11 10:48:40
Throne of Glass (Throne of Glass #1),N/A,Fantasy,3,£35.07,2026-04-11 10:48:42
Thomas Jefferson and the Tripoli Pirates: The Forgotten War That Changed American History,N/A,History,1,£59.64,2026-04-11 10:48:43
Thirteen Reasons Why,N/A,Default,1,£52.72,2026-04-11 10:48:44
The White Cat and the Monk: A Retelling of the Poem “Pangur Bán”,N/A,Childrens,4,£58.08,2026-04-11 10:48:46
The Wedding Dress,N/A,Romance,1,£24.12,2026-04-11 10:48:48
The Vacationers,N/A,Fiction,4,£42.15,2026-04-11 10:48:49
The Third Wave: An Entrepreneur’s Vision of the Future,N/A,Business,5,£12.61,2026-04-11 10:48:51
The Stranger,N/A,Philosophy,4,£17.44,2026-04-11 10:48:53
The Shadow Hero (The Shadow Hero),N/A,Sequential Art,1,£33.14,2026-04-11 10:48:54
The Secret (The Secret #1),N/A,Default,4,£27.37,2026-04-11 10:48:56
The Regional Office Is Under Attack!,N/A,Fiction,5,£51.36,2026-04-11 10:48:57
The Psychopath Test: A Journey Through the Madness Industry,N/A,Default,2,£36.00,2026-04-11 10:48:58
The Project,N/A,Science Fiction,1,£10.65,2026-04-11 10:49:00
The Power of Now: A Guide to Spiritual Enlightenment,N/A,Nonfiction,2,£43.54,2026-04-11 10:49:01
The Omnivore's Dilemma: A Natural History of Four Meals,N/A,Nonfiction,2,£38.21,2026-04-11 10:49:02
The Nerdy Nummies Cookbook: Sweet Treats for the Geek in All of Us,N/A,Food and Drink,5,£37.34,2026-04-11 10:49:04
The Murder of Roger Ackroyd (Hercule Poirot #4),N/A,Mystery,4,£44.10,2026-04-11 10:49:05
The Mistake (Off-Campus #2),N/A,New Adult,3,£43.29,2026-04-11 10:49:06
The Matchmaker's Playbook (Wingmen Inc. #1),N/A,New Adult,1,£55.85,2026-04-11 10:49:08
The Love and Lemons Cookbook: An Apple-to-Zucchini Celebration of Impromptu Cooking,N/A,Food and Drink,2,£37.60,2026-04-11 10:49:09
The Long Shadow of Small Ghosts: Murder and Memory in an American City,N/A,Crime,1,£10.97,2026-04-11 10:49:11
The Kite Runner,N/A,Default,4,£41.82,2026-04-11 10:49:12
The House by the Lake,N/A,Historical Fiction,1,£36.95,2026-04-11 10:49:14
The Glittering Court (The Glittering Court #1),N/A,Fantasy,1,£44.28,2026-04-11 10:49:16
The Girl on the Train,N/A,Default,2,£55.02,2026-04-11 10:49:17
The Genius of Birds,N/A,Nonfiction,1,£17.24,2026-04-11 10:49:18
The Emerald Mystery,N/A,Default,2,£23.15,2026-04-11 10:49:19
The Cookies & Cups Cookbook: 125+ sweet & savory recipes reminding you to Always Eat Dessert First,N/A,Food and Drink,1,£41.25,2026-04-11 10:49:21
The Bridge to Consciousness: I'm Writing the Bridge Between Science and Our Old and New Beliefs.,N/A,Default,3,£32.00,2026-04-11 10:49:22
The Artist's Way: A Spiritual Path to Higher Creativity,N/A,Nonfiction,5,£38.49,2026-04-11 10:49:24
The Art of War,N/A,Default,5,£33.34,2026-04-11 10:49:25
The Argonauts,N/A,Autobiography,2,£10.93,2026-04-11 10:49:26
The 10% Entrepreneur: Live Your Startup Dream Without Quitting Your Day Job,N/A,Business,3,£27.55,2026-04-11 10:49:28
Suddenly in Love (Lake Haven #1),N/A,Romance,2,£55.99,2026-04-11 10:49:29
Something More Than This,N/A,Romance,4,£16.24,2026-04-11 10:49:30
Soft Apocalypse,N/A,Science Fiction,2,£26.12,2026-04-11 10:49:31
So You've Been Publicly Shamed,N/A,Nonfiction,2,£12.23,2026-04-11 10:49:32
Shoe Dog: A Memoir by the Creator of NIKE,N/A,Business,2,£23.99,2026-04-11 10:49:34
"Shobu Samurai, Project Aryoku (#3)",N/A,Add a comment,3,£29.06,2026-04-11 10:49:35
Secrets and Lace (Fatal Hearts #1),N/A,Default,1,£20.27,2026-04-11 10:49:36
Scarlett Epstein Hates It Here,N/A,Young Adult,5,£43.55,2026-04-11 10:49:37
Romero and Juliet: A Tragic Tale of Love and Zombies,N/A,Default,1,£36.94,2026-04-11 10:49:39
Redeeming Love,N/A,Christian Fiction,5,£20.47,2026-04-11 10:49:40
Poses for Artists Volume 1 - Dynamic and Sitting Poses: An Essential Reference for Figure Drawing and the Human Form,N/A,Default,1,£41.06,2026-04-11 10:49:41
Poems That Make Grown Women Cry,N/A,Poetry,4,£14.19,2026-04-11 10:49:42
"Nightingale, Sing",N/A,Young Adult,1,£38.28,2026-04-11 10:49:44
Night Sky with Exit Wounds,N/A,Poetry,1,£41.05,2026-04-11 10:49:45
Mrs. Houdini,N/A,Historical Fiction,5,£30.25,2026-04-11 10:49:46
Modern Romance,N/A,Add a comment,5,£28.26,2026-04-11 10:49:47
Miss Peregrine’s Home for Peculiar Children (Miss Peregrine’s Peculiar Children #1),N/A,Default,1,£10.76,2026-04-11 10:49:49
Louisa: The Extraordinary Life of Mrs. Adams,N/A,Biography,2,£16.85,2026-04-11 10:49:50
Little Red,N/A,Childrens,3,£13.47,2026-04-11 10:49:51
Library of Souls (Miss Peregrine’s Peculiar Children #3),N/A,Young Adult,5,£48.56,2026-04-11 10:49:53
Large Print Heart of the Pride,N/A,Default,2,£19.15,2026-04-11 10:49:54
I Had a Nice Time And Other Lies...: How to find love & sh*t like that,N/A,Womens Fiction,4,£57.36,2026-04-11 10:49:55
Hollow City (Miss Peregrine’s Peculiar Children #2),N/A,Fantasy,1,£42.98,2026-04-11 10:49:57
Grumbles,N/A,Default,2,£22.16,2026-04-11 10:49:59
Full Moon over Noah’s Ark: An Odyssey to Mount Ararat and Beyond,N/A,Travel,4,£49.43,2026-04-11 10:50:00
Frostbite (Vampire Academy #2),N/A,Young Adult,5,£29.99,2026-04-11 10:50:02
Follow You Home,N/A,Horror,1,£21.36,2026-04-11 10:50:03
First Steps for New Christians (Print Edition),N/A,Default,1,£29.00,2026-04-11 10:50:04
Finders Keepers (Bill Hodges Trilogy #2),N/A,Fiction,5,£53.53,2026-04-11 10:50:05
"Fables, Vol. 1: Legends in Exile (Fables #1)",N/A,Sequential Art,4,£41.62,2026-04-11 10:50:07
Eureka Trivia 6.0,N/A,Default,4,£54.59,2026-04-11 10:50:08
Drive: The Surprising Truth About What Motivates Us,N/A,Default,4,£34.95,2026-04-11 10:50:10
Done Rubbed Out (Reightman & Bailey #1),N/A,Default,5,£37.72,2026-04-11 10:50:11
Doing It Over (Most Likely To #1),N/A,Romance,3,£35.61,2026-04-11 10:50:13
"Deliciously Ella Every Day: Quick and Easy Recipes for Gluten-Free Snacks, Packed Lunches, and Simple Meals",N/A,Food and Drink,3,£42.16,2026-04-11 10:50:14
Dark Notes,N/A,Erotica,5,£19.19,2026-04-11 10:50:16
"Daring Greatly: How the Courage to Be Vulnerable Transforms the Way We Live, Love, Parent, and Lead",N/A,Nonfiction,3,£19.43,2026-04-11 10:50:17
Close to You,N/A,Christian Fiction,4,£49.46,2026-04-11 10:50:18
Chasing Heaven: What Dying Taught Me About Living,N/A,Spirituality,2,£37.80,2026-04-11 10:50:19
Big Magic: Creative Living Beyond Fear,N/A,Nonfiction,3,£30.80,2026-04-11 10:50:21
Becoming Wise: An Inquiry into the Mystery and Art of Living,N/A,Nonfiction,2,£27.43,2026-04-11 10:50:23
Beauty Restored (Riley Family Legacy Novellas #3),N/A,Default,2,£11.11,2026-04-11 10:50:24
Batman: The Long Halloween (Batman),N/A,Sequential Art,2,£36.50,2026-04-11 10:50:25
Batman: The Dark Knight Returns (Batman),N/A,Sequential Art,5,£15.38,2026-04-11 10:50:27
Ayumi's Violin,N/A,Default,2,£15.48,2026-04-11 10:50:28
Anonymous,N/A,Default,4,£46.82,2026-04-11 10:50:29
Amy Meets the Saints and Sages,N/A,Default,3,£18.46,2026-04-11 10:50:31
Amid the Chaos,N/A,Cultural,1,£36.58,2026-04-11 10:50:33
Amatus,N/A,Default,5,£50.54,2026-04-11 10:50:34
Agnostic: A Spirited Manifesto,N/A,Nonfiction,5,£12.51,2026-04-11 10:50:35
Zealot: The Life and Times of Jesus of Nazareth,N/A,History,3,£24.70,2026-04-11 10:50:37
You (You #1),N/A,Thriller,5,£43.61,2026-04-11 10:50:38
"Wonder Woman: Earth One, Volume One (Wonder Woman: Earth One #1)",N/A,Sequential Art,4,£37.34,2026-04-11 10:50:40
Wild Swans,N/A,Young Adult,2,£14.36,2026-04-11 10:50:41
Why the Right Went Wrong: Conservatism--From Goldwater to the Tea Party and Beyond,N/A,Politics,4,£52.65,2026-04-11 10:50:43
Whole Lotta Creativity Going On: 60 Fun and Unusual Exercises to Awaken and Strengthen Your Creativity,N/A,Nonfiction,4,£38.20,2026-04-11 10:50:44
What's It Like in Space?: Stories from Astronauts Who've Been There,N/A,Nonfiction,2,£19.60,2026-04-11 10:50:46
"We Are Robin, Vol. 1: The Vigilante Business (We Are Robin #1)",N/A,Sequential Art,1,£53.90,2026-04-11 10:50:47
Walt Disney's Alice in Wonderland,N/A,Childrens,5,£12.96,2026-04-11 10:50:49
V for Vendetta (V for Vendetta Complete),N/A,Default,4,£37.10,2026-04-11 10:50:51
Until Friday Night (The Field Party #1),N/A,Young Adult,2,£46.31,2026-04-11 10:50:52
"Unbroken: A World War II Story of Survival, Resilience, and Redemption",N/A,Default,2,£45.95,2026-04-11 10:50:53
Twenty Yawns,N/A,Childrens,2,£22.08,2026-04-11 10:50:54
Through the Woods,N/A,Sequential Art,2,£25.38,2026-04-11 10:50:56
This Is Where It Ends,N/A,Young Adult,2,£27.12,2026-04-11 10:50:58
The Year of Magical Thinking,N/A,Nonfiction,2,£43.04,2026-04-11 10:50:59
The Wright Brothers,N/A,Default,4,£56.80,2026-04-11 10:51:01
The White Queen (The Cousins' War #1),N/A,Add a comment,5,£25.91,2026-04-11 10:51:02
The Wedding Pact (The O'Malleys #2),N/A,Romance,3,£32.61,2026-04-11 10:51:04
The Time Keeper,N/A,Fiction,5,£27.88,2026-04-11 10:51:05
The Testament of Mary,N/A,Fiction,4,£52.67,2026-04-11 10:51:07
The Star-Touched Queen,N/A,Fantasy,5,£46.02,2026-04-11 10:51:08
The Songs of the Gods,N/A,Default,5,£44.48,2026-04-11 10:51:10
The Song of Achilles,N/A,Add a comment,5,£37.40,2026-04-11 10:51:11
The Rosie Project (Don Tillman #1),N/A,Default,1,£54.04,2026-04-11 10:51:12
The Power of Habit: Why We Do What We Do in Life and Business,N/A,Default,3,£16.88,2026-04-11 10:51:14
The Marriage of Opposites,N/A,Historical Fiction,4,£28.08,2026-04-11 10:51:15
The Lucifer Effect: Understanding How Good People Turn Evil,N/A,Psychology,1,£10.40,2026-04-11 10:51:16
The Long Haul (Diary of a Wimpy Kid #9),N/A,Humor,1,£44.07,2026-04-11 10:51:17
The Loney,N/A,Horror,1,£23.40,2026-04-11 10:51:18
The Literature Book (Big Ideas Simply Explained),N/A,Nonfiction,3,£17.43,2026-04-11 10:51:20
The Last Mile (Amos Decker #2),N/A,Mystery,2,£54.21,2026-04-11 10:51:21
The Immortal Life of Henrietta Lacks,N/A,Add a comment,2,£40.67,2026-04-11 10:51:23
The Hidden Oracle (The Trials of Apollo #1),N/A,Fantasy,2,£52.26,2026-04-11 10:51:24
The Help Yourself Cookbook for Kids: 60 Easy Plant-Based Recipes Kids Can Make to Stay Healthy and Save the Earth,N/A,Food and Drink,3,£28.77,2026-04-11 10:51:26
The Guilty (Will Robie #4),N/A,Thriller,2,£13.82,2026-04-11 10:51:27
The First Hostage (J.B. Collins #2),N/A,Fiction,3,£25.85,2026-04-11 10:51:29
The Dovekeepers,N/A,Add a comment,1,£48.78,2026-04-11 10:51:30
The Darkest Lie,N/A,Young Adult,5,£35.35,2026-04-11 10:51:32
The Bane Chronicles (The Bane Chronicles #1-11),N/A,Fantasy,4,£44.73,2026-04-11 10:51:33
The Bad-Ass Librarians of Timbuktu: And Their Race to Save the World’s Most Precious Manuscripts,N/A,Nonfiction,1,£15.77,2026-04-11 10:51:34
The 14th Colony (Cotton Malone #11),N/A,Thriller,1,£39.24,2026-04-11 10:51:36
That Darkness (Gardiner and Renner #1),N/A,Mystery,1,£13.92,2026-04-11 10:51:37
Tastes Like Fear (DI Marnie Rome #3),N/A,Mystery,1,£10.69,2026-04-11 10:51:38
Take Me with You,N/A,Fiction,3,£45.21,2026-04-11 10:51:39
Swell: A Year of Waves,N/A,Nonfiction,1,£45.58,2026-04-11 10:51:41
Superman Vol. 1: Before Truth (Superman by Gene Luen Yang #1),N/A,Sequential Art,5,£11.89,2026-04-11 10:51:42
Still Life with Bread Crumbs,N/A,Fiction,3,£26.41,2026-04-11 10:51:44
Steve Jobs,N/A,Default,5,£39.50,2026-04-11 10:51:46
Sorting the Beef from the Bull: The Science of Food Fraud Forensics,N/A,Science,4,£44.74,2026-04-11 10:51:47
Someone Like You (The Harrisons #2),N/A,Contemporary,5,£52.79,2026-04-11 10:51:48
"So Cute It Hurts!!, Vol. 6 (So Cute It Hurts!! #6)",N/A,Sequential Art,4,£35.43,2026-04-11 10:51:50
Shtum,N/A,Fiction,4,£55.84,2026-04-11 10:51:51
See America: A Celebration of Our National Parks & Treasured Sites,N/A,Travel,3,£48.87,2026-04-11 10:51:52
salt.,N/A,Poetry,4,£46.78,2026-04-11 10:51:54
Robin War,N/A,Sequential Art,3,£47.82,2026-04-11 10:51:55
"Red Hood/Arsenal, Vol. 1: Open for Business (Red Hood/Arsenal #1)",N/A,Sequential Art,2,£25.48,2026-04-11 10:51:57
Rain Fish,N/A,Childrens,3,£23.57,2026-04-11 10:51:58
"Quarter Life Poetry: Poems for the Young, Broke and Hangry",N/A,Poetry,5,£50.89,2026-04-11 10:52:00
Pet Sematary,N/A,Horror,3,£10.56,2026-04-11 10:52:01
"Overload: How to Unplug, Unwind, and Unleash Yourself from the Pressure of Stress",N/A,Self Help,3,£52.15,2026-04-11 10:52:02
Once Was a Time,N/A,Childrens,2,£18.28,2026-04-11 10:52:03
Old School (Diary of a Wimpy Kid #10),N/A,Humor,5,£11.83,2026-04-11 10:52:05
No Dream Is Too High: Life Lessons From a Man Who Walked on the Moon,N/A,Nonfiction,2,£21.95,2026-04-11 10:52:06
"Naruto (3-in-1 Edition), Vol. 14: Includes Vols. 40, 41 & 42 (Naruto: Omnibus #14)",N/A,Sequential Art,2,£38.39,2026-04-11 10:52:07
My Name Is Lucy Barton,N/A,Fiction,1,£41.56,2026-04-11 10:52:09
My Mrs. Brown,N/A,Fiction,3,£24.48,2026-04-11 10:52:11
My Kind of Crazy,N/A,Young Adult,1,£40.36,2026-04-11 10:52:12
Mr. Mercedes (Bill Hodges Trilogy #1),N/A,Fiction,1,£28.90,2026-04-11 10:52:14
More Than Music (Chasing the Dream #1),N/A,Add a comment,2,£37.61,2026-04-11 10:52:15
Made to Stick: Why Some Ideas Survive and Others Die,N/A,Business,5,£38.85,2026-04-11 10:52:17
Luis Paints the World,N/A,Childrens,3,£53.95,2026-04-11 10:52:18
Luckiest Girl Alive,N/A,Default,3,£49.83,2026-04-11 10:52:19
Lowriders to the Center of the Earth (Lowriders in Space #2),N/A,Sequential Art,2,£51.51,2026-04-11 10:52:21
Love Is a Mix Tape (Music #1),N/A,Music,1,£18.03,2026-04-11 10:52:22
Looking for Lovely: Collecting the Moments that Matter,N/A,Nonfiction,5,£29.14,2026-04-11 10:52:23
"Living Leadership by Insight: A Good Leader Achieves, a Great Leader Builds Monuments",N/A,Default,4,£46.91,2026-04-11 10:52:24
Let It Out: A Journey Through Journaling,N/A,Nonfiction,5,£26.79,2026-04-11 10:52:26
Lady Midnight (The Dark Artifices #1),N/A,Default,5,£16.28,2026-04-11 10:52:27
"It's All Easy: Healthy, Delicious Weeknight Meals in under 30 Minutes",N/A,Food and Drink,1,£19.55,2026-04-11 10:52:29
Island of Dragons (Unwanteds #7),N/A,Fantasy,1,£29.65,2026-04-11 10:52:30
I Know What I'm Doing -- and Other Lies I Tell Myself: Dispatches from a Life Under Construction,N/A,Humor,4,£25.98,2026-04-11 10:52:32
I Am Pilgrim (Pilgrim #1),N/A,Fiction,4,£10.60,2026-04-11 10:52:33
"Hyperbole and a Half: Unfortunate Situations, Flawed Coping Mechanisms, Mayhem, and Other Things That Happened",N/A,Humor,5,£14.75,2026-04-11 10:52:34
"Hush, Hush (Hush, Hush #1)",N/A,Default,3,£47.02,2026-04-11 10:52:35
Hold Your Breath (Search and Rescue #1),N/A,Romance,1,£28.82,2026-04-11 10:52:37
Hamilton: The Revolution,N/A,Nonfiction,3,£58.79,2026-04-11 10:52:38
Greek Mythic History,N/A,Default,5,£10.23,2026-04-11 10:52:40
God: The Most Unpleasant Character in All Fiction,N/A,Religion,5,£30.03,2026-04-11 10:52:41
Glory over Everything: Beyond The Kitchen House,N/A,Historical Fiction,3,£45.84,2026-04-11 10:52:42
Feathers: Displays of Brilliant Plumage,N/A,Art,3,£49.05,2026-04-11 10:52:44
"Far & Away: Places on the Brink of Change: Seven Continents, Twenty-Five Years",N/A,Nonfiction,4,£15.06,2026-04-11 10:52:45
Every Last Word,N/A,Default,3,£46.47,2026-04-11 10:52:46
Eligible (The Austen Project #4),N/A,Fiction,3,£27.09,2026-04-11 10:52:48
El Deafo,N/A,Sequential Art,5,£57.62,2026-04-11 10:52:49
Eight Hundred Grapes,N/A,Fiction,4,£14.39,2026-04-11 10:52:50
"Eaternity: More than 150 Deliciously Easy Vegan Recipes for a Long, Healthy, Satisfied, Joyful Life",N/A,Nonfiction,5,£51.75,2026-04-11 10:52:51
"Eat Fat, Get Thin",N/A,Health,2,£54.07,2026-04-11 10:52:53
Don't Get Caught,N/A,Young Adult,1,£55.35,2026-04-11 10:52:54
Doctor Sleep (The Shining #2),N/A,Horror,2,£40.12,2026-04-11 10:52:56
Demigods & Magicians: Percy and Annabeth Meet the Kanes (Percy Jackson & Kane Chronicles Crossover #1-3),N/A,Fantasy,5,£37.51,2026-04-11 10:52:57
Dear Mr. Knightley,N/A,Fiction,5,£11.21,2026-04-11 10:52:59
Daily Fantasy Sports,N/A,Default,1,£36.58,2026-04-11 10:53:00
Crazy Love: Overwhelmed by a Relentless God,N/A,Christian,2,£47.72,2026-04-11 10:53:01
Cometh the Hour (The Clifton Chronicles #6),N/A,Fiction,3,£25.01,2026-04-11 10:53:03
Code Name Verity (Code Name Verity #1),N/A,Add a comment,4,£22.13,2026-04-11 10:53:04
Clockwork Angel (The Infernal Devices #1),N/A,Default,1,£44.14,2026-04-11 10:53:06
City of Glass (The Mortal Instruments #3),N/A,Fantasy,4,£56.02,2026-04-11 10:53:07
City of Fallen Angels (The Mortal Instruments #4),N/A,Default,4,£11.23,2026-04-11 10:53:09
City of Bones (The Mortal Instruments #1),N/A,Default,1,£43.28,2026-04-11 10:53:10
City of Ashes (The Mortal Instruments #2),N/A,Default,1,£47.27,2026-04-11 10:53:11
Cell,N/A,Add a comment,4,£20.29,2026-04-11 10:53:13
Catching Jordan (Hundred Oaks),N/A,Young Adult,3,£50.83,2026-04-11 10:53:14
"Carry On, Warrior: Thoughts on Life Unarmed",N/A,Default,3,£31.85,2026-04-11 10:53:16
Carrie,N/A,Default,2,£46.23,2026-04-11 10:53:17
Buying In: The Secret Dialogue Between What We Buy and Who We Are,N/A,Nonfiction,4,£37.80,2026-04-11 10:53:18
Brain on Fire: My Month of Madness,N/A,Nonfiction,5,£49.32,2026-04-11 10:53:20
Batman: Europa,N/A,Sequential Art,2,£32.01,2026-04-11 10:53:21
Barefoot Contessa Back to Basics,N/A,Food and Drink,1,£28.01,2026-04-11 10:53:23
Barefoot Contessa at Home: Everyday Recipes You'll Make Over and Over Again,N/A,Food and Drink,5,£50.62,2026-04-11 10:53:24
Balloon Animals,N/A,Fiction,3,£17.03,2026-04-11 10:53:26
Art Ops Vol. 1,N/A,Sequential Art,3,£48.80,2026-04-11 10:53:27
Aristotle and Dante Discover the Secrets of the Universe (Aristotle and Dante Discover the Secrets of the Universe #1),N/A,Young Adult,4,£58.14,2026-04-11 10:53:29
Angels Walking (Angels Walking #1),N/A,Add a comment,2,£34.20,2026-04-11 10:53:30
Angels & Demons (Robert Langdon #1),N/A,Default,3,£51.48,2026-04-11 10:53:32
All the Light We Cannot See,N/A,Historical,5,£29.87,2026-04-11 10:53:33
"Adulthood Is a Myth: A ""Sarah's Scribbles"" Collection",N/A,Sequential Art,2,£10.90,2026-04-11 10:53:34
Abstract City,N/A,Nonfiction,5,£56.37,2026-04-11 10:53:35
A Time of Torment (Charlie Parker #14),N/A,Mystery,5,£48.35,2026-04-11 10:53:37
A Study in Scarlet (Sherlock Holmes #1),N/A,Mystery,2,£16.73,2026-04-11 10:53:38
"A Series of Catastrophes and Miracles: A True Story of Love, Science, and Cancer",N/A,Add a comment,2,£56.48,2026-04-11 10:53:40
A People's History of the United States,N/A,Add a comment,2,£40.79,2026-04-11 10:53:42
A Man Called Ove,N/A,Fiction,1,£39.72,2026-04-11 10:53:43
A Distant Mirror: The Calamitous 14th Century,N/A,History,3,£14.58,2026-04-11 10:53:44
A Brush of Wings (Angels Walking #3),N/A,Add a comment,1,£55.51,2026-04-11 10:53:46
1491: New Revelations of the Americas Before Columbus,N/A,History,3,£21.80,2026-04-11 10:53:47
"The Three Searches, Meaning, and the Story",N/A,Default,3,£13.33,2026-04-11 10:53:49
Searching for Meaning in Gailana,N/A,Fantasy,1,£38.73,2026-04-11 10:53:50
Rook,N/A,Add a comment,4,£37.86,2026-04-11 10:53:52
My Kitchen Year: 136 Recipes That Saved My Life,N/A,Food and Drink,2,£11.53,2026-04-11 10:53:53
13 Hours: The Inside Account of What Really Happened In Benghazi,N/A,Nonfiction,1,£27.06,2026-04-11 10:53:55
Will You Won't You Want Me?,N/A,Womens Fiction,3,£13.86,2026-04-11 10:53:56
Tipping Point for Planet Earth: How Close Are We to the Edge?,N/A,Science,1,£37.55,2026-04-11 10:53:58
The Star-Touched Queen,N/A,Fantasy,5,£32.30,2026-04-11 10:53:59
The Silent Sister (Riley MacPherson #1),N/A,Fiction,5,£46.29,2026-04-11 10:54:00
The Midnight Watch: A Novel of the Titanic and the Californian,N/A,Add a comment,1,£26.20,2026-04-11 10:54:02
The Lonely City: Adventures in the Art of Being Alone,N/A,Nonfiction,2,£33.26,2026-04-11 10:54:03
The Gray Rhino: How to Recognize and Act on the Obvious Dangers We Ignore,N/A,Add a comment,4,£59.15,2026-04-11 10:54:04
The Golden Condom: And Other Essays on Love Lost and Found,N/A,Psychology,1,£39.43,2026-04-11 10:54:06
The Epidemic (The Program 0.6),N/A,Young Adult,5,£14.44,2026-04-11 10:54:07
The Dinner Party,N/A,Fiction,2,£56.54,2026-04-11 10:54:08
The Diary of a Young Girl,N/A,Nonfiction,3,£59.90,2026-04-11 10:54:10
The Children,N/A,Add a comment,3,£11.88,2026-04-11 10:54:11
Stars Above (The Lunar Chronicles #4.5),N/A,Young Adult,2,£48.05,2026-04-11 10:54:13
Snatched: How A Drug Queen Went Undercover for the DEA and Was Kidnapped By Colombian Guerillas,N/A,Nonfiction,3,£21.21,2026-04-11 10:54:14
Raspberry Pi Electronics Projects for the Evil Genius,N/A,Default,4,£49.67,2026-04-11 10:54:16
Quench Your Own Thirst: Business Lessons Learned Over a Beer or Two,N/A,Business,1,£43.14,2026-04-11 10:54:17
Psycho: Sanitarium (Psycho #1.5),N/A,Horror,5,£36.97,2026-04-11 10:54:19
Poisonous (Max Revere Novels #3),N/A,Mystery,3,£26.80,2026-04-11 10:54:20
One with You (Crossfire #5),N/A,Add a comment,4,£15.71,2026-04-11 10:54:21
No Love Allowed (Dodge Cove #1),N/A,Young Adult,4,£54.65,2026-04-11 10:54:22
Murder at the 42nd Street Library (Raymond Ambler #1),N/A,Mystery,4,£54.36,2026-04-11 10:54:24
Most Wanted,N/A,Mystery,3,£35.28,2026-04-11 10:54:25
"Love, Lies and Spies",N/A,Historical Fiction,2,£20.55,2026-04-11 10:54:27
How to Speak Golf: An Illustrated Guide to Links Lingo,N/A,Default,5,£58.32,2026-04-11 10:54:28
Hide Away (Eve Duncan #20),N/A,Mystery,1,£11.84,2026-04-11 10:54:29
Furiously Happy: A Funny Book About Horrible Things,N/A,Nonfiction,4,£41.46,2026-04-11 10:54:31
Everyday Italian: 125 Simple and Delicious Recipes,N/A,Food and Drink,5,£20.10,2026-04-11 10:54:32
Equal Is Unfair: America's Misguided Fight Against Income Inequality,N/A,Politics,1,£56.86,2026-04-11 10:54:33
Eleanor & Park,N/A,Default,5,£56.51,2026-04-11 10:54:34
Dirty (Dive Bar #1),N/A,Romance,4,£40.83,2026-04-11 10:54:36
Can You Keep a Secret? (Fear Street Relaunch #4),N/A,Horror,1,£48.64,2026-04-11 10:54:37
Boar Island (Anna Pigeon #19),N/A,Mystery,3,£59.48,2026-04-11 10:54:38
A Paris Apartment,N/A,Historical Fiction,4,£39.01,2026-04-11 10:54:40
"A la Mode: 120 Recipes in 60 Pairings: Pies, Tarts, Cakes, Crisps, and More Topped with Ice Cream, Gelato, Frozen Custard, and More",N/A,Food and Drink,1,£38.77,2026-04-11 10:54:41
Troublemaker: Surviving Hollywood and Scientology,N/A,Default,2,£48.39,2026-04-11 10:54:42
The Widow,N/A,Mystery,2,£27.26,2026-04-11 10:54:43
"The Sleep Revolution: Transforming Your Life, One Night at a Time",N/A,Nonfiction,4,£11.68,2026-04-11 10:54:45
The Improbability of Love,N/A,Fiction,1,£59.45,2026-04-11 10:54:46
The Art of Startup Fundraising,N/A,Business,3,£21.00,2026-04-11 10:54:48
Take Me Home Tonight (Rock Star Romance #3),N/A,Romance,3,£53.98,2026-04-11 10:54:49
Sleeping Giants (Themis Files #1),N/A,Science Fiction,1,£48.74,2026-04-11 10:54:51
"Setting the World on Fire: The Brief, Astonishing Life of St. Catherine of Siena",N/A,Biography,2,£21.15,2026-04-11 10:54:52
Playing with Fire,N/A,Mystery,3,£13.71,2026-04-11 10:54:54
Off the Hook (Fishing for Trouble #1),N/A,Romance,3,£47.67,2026-04-11 10:54:55
Mothering Sunday,N/A,Fiction,2,£13.34,2026-04-11 10:54:57
"Mother, Can You Not?",N/A,Nonfiction,5,£16.89,2026-04-11 10:54:58
M Train,N/A,Autobiography,1,£27.18,2026-04-11 10:55:00
Lilac Girls,N/A,Historical Fiction,2,£17.28,2026-04-11 10:55:01
Lies and Other Acts of Love,N/A,Fiction,1,£45.14,2026-04-11 10:55:02
Lab Girl,N/A,Autobiography,1,£40.85,2026-04-11 10:55:03
Keep Me Posted,N/A,Womens Fiction,4,£20.46,2026-04-11 10:55:05
It Didn't Start with You: How Inherited Family Trauma Shapes Who We Are and How to End the Cycle,N/A,Psychology,3,£56.27,2026-04-11 10:55:06
Grey (Fifty Shades #4),N/A,Womens Fiction,4,£48.49,2026-04-11 10:55:07
"Exit, Pursued by a Bear",N/A,Young Adult,4,£51.34,2026-04-11 10:55:08
Daredevils,N/A,Fiction,3,£16.34,2026-04-11 10:55:10
Cravings: Recipes for What You Want to Eat,N/A,Food and Drink,3,£20.50,2026-04-11 10:55:11
Born for This: How to Find the Work You Were Meant to Do,N/A,Business,5,£21.59,2026-04-11 10:55:13
Arena,N/A,Science Fiction,4,£21.36,2026-04-11 10:55:14
Adultery,N/A,Default,5,£20.88,2026-04-11 10:55:15
A Mother's Reckoning: Living in the Aftermath of Tragedy,N/A,Nonfiction,3,£19.53,2026-04-11 10:55:17
A Gentleman's Position (Society of Gentlemen #3),N/A,Romance,5,£14.75,2026-04-11 10:55:18
11/22/63,N/A,Fiction,3,£48.48,2026-04-11 10:55:19
"10% Happier: How I Tamed the Voice in My Head, Reduced Stress Without Losing My Edge, and Found Self-Help That Actually Works",N/A,Nonfiction,2,£24.57,2026-04-11 10:55:21
10-Day Green Smoothie Cleanse: Lose Up to 15 Pounds in 10 Days!,N/A,Health,5,£49.71,2026-04-11 10:55:23
Without Shame,N/A,Add a comment,5,£48.27,2026-04-11 10:55:24
Watchmen,N/A,Add a comment,4,£58.05,2026-04-11 10:55:26
Unlimited Intuition Now,N/A,Default,4,£58.87,2026-04-11 10:55:27
Underlying Notes,N/A,Default,2,£11.82,2026-04-11 10:55:28
The Shack,N/A,Fiction,1,£28.03,2026-04-11 10:55:29
The New Brand You: Your New Image Makes the Sale for You,N/A,Default,5,£44.05,2026-04-11 10:55:30
"The Moosewood Cookbook: Recipes from Moosewood Restaurant, Ithaca, New York",N/A,Food and Drink,4,£12.34,2026-04-11 10:55:32
The Flowers Lied,N/A,Default,2,£16.68,2026-04-11 10:55:33
"The Fabric of the Cosmos: Space, Time, and the Texture of Reality",N/A,Science,1,£55.91,2026-04-11 10:55:35
The Book of Mormon,N/A,Religion,3,£24.57,2026-04-11 10:55:36
The Art and Science of Low Carbohydrate Living,N/A,Health,5,£52.98,2026-04-11 10:55:37
The Alien Club,N/A,Young Adult,1,£54.40,2026-04-11 10:55:39
Suzie Snowflake: One beautiful flake (a self-esteem story),N/A,Novels,5,£54.81,2026-04-11 10:55:40
Nap-a-Roo,N/A,Childrens,1,£25.08,2026-04-11 10:55:42
"NaNo What Now? Finding your editing process, revising your NaNoWriMo book and building a writing career through publishing and beyond",N/A,Default,4,£10.41,2026-04-11 10:55:43
Modern Day Fables,N/A,Default,2,£47.44,2026-04-11 10:55:45
If I Gave You God's Phone Number....: Searching for Spirituality in America,N/A,Spirituality,1,£20.91,2026-04-11 10:55:46
"Fruits Basket, Vol. 9 (Fruits Basket #9)",N/A,Sequential Art,4,£33.95,2026-04-11 10:55:48
Dress Your Family in Corduroy and Denim,N/A,Humor,3,£43.68,2026-04-11 10:55:49
Don't Forget Steven,N/A,Young Adult,1,£33.23,2026-04-11 10:55:51
Chernobyl 01:23:40: The Incredible True Story of the World's Worst Nuclear Disaster,N/A,Nonfiction,2,£35.92,2026-04-11 10:55:52
Art and Fear: Observations on the Perils (and Rewards) of Artmaking,N/A,Art,4,£48.63,2026-04-11 10:55:53
A Shard of Ice (The Black Symphony Saga #1),N/A,Fantasy,3,£56.63,2026-04-11 10:55:54
A Hero's Curse (The Unseen Chronicles #1),N/A,Add a comment,3,£50.49,2026-04-11 10:55:56
23 Degrees South: A Tropical Tale of Changing Whether...,N/A,Add a comment,2,£35.79,2026-04-11 10:55:57
"Zero to One: Notes on Startups, or How to Build the Future",N/A,Nonfiction,3,£34.06,2026-04-11 10:55:59
Why Not Me?,N/A,Nonfiction,1,£17.76,2026-04-11 10:56:00
When Breath Becomes Air,N/A,Nonfiction,2,£39.36,2026-04-11 10:56:02
Vagabonding: An Uncommon Guide to the Art of Long-Term World Travel,N/A,Travel,2,£36.94,2026-04-11 10:56:03
The Unlikely Pilgrimage of Harold Fry (Harold Fry #1),N/A,Default,5,£43.62,2026-04-11 10:56:05
The New Drawing on the Right Side of the Brain,N/A,Art,3,£43.02,2026-04-11 10:56:06
"The Midnight Assassin: Panic, Scandal, and the Hunt for America's First Serial Killer",N/A,Nonfiction,4,£28.45,2026-04-11 10:56:08
The Martian (The Martian #1),N/A,Default,2,£41.39,2026-04-11 10:56:09
The High Mountains of Portugal,N/A,Fiction,1,£51.15,2026-04-11 10:56:11
The Grownup,N/A,Short Stories,1,£35.88,2026-04-11 10:56:12
The E-Myth Revisited: Why Most Small Businesses Don't Work and What to Do About It,N/A,Business,1,£36.91,2026-04-11 10:56:13
South of Sunshine,N/A,Young Adult,1,£28.93,2026-04-11 10:56:14
Smarter Faster Better: The Secrets of Being Productive in Life and Business,N/A,Nonfiction,5,£38.89,2026-04-11 10:56:16
Silence in the Dark (Logan Point #4),N/A,Suspense,3,£58.33,2026-04-11 10:56:17
Shadows of the Past (Logan Point #1),N/A,Christian Fiction,5,£39.67,2026-04-11 10:56:18
Roller Girl,N/A,Sequential Art,5,£14.10,2026-04-11 10:56:20
Rising Strong,N/A,Nonfiction,3,£21.82,2026-04-11 10:56:21
Proofs of God: Classical Arguments from Tertullian to Barth,N/A,Philosophy,1,£54.21,2026-04-11 10:56:23
Please Kill Me: The Uncensored Oral History of Punk,N/A,Music,4,£31.19,2026-04-11 10:56:24
Out of Print: City Lights Spotlight No. 14,N/A,Poetry,5,£53.64,2026-04-11 10:56:26
My Life Next Door (My Life Next Door ),N/A,Young Adult,5,£36.39,2026-04-11 10:56:27
Miller's Valley,N/A,Fiction,2,£58.54,2026-04-11 10:56:29
Man's Search for Meaning,N/A,Nonfiction,3,£29.48,2026-04-11 10:56:30
"Love That Boy: What Two Presidents, Eight Road Trips, and My Son Taught Me About a Parent's Expectations",N/A,Nonfiction,2,£25.06,2026-04-11 10:56:31
Living Forward: A Proven Plan to Stop Drifting and Get the Life You Want,N/A,Nonfiction,3,£12.55,2026-04-11 10:56:33
Les Fleurs du Mal,N/A,Poetry,5,£29.04,2026-04-11 10:56:34
Left Behind (Left Behind #1),N/A,Default,2,£40.72,2026-04-11 10:56:35
Kill 'Em and Leave: Searching for James Brown and the American Soul,N/A,Music,5,£45.05,2026-04-11 10:56:37
Kierkegaard: A Christian Missionary to Christians,N/A,Philosophy,1,£47.13,2026-04-11 10:56:38
John Vassos: Industrial Design for Modern Life,N/A,Default,4,£20.22,2026-04-11 10:56:39
I'll Give You the Sun,N/A,Default,1,£56.48,2026-04-11 10:56:41
I Will Find You,N/A,Nonfiction,1,£44.21,2026-04-11 10:56:42
Hystopia: A Novel,N/A,Fiction,4,£21.96,2026-04-11 10:56:43
Howl and Other Poems,N/A,Poetry,2,£40.45,2026-04-11 10:56:45
History of Beauty,N/A,Art,4,£10.29,2026-04-11 10:56:46
Heaven is for Real: A Little Boy's Astounding Story of His Trip to Heaven and Back,N/A,Default,2,£52.86,2026-04-11 10:56:48
Future Shock (Future Shock #1),N/A,Young Adult,5,£55.65,2026-04-11 10:56:49
Ender's Game (The Ender Quintet #1),N/A,Default,1,£43.64,2026-04-11 10:56:51
Diary of a Citizen Scientist: Chasing Tiger Beetles and Other New Ways of Engaging the World,N/A,Science,1,£28.41,2026-04-11 10:56:52
Death by Leisure: A Cautionary Tale,N/A,Default,4,£37.51,2026-04-11 10:56:54
Brilliant Beacons: A History of the American Lighthouse,N/A,History,3,£11.45,2026-04-11 10:56:55
Brazen: The Courage to Find the You That's Been Hiding,N/A,Nonfiction,2,£19.22,2026-04-11 10:56:57
Between the World and Me,N/A,Nonfiction,4,£56.91,2026-04-11 10:56:58
Being Mortal: Medicine and What Matters in the End,N/A,Nonfiction,4,£55.06,2026-04-11 10:57:00
"A Murder Over a Girl: Justice, Gender, Junior High",N/A,Nonfiction,3,£13.20,2026-04-11 10:57:01
32 Yolks,N/A,Food and Drink,2,£53.63,2026-04-11 10:57:02
"""Most Blessed of the Patriarchs"": Thomas Jefferson and the Empire of the Imagination",N/A,History,5,£44.48,2026-04-11 10:57:04
You Are a Badass: How to Stop Doubting Your Greatness and Start Living an Awesome Life,N/A,Self Help,3,£12.08,2026-04-11 10:57:05
Wildlife of New York: A Five-Borough Coloring Book,N/A,Default,2,£22.14,2026-04-11 10:57:07
What Happened on Beale Street (Secrets of the South Mysteries #2),N/A,Mystery,5,£25.37,2026-04-11 10:57:08
Unreasonable Hope: Finding Faith in the God Who Brings Purpose to Your Pain,N/A,Spirituality,2,£46.33,2026-04-11 10:57:10
Under the Tuscan Sun,N/A,Travel,3,£37.33,2026-04-11 10:57:11
Toddlers Are A**holes: It's Not Your Fault,N/A,Humor,1,£25.55,2026-04-11 10:57:13
The Year of Living Biblically: One Man's Humble Quest to Follow the Bible as Literally as Possible,N/A,Default,1,£34.72,2026-04-11 10:57:14
The Whale,N/A,Childrens,4,£35.96,2026-04-11 10:57:16
The Story of Art,N/A,Art,4,£41.14,2026-04-11 10:57:17
The Origin of Species,N/A,Science,4,£10.01,2026-04-11 10:57:18
The Great Gatsby,N/A,Default,4,£36.05,2026-04-11 10:57:19
The Good Girl,N/A,Default,3,£49.03,2026-04-11 10:57:21
The Glass Castle,N/A,Add a comment,1,£16.24,2026-04-11 10:57:23
The Faith of Christopher Hitchens: The Restless Soul of the World's Most Notorious Atheist,N/A,Biography,1,£39.55,2026-04-11 10:57:24
The Drowning Girls,N/A,Add a comment,3,£35.67,2026-04-11 10:57:25
The Constant Princess (The Tudor Court #1),N/A,Historical Fiction,3,£16.62,2026-04-11 10:57:26
The Bourne Identity (Jason Bourne #1),N/A,Fiction,4,£42.78,2026-04-11 10:57:28
The Bachelor Girl's Guide to Murder (Herringford and Watts Mysteries #1),N/A,Mystery,5,£52.30,2026-04-11 10:57:29
The Art Book,N/A,Art,2,£32.34,2026-04-11 10:57:31
The 7 Habits of Highly Effective People: Powerful Lessons in Personal Change,N/A,Default,4,£33.17,2026-04-11 10:57:32
Team of Rivals: The Political Genius of Abraham Lincoln,N/A,Add a comment,5,£20.12,2026-04-11 10:57:34
Steal Like an Artist: 10 Things Nobody Told You About Being Creative,N/A,Default,2,£20.90,2026-04-11 10:57:35
"Sit, Stay, Love",N/A,Romance,3,£20.90,2026-04-11 10:57:37
Sister Dear,N/A,Fiction,4,£40.20,2026-04-11 10:57:38
"Shrunken Treasures: Literary Classics, Short, Sweet, and Silly",N/A,Childrens,3,£52.87,2026-04-11 10:57:40
"Rich Dad, Poor Dad",N/A,Business,1,£51.74,2026-04-11 10:57:41
Raymie Nightingale,N/A,Childrens,2,£34.41,2026-04-11 10:57:42
Playing from the Heart,N/A,Childrens,1,£32.38,2026-04-11 10:57:44
Nightstruck: A Novel,N/A,Young Adult,4,£50.35,2026-04-11 10:57:46
"Naturally Lean: 125 Nourishing Gluten-Free, Plant-Based Recipes--All Under 300 Calories",N/A,Food and Drink,5,£11.38,2026-04-11 10:57:47
Meternity,N/A,Womens Fiction,3,£43.58,2026-04-11 10:57:48
Memoirs of a Geisha,N/A,Fiction,3,£49.67,2026-04-11 10:57:49
Like Never Before (Walker Family #2),N/A,Christian Fiction,2,£28.77,2026-04-11 10:57:51
Life of Pi,N/A,Default,4,£13.22,2026-04-11 10:57:52
Leave This Song Behind: Teen Poetry at Its Best,N/A,Poetry,5,£51.17,2026-04-11 10:57:54
King's Folly (The Kinsman Chronicles #1),N/A,Fantasy,5,£39.61,2026-04-11 10:57:55
John Adams,N/A,Add a comment,4,£57.43,2026-04-11 10:57:57
How to Cook Everything Vegetarian: Simple Meatless Recipes for Great Food (How to Cook Everything),N/A,Food and Drink,4,£46.01,2026-04-11 10:57:58
How to Be a Domestic Goddess: Baking and the Art of Comfort Cooking,N/A,Food and Drink,2,£28.25,2026-04-11 10:58:00
Good in Bed (Cannie Shapiro #1),N/A,Add a comment,5,£37.05,2026-04-11 10:58:02
"Fruits Basket, Vol. 7 (Fruits Basket #7)",N/A,Sequential Art,1,£19.57,2026-04-11 10:58:03
For the Love: Fighting for Grace in a World of Impossible Standards,N/A,Nonfiction,3,£45.13,2026-04-11 10:58:05
Finding God in the Ruins: How God Redeems Pain,N/A,Nonfiction,2,£46.64,2026-04-11 10:58:06
Every Heart a Doorway (Every Heart A Doorway #1),N/A,Fantasy,5,£12.16,2026-04-11 10:58:08
Delivering the Truth (Quaker Midwife Mystery #1),N/A,Mystery,4,£20.89,2026-04-11 10:58:09
Counted With the Stars (Out from Egypt #1),N/A,Christian Fiction,5,£17.97,2026-04-11 10:58:10
"Chronicles, Vol. 1",N/A,Music,2,£52.60,2026-04-11 10:58:11
Blue Like Jazz: Nonreligious Thoughts on Christian Spirituality,N/A,Christian,1,£25.77,2026-04-11 10:58:13
Benjamin Franklin: An American Life,N/A,Biography,3,£48.19,2026-04-11 10:58:14
"At The Existentialist Café: Freedom, Being, and apricot cocktails with: Jean-Paul Sartre, Simone de Beauvoir, Albert Camus, Martin Heidegger, Edmund Husserl, Karl Jaspers, Maurice Merleau-Ponty and others",N/A,Philosophy,5,£29.93,2026-04-11 10:58:16
A Summer In Europe,N/A,Travel,2,£44.34,2026-04-11 10:58:18
A Short History of Nearly Everything,N/A,History,5,£52.40,2026-04-11 10:58:19
A Gathering of Shadows (Shades of Magic #2),N/A,Fantasy,4,£44.81,2026-04-11 10:58:21
The Sound Of Love,N/A,Default,5,£57.84,2026-04-11 10:58:22
The Rise and Fall of the Third Reich: A History of Nazi Germany,N/A,History,2,£39.67,2026-04-11 10:58:24
The Perks of Being a Wallflower,N/A,Default,3,£55.02,2026-04-11 10:58:25
The Mysterious Affair at Styles (Hercule Poirot #1),N/A,Mystery,4,£24.80,2026-04-11 10:58:26
The Man Who Mistook His Wife for a Hat and Other Clinical Tales,N/A,Nonfiction,4,£59.45,2026-04-11 10:58:28
The Makings of a Fatherless Child,N/A,Default,2,£31.58,2026-04-11 10:58:29
The Joy of Cooking,N/A,Add a comment,4,£43.27,2026-04-11 10:58:31
The Invention of Wings,N/A,Historical Fiction,1,£37.34,2026-04-11 10:58:32
The Hobbit (Middle-Earth Universe),N/A,Default,5,£17.80,2026-04-11 10:58:34
The Great Railway Bazaar,N/A,Travel,1,£30.54,2026-04-11 10:58:35
The Golden Compass (His Dark Materials #1),N/A,Add a comment,1,£18.77,2026-04-11 10:58:36
The God Delusion,N/A,Add a comment,3,£46.85,2026-04-11 10:58:38
The Girl You Left Behind (The Girl You Left Behind #1),N/A,Historical,1,£15.79,2026-04-11 10:58:39
The Fellowship of the Ring (The Lord of the Rings #1),N/A,Default,2,£10.27,2026-04-11 10:58:40
The Collected Poems of W.B. Yeats (The Collected Works of W.B. Yeats #1),N/A,Poetry,5,£15.42,2026-04-11 10:58:42
The Barefoot Contessa Cookbook,N/A,Food and Drink,5,£59.92,2026-04-11 10:58:43
Tell the Wolves I'm Home,N/A,Young Adult,2,£50.96,2026-04-11 10:58:45
Ship Leaves Harbor: Essays on Travel by a Recovering Journeyman,N/A,Default,3,£30.60,2026-04-11 10:58:46
Pride and Prejudice,N/A,Add a comment,4,£19.27,2026-04-11 10:58:47
Musicophilia: Tales of Music and the Brain,N/A,Default,1,£46.58,2026-04-11 10:58:49
Mere Christianity,N/A,Add a comment,3,£48.51,2026-04-11 10:58:50
Me Before You (Me Before You #1),N/A,Fiction,1,£19.02,2026-04-11 10:58:52
In the Woods (Dublin Murder Squad #1),N/A,Mystery,2,£38.38,2026-04-11 10:58:53
In Cold Blood,N/A,Nonfiction,4,£49.98,2026-04-11 10:58:55
How to Stop Worrying and Start Living,N/A,Self Help,5,£46.49,2026-04-11 10:58:56
Give It Back,N/A,Thriller,2,£18.32,2026-04-11 10:58:58
"Girl, Interrupted",N/A,Nonfiction,3,£42.14,2026-04-11 10:58:59
Fun Home: A Family Tragicomic,N/A,Add a comment,4,£56.59,2026-04-11 10:59:00
"Fruits Basket, Vol. 6 (Fruits Basket #6)",N/A,Sequential Art,4,£20.96,2026-04-11 10:59:02
Deception Point,N/A,Fiction,4,£40.32,2026-04-11 10:59:03
"Death Note, Vol. 6: Give-and-Take (Death Note #6)",N/A,Sequential Art,3,£36.39,2026-04-11 10:59:04
Catherine the Great: Portrait of a Woman,N/A,History,4,£58.55,2026-04-11 10:59:05
Better Homes and Gardens New Cook Book,N/A,Food and Drink,3,£39.61,2026-04-11 10:59:06
An Unquiet Mind: A Memoir of Moods and Madness,N/A,Psychology,3,£21.30,2026-04-11 10:59:08
A Year in Provence (Provence #1),N/A,Travel,4,£56.88,2026-04-11 10:59:09
World Without End (The Pillars of the Earth #2),N/A,Historical Fiction,4,£32.97,2026-04-11 10:59:11
"Will Grayson, Will Grayson (Will Grayson, Will Grayson)",N/A,Young Adult,4,£47.31,2026-04-11 10:59:12
Why Save the Bankers?: And Other Essays on Our Economic and Political Crisis,N/A,Nonfiction,2,£48.67,2026-04-11 10:59:14
Where She Went (If I Stay #2),N/A,Young Adult,4,£41.73,2026-04-11 10:59:15
What If?: Serious Scientific Answers to Absurd Hypothetical Questions,N/A,Default,4,£53.68,2026-04-11 10:59:17
Two Summers,N/A,Young Adult,1,£14.64,2026-04-11 10:59:18
This Is Your Brain on Music: The Science of a Human Obsession,N/A,Music,1,£38.40,2026-04-11 10:59:20
The Secret Garden,N/A,Classics,4,£15.08,2026-04-11 10:59:21
The Raven King (The Raven Cycle #4),N/A,Add a comment,2,£30.57,2026-04-11 10:59:23
The Raven Boys (The Raven Cycle #1),N/A,Fantasy,4,£57.74,2026-04-11 10:59:24
The Power Greens Cookbook: 140 Delicious Superfood Recipes,N/A,Food and Drink,5,£11.05,2026-04-11 10:59:26
The Metamorphosis,N/A,Classics,1,£28.58,2026-04-11 10:59:27
The Mathews Men: Seven Brothers and the War Against Hitler's U-boats,N/A,History,5,£42.91,2026-04-11 10:59:29
The Little Paris Bookshop,N/A,Fiction,3,£24.73,2026-04-11 10:59:30
The Hiding Place,N/A,History,4,£55.91,2026-04-11 10:59:32
The Grand Design,N/A,Science,3,£13.76,2026-04-11 10:59:33
The Firm,N/A,Fiction,3,£45.56,2026-04-11 10:59:35
The Fault in Our Stars,N/A,Default,1,£47.22,2026-04-11 10:59:36
The False Prince (The Ascendance Trilogy #1),N/A,Fantasy,5,£56.00,2026-04-11 10:59:37
The Expatriates,N/A,Fiction,2,£44.58,2026-04-11 10:59:39
The Dream Thieves (The Raven Cycle #2),N/A,Default,1,£34.50,2026-04-11 10:59:40
The Darkest Corners,N/A,Young Adult,5,£11.33,2026-04-11 10:59:42
The Crossover,N/A,Poetry,4,£38.77,2026-04-11 10:59:44
The 5th Wave (The 5th Wave #1),N/A,Default,2,£11.83,2026-04-11 10:59:45
Tell the Wind and Fire,N/A,Fantasy,3,£45.51,2026-04-11 10:59:46
Tell Me Three Things,N/A,Young Adult,1,£41.81,2026-04-11 10:59:48
Talking to Girls About Duran Duran: One Young Man's Quest for True Love and a Cooler Haircut,N/A,Nonfiction,4,£25.15,2026-04-11 10:59:49
Siddhartha,N/A,Fiction,5,£34.22,2026-04-11 10:59:51
Shiver (The Wolves of Mercy Falls #1),N/A,Default,5,£16.23,2026-04-11 10:59:52
Remember Me?,N/A,Default,3,£11.48,2026-04-11 10:59:54
Red Dragon (Hannibal Lecter #1),N/A,Horror,3,£23.37,2026-04-11 10:59:55
Peak: Secrets from the New Science of Expertise,N/A,Science,2,£16.28,2026-04-11 10:59:56
My Mother Was Nuts,N/A,Nonfiction,4,£31.63,2026-04-11 10:59:58
Mexican Today: New and Rediscovered Recipes for Contemporary Kitchens,N/A,Food and Drink,5,£24.91,2026-04-11 10:59:59
Maybe Something Beautiful: How Art Transformed a Neighborhood,N/A,Childrens,1,£22.54,2026-04-11 11:00:01
Lola and the Boy Next Door (Anna and the French Kiss #2),N/A,Young Adult,4,£23.63,2026-04-11 11:00:02
Logan Kade (Fallen Crest High #5.5),N/A,Academic,2,£13.12,2026-04-11 11:00:04
Last One Home (New Beginnings #1),N/A,Fiction,3,£59.98,2026-04-11 11:00:05
Killing Floor (Jack Reacher #1),N/A,Thriller,4,£31.49,2026-04-11 11:00:06
Kill the Boy Band,N/A,Young Adult,5,£15.52,2026-04-11 11:00:08
Isla and the Happily Ever After (Anna and the French Kiss #3),N/A,Young Adult,5,£48.13,2026-04-11 11:00:09
If I Stay (If I Stay #1),N/A,Default,5,£38.13,2026-04-11 11:00:11
I Know Why the Caged Bird Sings (Maya Angelou's Autobiography #1),N/A,Default,2,£36.55,2026-04-11 11:00:12
Harry Potter and the Deathly Hallows (Harry Potter #7),N/A,Default,1,£23.32,2026-04-11 11:00:14
"Fruits Basket, Vol. 5 (Fruits Basket #5)",N/A,Sequential Art,1,£16.33,2026-04-11 11:00:15
Foundation (Foundation (Publication Order) #1),N/A,Science Fiction,1,£32.42,2026-04-11 11:00:17
Fool Me Once,N/A,Default,1,£16.96,2026-04-11 11:00:18
Find Her (Detective D.D. Warren #8),N/A,Add a comment,1,£22.37,2026-04-11 11:00:19
Evicted: Poverty and Profit in the American City,N/A,Add a comment,1,£42.27,2026-04-11 11:00:21
Drama,N/A,Default,2,£38.70,2026-04-11 11:00:22
Dracula the Un-Dead,N/A,Horror,5,£35.63,2026-04-11 11:00:24
Digital Fortress,N/A,Fiction,5,£58.00,2026-04-11 11:00:25
"Death Note, Vol. 5: Whiteout (Death Note #5)",N/A,Sequential Art,1,£52.41,2026-04-11 11:00:27
"Data, A Love Story: How I Gamed Online Dating to Meet My Match",N/A,Nonfiction,3,£32.35,2026-04-11 11:00:28
Critique of Pure Reason,N/A,Philosophy,1,£20.75,2026-04-11 11:00:30
Booked,N/A,Poetry,5,£17.49,2026-04-11 11:00:31
"Blue Lily, Lily Blue (The Raven Cycle #3)",N/A,Default,5,£34.13,2026-04-11 11:00:32
Approval Junkie: Adventures in Caring Too Much,N/A,Autobiography,5,£58.81,2026-04-11 11:00:34
An Abundance of Katherines,N/A,Young Adult,5,£10.00,2026-04-11 11:00:35
America's War for the Greater Middle East: A Military History,N/A,History,2,£51.22,2026-04-11 11:00:36
Alight (The Generations Trilogy #2),N/A,Default,4,£58.59,2026-04-11 11:00:37
A Girl's Guide to Moving On (New Beginnings #2),N/A,Romance,1,£31.30,2026-04-11 11:00:39
A Game of Thrones (A Song of Ice and Fire #1),N/A,Add a comment,2,£46.42,2026-04-11 11:00:40
A Feast for Crows (A Song of Ice and Fire #4),N/A,Fantasy,4,£17.21,2026-04-11 11:00:42
A Clash of Kings (A Song of Ice and Fire #2),N/A,Add a comment,3,£10.79,2026-04-11 11:00:44
Vogue Colors A to Z: A Fashion Coloring Book,N/A,Default,4,£52.35,2026-04-11 11:00:45
The Shining (The Shining #1),N/A,Default,3,£27.88,2026-04-11 11:00:47
The Pilgrim's Progress,N/A,Classics,2,£50.26,2026-04-11 11:00:48
The Perfect Play (Play by Play #1),N/A,Romance,3,£59.99,2026-04-11 11:00:49
The Passion of Dolssa,N/A,Historical Fiction,5,£28.32,2026-04-11 11:00:51
The Jazz of Physics: The Secret Link Between Music and the Structure of the Universe,N/A,Nonfiction,3,£38.71,2026-04-11 11:00:52
The Hunger Games (The Hunger Games #1),N/A,Default,5,£29.85,2026-04-11 11:00:54
The Hound of the Baskervilles (Sherlock Holmes #5),N/A,Classics,2,£14.82,2026-04-11 11:00:55
The Gunning of America: Business and the Making of American Gun Culture,N/A,Nonfiction,4,£16.81,2026-04-11 11:00:57
The Geography of Bliss: One Grump's Search for the Happiest Places in the World,N/A,Nonfiction,2,£28.23,2026-04-11 11:00:58
The Demonists (Demonist #1),N/A,Fantasy,2,£52.11,2026-04-11 11:01:00
"The Demon Prince of Momochi House, Vol. 4 (The Demon Prince of Momochi House #4)",N/A,Sequential Art,2,£27.88,2026-04-11 11:01:01
The Bone Hunters (Lexy Vaughan & Steven Macaulay #2),N/A,Thriller,3,£59.71,2026-04-11 11:01:02
The Beast (Black Dagger Brotherhood #14),N/A,Fantasy,5,£46.08,2026-04-11 11:01:04
Some Women,N/A,Womens Fiction,5,£13.73,2026-04-11 11:01:05
Shopaholic Ties the Knot (Shopaholic #3),N/A,Womens Fiction,5,£48.39,2026-04-11 11:01:06
Paper and Fire (The Great Library #2),N/A,Fantasy,5,£49.45,2026-04-11 11:01:08
Outlander (Outlander #1),N/A,Default,5,£19.67,2026-04-11 11:01:10
"Orchestra of Exiles: The Story of Bronislaw Huberman, the Israel Philharmonic, and the One Thousand Jews He Saved from Nazi Horrors",N/A,Music,3,£12.36,2026-04-11 11:01:11
No One Here Gets Out Alive,N/A,Music,5,£20.02,2026-04-11 11:01:13
Night Shift (Night Shift #1-20),N/A,Horror,4,£12.75,2026-04-11 11:01:15
Needful Things,N/A,Horror,4,£47.51,2026-04-11 11:01:16
Mockingjay (The Hunger Games #3),N/A,Default,4,£20.44,2026-04-11 11:01:18
Misery,N/A,Horror,2,£34.79,2026-04-11 11:01:19
Little Women (Little Women #1),N/A,Classics,4,£28.07,2026-04-11 11:01:20
It,N/A,Horror,3,£25.01,2026-04-11 11:01:21
Harry Potter and the Sorcerer's Stone (Harry Potter #1),N/A,Default,3,£13.90,2026-04-11 11:01:22
Harry Potter and the Prisoner of Azkaban (Harry Potter #3),N/A,Young Adult,4,£24.17,2026-04-11 11:01:23
Harry Potter and the Order of the Phoenix (Harry Potter #5),N/A,Fantasy,4,£31.63,2026-04-11 11:01:24
Harry Potter and the Half-Blood Prince (Harry Potter #6),N/A,Fantasy,5,£48.75,2026-04-11 11:01:25
Harry Potter and the Chamber of Secrets (Harry Potter #2),N/A,Fantasy,1,£14.74,2026-04-11 11:01:26
Gone with the Wind,N/A,Classics,3,£32.49,2026-04-11 11:01:28
God Is Not Great: How Religion Poisons Everything,N/A,Nonfiction,1,£27.80,2026-04-11 11:01:29
Girl With a Pearl Earring,N/A,Historical Fiction,1,£26.77,2026-04-11 11:01:30
"Fruits Basket, Vol. 4 (Fruits Basket #4)",N/A,Sequential Art,4,£50.44,2026-04-11 11:01:32
Far From True (Promise Falls Trilogy #2),N/A,Thriller,2,£34.93,2026-04-11 11:01:33
Dark Lover (Black Dagger Brotherhood #1),N/A,Romance,1,£12.87,2026-04-11 11:01:35
Confessions of a Shopaholic (Shopaholic #1),N/A,Default,2,£48.94,2026-04-11 11:01:36
Changing the Game (Play by Play #2),N/A,Romance,3,£13.38,2026-04-11 11:01:38
Candide,N/A,Classics,3,£58.63,2026-04-11 11:01:39
Can You Keep a Secret?,N/A,Womens Fiction,1,£21.94,2026-04-11 11:01:40
Atlas Shrugged,N/A,Fiction,5,£26.58,2026-04-11 11:05:38
Animal Farm,N/A,Classics,3,£57.22,2026-04-11 11:05:39
A Walk to Remember,N/A,Romance,1,£56.43,2026-04-11 11:05:40
A New Earth: Awakening to Your Life's Purpose,N/A,Spirituality,5,£55.65,2026-04-11 11:05:41
"A History of God: The 4,000-Year Quest of Judaism, Christianity, and Islam",N/A,Religion,1,£27.62,2026-04-11 11:05:42
'Salem's Lot,N/A,Horror,4,£49.56,2026-04-11 11:05:43
Zero History (Blue Ant #3),N/A,Default,1,£34.77,2026-04-11 11:05:44
Wuthering Heights,N/A,Classics,3,£17.73,2026-04-11 11:05:45
World War Z: An Oral History of the Zombie War,N/A,Default,1,£21.80,2026-04-11 11:05:46
Wild: From Lost to Found on the Pacific Crest Trail,N/A,Default,3,£46.02,2026-04-11 11:05:47
"Where'd You Go, Bernadette",N/A,Default,1,£18.13,2026-04-11 11:05:48
When You Are Engulfed in Flames,N/A,Humor,5,£30.89,2026-04-11 11:05:50
We the People: The Modern-Day Figures Who Have Reshaped and Affirmed the Founding Fathers' Vision of America,N/A,Nonfiction,3,£31.95,2026-04-11 11:05:51
We Are All Completely Beside Ourselves,N/A,Contemporary,1,£24.04,2026-04-11 11:05:52
Walk the Edge (Thunder Road #2),N/A,Young Adult,3,£32.36,2026-04-11 11:05:54
Voyager (Outlander #3),N/A,Historical Fiction,5,£21.07,2026-04-11 11:05:55
Very Good Lives: The Fringe Benefits of Failure and the Importance of Imagination,N/A,Nonfiction,3,£50.66,2026-04-11 11:05:56
Vegan Vegetarian Omnivore: Dinner for Everyone at the Table,N/A,Food and Drink,2,£13.66,2026-04-11 11:05:57
"Unstuffed: Decluttering Your Home, Mind, and Soul",N/A,Nonfiction,1,£58.09,2026-04-11 11:05:58
Under the Banner of Heaven: A Story of Violent Faith,N/A,Nonfiction,1,£30.00,2026-04-11 11:06:00
Two Boys Kissing,N/A,Young Adult,2,£32.74,2026-04-11 11:06:01
Twilight (Twilight #1),N/A,Default,2,£41.93,2026-04-11 11:06:03
Twenties Girl,N/A,Womens Fiction,2,£42.80,2026-04-11 11:06:04
"Trespassing Across America: One Man's Epic, Never-Done-Before (and Sort of Illegal) Hike Across the Heartland",N/A,Nonfiction,1,£53.51,2026-04-11 11:06:05
Three-Martini Lunch,N/A,Fiction,3,£23.21,2026-04-11 11:06:06
"Thinking, Fast and Slow",N/A,Psychology,1,£21.14,2026-04-11 11:06:07
The Wild Robot,N/A,Childrens,3,£56.07,2026-04-11 11:06:09
"The Wicked + The Divine, Vol. 3: Commercial Suicide (The Wicked + The Divine)",N/A,Sequential Art,3,£14.41,2026-04-11 11:06:10
The Undomestic Goddess,N/A,Womens Fiction,4,£45.75,2026-04-11 11:06:11
The Travelers,N/A,Thriller,1,£15.77,2026-04-11 11:06:12
The Tipping Point: How Little Things Can Make a Big Difference,N/A,Add a comment,2,£10.02,2026-04-11 11:06:14
The Thing About Jellyfish,N/A,Childrens,1,£48.77,2026-04-11 11:06:15
The Stand,N/A,Horror,2,£57.86,2026-04-11 11:06:16
The Smitten Kitchen Cookbook,N/A,Food and Drink,1,£23.59,2026-04-11 11:06:18
The Silkworm (Cormoran Strike #2),N/A,Mystery,5,£23.05,2026-04-11 11:06:19
"The Sandman, Vol. 3: Dream Country (The Sandman (volumes) #3)",N/A,Sequential Art,5,£55.55,2026-04-11 11:06:20
The Rose & the Dagger (The Wrath and the Dawn #2),N/A,Fantasy,4,£58.64,2026-04-11 11:06:22
The Road to Little Dribbling: Adventures of an American in Britain (Notes From a Small Island #2),N/A,Travel,1,£23.21,2026-04-11 11:06:23
The Rise of Theodore Roosevelt (Theodore Roosevelt #1),N/A,Biography,3,£42.57,2026-04-11 11:06:24
The Restaurant at the End of the Universe (Hitchhiker's Guide to the Galaxy #2),N/A,Science Fiction,1,£10.92,2026-04-11 11:06:25
The Rest Is Noise: Listening to the Twentieth Century,N/A,Add a comment,1,£34.77,2026-04-11 11:06:27
The Red Tent,N/A,Historical Fiction,5,£35.66,2026-04-11 11:06:28
The Purpose Driven Life: What on Earth Am I Here for?,N/A,Add a comment,3,£37.19,2026-04-11 11:06:29
The Purest Hook (Second Circle Tattoos #3),N/A,Romance,1,£12.25,2026-04-11 11:06:31
The Picture of Dorian Gray,N/A,Classics,2,£29.70,2026-04-11 11:06:32
The Paris Wife,N/A,Default,3,£36.80,2026-04-11 11:06:33
The Obsession,N/A,Romance,1,£45.43,2026-04-11 11:06:35
The Nightingale,N/A,Fiction,4,£26.26,2026-04-11 11:06:36
The New Guy (and Other Senior Year Distractions),N/A,Young Adult,3,£44.92,2026-04-11 11:06:37
The Nanny Diaries (Nanny #1),N/A,Womens Fiction,5,£52.53,2026-04-11 11:06:39
The Name of God is Mercy,N/A,Nonfiction,2,£37.25,2026-04-11 11:06:40
The Maze Runner (The Maze Runner #1),N/A,Default,1,£20.93,2026-04-11 11:06:42
The Lover's Dictionary,N/A,Default,2,£58.09,2026-04-11 11:06:43
The Lonely Ones,N/A,Childrens,5,£43.59,2026-04-11 11:06:45
The Lean Startup: How Today's Entrepreneurs Use Continuous Innovation to Create Radically Successful Businesses,N/A,Business,3,£33.92,2026-04-11 11:06:46
The Last Painting of Sara de Vos,N/A,Historical Fiction,2,£55.55,2026-04-11 11:06:48
"The Land of 10,000 Madonnas",N/A,Young Adult,4,£29.64,2026-04-11 11:06:49
The Infinities,N/A,Fiction,1,£27.41,2026-04-11 11:06:51
The Husband's Secret,N/A,Fiction,5,£52.51,2026-04-11 11:06:52
The Hitchhiker's Guide to the Galaxy (Hitchhiker's Guide to the Galaxy #1),N/A,Add a comment,3,£47.80,2026-04-11 11:06:53
The Guns of August,N/A,History,2,£14.54,2026-04-11 11:06:55
The Guernsey Literary and Potato Peel Pie Society,N/A,Historical Fiction,1,£49.53,2026-04-11 11:06:56
The Goldfinch,N/A,Default,3,£43.58,2026-04-11 11:06:57
The Giver (The Giver Quartet #1),N/A,Default,1,£12.30,2026-04-11 11:06:59
The Girl with All the Gifts,N/A,Horror,3,£49.47,2026-04-11 11:07:00
The Girl Who Played with Fire (Millennium Trilogy #2),N/A,Default,2,£22.14,2026-04-11 11:07:02
The Girl Who Kicked the Hornet's Nest (Millennium Trilogy #3),N/A,Add a comment,1,£57.48,2026-04-11 11:07:03
The Exiled,N/A,Mystery,3,£43.45,2026-04-11 11:07:05
"The End of Faith: Religion, Terror, and the Future of Reason",N/A,Add a comment,4,£22.13,2026-04-11 11:07:06
"The Elegant Universe: Superstrings, Hidden Dimensions, and the Quest for the Ultimate Theory",N/A,Science,4,£13.03,2026-04-11 11:07:08
"The Disappearing Spoon: And Other True Tales of Madness, Love, and the History of the World from the Periodic Table of the Elements",N/A,Science,5,£57.35,2026-04-11 11:07:09
The Devil Wears Prada (The Devil Wears Prada #1),N/A,Womens Fiction,1,£44.29,2026-04-11 11:07:11
The Demon-Haunted World: Science as a Candle in the Dark,N/A,Default,4,£52.25,2026-04-11 11:07:12
The Day the Crayons Came Home (Crayons),N/A,Childrens,5,£26.33,2026-04-11 11:07:14
The Da Vinci Code (Robert Langdon #2),N/A,Fiction,2,£22.96,2026-04-11 11:07:15
The Cuckoo's Calling (Cormoran Strike #1),N/A,Mystery,1,£19.21,2026-04-11 11:07:17
The Complete Stories and Poems (The Works of Edgar Allan Poe [Cameo Edition]),N/A,Classics,4,£26.78,2026-04-11 11:07:18
The Complete Poems,N/A,Add a comment,5,£41.32,2026-04-11 11:07:19
The Catcher in the Rye,N/A,Add a comment,1,£24.55,2026-04-11 11:07:21
The Cat in the Hat (Beginner Books B-1),N/A,Childrens,2,£16.26,2026-04-11 11:07:22
The Case for Christ (Cases for Christianity),N/A,Add a comment,1,£47.84,2026-04-11 11:07:24
The Book Thief,N/A,Default,2,£53.49,2026-04-11 11:07:25
The Book of Basketball: The NBA According to The Sports Guy,N/A,Sports and Games,5,£44.84,2026-04-11 11:07:27
The Blind Side: Evolution of a Game,N/A,Add a comment,5,£53.71,2026-04-11 11:07:28
The Autobiography of Malcolm X,N/A,Default,2,£23.43,2026-04-11 11:07:30
"The Art of Simple Food: Notes, Lessons, and Recipes from a Delicious Revolution",N/A,Food and Drink,3,£34.32,2026-04-11 11:07:31
The Art of Fielding,N/A,Fiction,1,£22.10,2026-04-11 11:07:33
"Surely You're Joking, Mr. Feynman!: Adventures of a Curious Character",N/A,Science,2,£25.83,2026-04-11 11:07:34
Stiff: The Curious Lives of Human Cadavers,N/A,Nonfiction,3,£36.74,2026-04-11 11:07:35
Spilled Milk: Based on a True Story,N/A,Nonfiction,1,£49.51,2026-04-11 11:07:37
Something Borrowed (Darcy & Rachel #1),N/A,Womens Fiction,5,£48.96,2026-04-11 11:07:38
Something Blue (Darcy & Rachel #2),N/A,Womens Fiction,1,£54.62,2026-04-11 11:07:40
Soldier (Talon #3),N/A,Fantasy,2,£24.72,2026-04-11 11:07:41
Shopaholic & Baby (Shopaholic #5),N/A,Default,2,£46.45,2026-04-11 11:07:42
Seven Days in the Art World,N/A,Add a comment,2,£52.33,2026-04-11 11:07:44
Seven Brief Lessons on Physics,N/A,Science,4,£30.60,2026-04-11 11:07:46
Scarlet (The Lunar Chronicles #2),N/A,Young Adult,4,£14.57,2026-04-11 11:07:47
Sarah's Key,N/A,Add a comment,1,£46.29,2026-04-11 11:07:48
"Saga, Volume 3 (Saga (Collected Editions) #3)",N/A,Sequential Art,5,£21.57,2026-04-11 11:07:50
Running with Scissors,N/A,Autobiography,4,£12.91,2026-04-11 11:07:52
Rogue Lawyer (Rogue Lawyer #1),N/A,Add a comment,3,£50.11,2026-04-11 11:07:53
"Rise of the Rocket Girls: The Women Who Propelled Us, from Missiles to the Moon to Mars",N/A,Nonfiction,4,£41.67,2026-04-11 11:07:55
Rework,N/A,Business,2,£44.88,2026-04-11 11:07:56
Reservations for Two,N/A,Romance,3,£11.10,2026-04-11 11:07:58
Red: The True Story of Red Riding Hood,N/A,Childrens,3,£28.54,2026-04-11 11:08:00
Ready Player One,N/A,Science Fiction,4,£19.07,2026-04-11 11:08:01
Quiet: The Power of Introverts in a World That Can't Stop Talking,N/A,Default,1,£43.55,2026-04-11 11:08:03
Prodigy: The Graphic Novel (Legend: The Graphic Novel #2),N/A,Sequential Art,3,£43.63,2026-04-11 11:08:04
Persepolis: The Story of a Childhood (Persepolis #1-2),N/A,Sequential Art,1,£39.13,2026-04-11 11:08:05
Packing for Mars: The Curious Science of Life in the Void,N/A,Default,2,£56.68,2026-04-11 11:08:07
Outliers: The Story of Success,N/A,Nonfiction,1,£14.16,2026-04-11 11:08:08
Original Fake,N/A,Sequential Art,3,£31.45,2026-04-11 11:08:10
Orange Is the New Black,N/A,Default,2,£24.61,2026-04-11 11:08:11
One for the Money (Stephanie Plum #1),N/A,Default,2,£32.87,2026-04-11 11:08:13
Notes from a Small Island (Notes From a Small Island #1),N/A,Nonfiction,1,£40.17,2026-04-11 11:08:14
Night (The Night Trilogy #1),N/A,Nonfiction,1,£13.51,2026-04-11 11:08:16
Neither Here nor There: Travels in Europe,N/A,Travel,3,£38.95,2026-04-11 11:08:17
Naked,N/A,Humor,3,£31.69,2026-04-11 11:08:18
Morning Star (Red Rising #3),N/A,Default,1,£29.40,2026-04-11 11:08:20
"Miracles from Heaven: A Little Girl, Her Journey to Heaven, and Her Amazing Story of Healing",N/A,Nonfiction,1,£57.83,2026-04-11 11:08:22
Midnight Riot (Peter Grant/ Rivers of London - books #1),N/A,Fantasy,2,£55.46,2026-04-11 11:08:23
Me Talk Pretty One Day,N/A,Autobiography,2,£57.60,2026-04-11 11:08:25
Manuscript Found in Accra,N/A,Add a comment,2,£34.98,2026-04-11 11:08:27
Lust & Wonder,N/A,Autobiography,2,£11.87,2026-04-11 11:08:28
Lila (Gilead #3),N/A,Fiction,3,£12.47,2026-04-11 11:08:29
"Life, the Universe and Everything (Hitchhiker's Guide to the Galaxy #3)",N/A,Science Fiction,2,£33.26,2026-04-11 11:08:31
Life Without a Recipe,N/A,Autobiography,5,£59.04,2026-04-11 11:08:32
Life After Life,N/A,Default,2,£26.13,2026-04-11 11:08:34
Letter to a Christian Nation,N/A,Nonfiction,1,£22.20,2026-04-11 11:08:35
Let's Pretend This Never Happened: A Mostly True Memoir,N/A,Nonfiction,1,£45.11,2026-04-11 11:08:37
Legend (Legend #1),N/A,Young Adult,4,£43.69,2026-04-11 11:08:38
"Lean In: Women, Work, and the Will to Lead",N/A,Default,1,£25.02,2026-04-11 11:08:40
"Lamb: The Gospel According to Biff, Christ's Childhood Pal",N/A,Humor,5,£55.50,2026-04-11 11:08:41
Lady Renegades (Rebel Belle #3),N/A,Young Adult,5,£53.04,2026-04-11 11:08:43
Jurassic Park (Jurassic Park #1),N/A,Fiction,1,£44.97,2026-04-11 11:08:44
It's Never Too Late to Begin Again: Discovering Creativity and Meaning at Midlife and Beyond,N/A,Nonfiction,1,£42.38,2026-04-11 11:08:46
Is Everyone Hanging Out Without Me? (And Other Concerns),N/A,Default,3,£20.11,2026-04-11 11:08:47
Into the Wild,N/A,Nonfiction,5,£56.70,2026-04-11 11:08:49
Inferno (Robert Langdon #4),N/A,Fiction,5,£41.00,2026-04-11 11:08:50
"In the Garden of Beasts: Love, Terror, and an American Family in Hitler's Berlin",N/A,Nonfiction,3,£28.85,2026-04-11 11:08:51
If I Run (If I Run #1),N/A,Christian Fiction,4,£49.97,2026-04-11 11:08:53
I've Got Your Number,N/A,Womens Fiction,1,£19.69,2026-04-11 11:08:54
I Am Malala: The Girl Who Stood Up for Education and Was Shot by the Taliban,N/A,Nonfiction,2,£28.88,2026-04-11 11:08:56
Hungry Girl Clean & Hungry: Easy All-Natural Recipes for Healthy Eating in the Real World,N/A,Food and Drink,3,£33.14,2026-04-11 11:08:57
"House of Lost Worlds: Dinosaurs, Dynasties, and the Story of Life on Earth",N/A,History,2,£43.70,2026-04-11 11:08:59
House of Leaves,N/A,Horror,1,£54.89,2026-04-11 11:09:01
Horrible Bear!,N/A,Childrens,2,£37.52,2026-04-11 11:09:02
Holidays on Ice,N/A,Humor,2,£51.07,2026-04-11 11:09:03
Heir to the Sky,N/A,Fantasy,4,£44.07,2026-04-11 11:09:05
Green Eggs and Ham (Beginner Books B-16),N/A,Childrens,4,£10.79,2026-04-11 11:09:06
"Grayson, Vol 3: Nemesis (Grayson #3)",N/A,Sequential Art,1,£42.72,2026-04-11 11:09:08
Gratitude,N/A,Nonfiction,5,£26.66,2026-04-11 11:09:09
Gone Girl,N/A,Default,5,£37.60,2026-04-11 11:09:10
Golden (Heart of Dread #3),N/A,Young Adult,4,£42.21,2026-04-11 11:09:12
Girl in the Blue Coat,N/A,Historical Fiction,2,£46.83,2026-04-11 11:09:14
"Fruits Basket, Vol. 3 (Fruits Basket #3)",N/A,Sequential Art,2,£45.17,2026-04-11 11:09:15
"Friday Night Lights: A Town, a Team, and a Dream",N/A,Sports and Games,3,£51.22,2026-04-11 11:09:16
Fire Bound (Sea Haven/Sisters of the Heart #5),N/A,Add a comment,4,£21.28,2026-04-11 11:09:18
Fifty Shades Freed (Fifty Shades #3),N/A,Adult Fiction,5,£15.36,2026-04-11 11:09:19
Fellside,N/A,Default,1,£38.62,2026-04-11 11:09:21
Extreme Prey (Lucas Davenport #26),N/A,Mystery,3,£25.40,2026-04-11 11:09:23
Eragon (The Inheritance Cycle #1),N/A,Fantasy,3,£43.87,2026-04-11 11:09:24
Eclipse (Twilight #3),N/A,Default,1,£18.74,2026-04-11 11:09:25
Dune (Dune #1),N/A,Science Fiction,1,£54.86,2026-04-11 11:09:27
Dracula,N/A,Default,3,£52.62,2026-04-11 11:09:28
Do Androids Dream of Electric Sheep? (Blade Runner #1),N/A,Science Fiction,1,£51.48,2026-04-11 11:09:30
Disrupted: My Misadventure in the Start-Up Bubble,N/A,Nonfiction,5,£15.28,2026-04-11 11:09:32
Dead Wake: The Last Crossing of the Lusitania,N/A,Default,5,£39.24,2026-04-11 11:09:33
"David and Goliath: Underdogs, Misfits, and the Art of Battling Giants",N/A,Default,1,£17.81,2026-04-11 11:09:34
Darkfever (Fever #1),N/A,Fantasy,1,£56.02,2026-04-11 11:09:36
Dark Places,N/A,Default,5,£23.90,2026-04-11 11:09:37
Crazy Rich Asians (Crazy Rich Asians #1),N/A,Fiction,5,£49.13,2026-04-11 11:09:39
Counting Thyme,N/A,Childrens,1,£10.62,2026-04-11 11:09:40
Cosmos,N/A,Add a comment,2,£36.17,2026-04-11 11:09:41
Civilization and Its Discontents,N/A,Psychology,2,£59.95,2026-04-11 11:09:43
Cinder (The Lunar Chronicles #1),N/A,Young Adult,1,£26.09,2026-04-11 11:09:44
Catastrophic Happiness: Finding Joy in Childhood's Messy Years,N/A,Parenting,2,£37.35,2026-04-11 11:09:46
Career of Evil (Cormoran Strike #3),N/A,Mystery,2,£24.72,2026-04-11 11:09:47
Breaking Dawn (Twilight #4),N/A,Default,5,£35.28,2026-04-11 11:09:48
Brave Enough,N/A,Nonfiction,5,£51.32,2026-04-11 11:09:50
Boy Meets Boy,N/A,Young Adult,3,£21.12,2026-04-11 11:09:52
"Born to Run: A Hidden Tribe, Superathletes, and the Greatest Race the World Has Never Seen",N/A,Nonfiction,2,£27.35,2026-04-11 11:09:53
Blink: The Power of Thinking Without Thinking,N/A,Nonfiction,5,£21.74,2026-04-11 11:09:54
Black Flags: The Rise of ISIS,N/A,Nonfiction,1,£40.87,2026-04-11 11:09:56
"Black Butler, Vol. 1 (Black Butler #1)",N/A,Sequential Art,1,£49.31,2026-04-11 11:09:58
Big Little Lies,N/A,Fiction,1,£22.11,2026-04-11 11:09:59
Between Shades of Gray,N/A,Historical Fiction,5,£20.79,2026-04-11 11:10:01
Best of My Love (Fool's Gold #20),N/A,Romance,2,£27.41,2026-04-11 11:10:02
Beowulf,N/A,Classics,2,£38.35,2026-04-11 11:10:03
Beautiful Creatures (Caster Chronicles #1),N/A,Default,5,£21.55,2026-04-11 11:10:04
Awkward,N/A,Sequential Art,2,£38.02,2026-04-11 11:10:06
Ash,N/A,Fantasy,4,£22.06,2026-04-11 11:10:07
Are We There Yet?,N/A,Childrens,3,£10.66,2026-04-11 11:10:09
Are We Smart Enough to Know How Smart Animals Are?,N/A,Nonfiction,1,£56.58,2026-04-11 11:10:10
Annie on My Mind,N/A,Young Adult,5,£36.83,2026-04-11 11:10:12
And Then There Were None,N/A,Classics,2,£35.01,2026-04-11 11:10:14
A Walk in the Woods: Rediscovering America on the Appalachian Trail,N/A,Nonfiction,4,£30.48,2026-04-11 11:10:15
A Visit from the Goon Squad,N/A,Default,5,£14.08,2026-04-11 11:10:16
A Storm of Swords (A Song of Ice and Fire #3),N/A,Fantasy,2,£31.22,2026-04-11 11:10:18
A Heartbreaking Work of Staggering Genius,N/A,Autobiography,5,£54.29,2026-04-11 11:10:19
8 Keys to Mental Health Through Exercise,N/A,Psychology,1,£31.04,2026-04-11 11:10:21
#GIRLBOSS,N/A,Add a comment,1,£50.96,2026-04-11 11:10:22
"The Suffragettes (Little Black Classics, #96)",N/A,Nonfiction,2,£11.89,2026-04-11 11:10:23
The Sense of an Ending,N/A,Add a comment,3,£31.38,2026-04-11 11:10:25
"The Sandman, Vol. 2: The Doll's House (The Sandman (volumes) #2)",N/A,Sequential Art,1,£54.81,2026-04-11 11:10:26
The Course of Love,N/A,Fiction,3,£16.78,2026-04-11 11:10:27
Sugar Rush (Offensive Line #2),N/A,Sports and Games,1,£24.42,2026-04-11 11:10:29
"Saga, Volume 2 (Saga (Collected Editions) #2)",N/A,Sequential Art,3,£11.75,2026-04-11 11:10:30
"Run, Spot, Run: The Ethics of Keeping Pets",N/A,Philosophy,1,£20.02,2026-04-11 11:10:31
New Moon (Twilight #2),N/A,Young Adult,4,£12.86,2026-04-11 11:10:33
Life,N/A,Music,5,£31.58,2026-04-11 11:10:34
Kindle Paperwhite User's Guide,N/A,Nonfiction,3,£34.00,2026-04-11 11:10:35
H is for Hawk,N/A,Nonfiction,5,£57.42,2026-04-11 11:10:36
Girl Online On Tour (Girl Online #2),N/A,Young Adult,1,£53.47,2026-04-11 11:10:38
"Fruits Basket, Vol. 2 (Fruits Basket #2)",N/A,Sequential Art,5,£11.64,2026-04-11 11:10:40
Diary of a Minecraft Zombie Book 1: A Scare of a Dare (An Unofficial Minecraft Book),N/A,Childrens,4,£52.88,2026-04-11 11:10:41
"Y: The Last Man, Vol. 1: Unmanned (Y: The Last Man #1)",N/A,Sequential Art,4,£18.51,2026-04-11 11:10:43
While You Were Mine,N/A,Historical Fiction,5,£41.32,2026-04-11 11:10:44
Where Lightning Strikes (Bleeding Stars #3),N/A,Romance,3,£39.77,2026-04-11 11:10:46
When I'm Gone,N/A,Fiction,3,£51.96,2026-04-11 11:10:47
Ways of Seeing,N/A,Art,5,£39.51,2026-04-11 11:10:48
"Vampire Knight, Vol. 1 (Vampire Knight #1)",N/A,Paranormal,1,£15.40,2026-04-11 11:10:49
Vampire Girl (Vampire Girl #1),N/A,Fantasy,2,£53.82,2026-04-11 11:10:51
Twenty Love Poems and a Song of Despair,N/A,Poetry,4,£30.95,2026-04-11 11:10:53
Travels with Charley: In Search of America,N/A,Nonfiction,5,£57.82,2026-04-11 11:10:54
Three Wishes (River of Time: California #1),N/A,Science Fiction,2,£44.18,2026-04-11 11:10:56
This One Moment (Pushing Limits #1),N/A,Romance,1,£48.71,2026-04-11 11:10:57
The Zombie Room,N/A,Default,5,£19.69,2026-04-11 11:10:59
"The Wicked + The Divine, Vol. 1: The Faust Act (The Wicked + The Divine)",N/A,Sequential Art,2,£36.52,2026-04-11 11:11:01
The Tumor,N/A,Nonfiction,5,£41.56,2026-04-11 11:11:02
The Story of Hong Gildong,N/A,Classics,4,£43.19,2026-04-11 11:11:03
The Silent Wife,N/A,Fiction,5,£12.34,2026-04-11 11:11:05
The Silent Twin (Detective Jennifer Knight #3),N/A,Fantasy,3,£36.25,2026-04-11 11:11:07
The Selfish Gene,N/A,Science,1,£29.45,2026-04-11 11:11:08
The Secret Healer,N/A,Historical Fiction,3,£34.56,2026-04-11 11:11:10
"The Sandman, Vol. 1: Preludes and Nocturnes (The Sandman (volumes) #1)",N/A,Sequential Art,3,£54.12,2026-04-11 11:11:11
The Republic,N/A,Add a comment,3,£33.78,2026-04-11 11:11:12
The Odyssey,N/A,Add a comment,3,£29.64,2026-04-11 11:11:14
The No. 1 Ladies' Detective Agency (No. 1 Ladies' Detective Agency #1),N/A,Mystery,4,£57.70,2026-04-11 11:11:15
The Nicomachean Ethics,N/A,Philosophy,1,£36.34,2026-04-11 11:11:17
The Name of the Wind (The Kingkiller Chronicle #1),N/A,Default,3,£50.59,2026-04-11 11:11:18
The Mirror & the Maze (The Wrath and the Dawn #1.5),N/A,Fantasy,1,£29.38,2026-04-11 11:11:19
The Little Prince,N/A,Classics,2,£45.42,2026-04-11 11:11:21
The Light of the Fireflies,N/A,Add a comment,1,£54.43,2026-04-11 11:11:22
The Last Girl (The Dominion Trilogy #1),N/A,Science Fiction,2,£36.26,2026-04-11 11:11:24
The Iliad,N/A,Add a comment,1,£16.16,2026-04-11 11:11:25
The Hook Up (Game On #1),N/A,New Adult,5,£36.29,2026-04-11 11:11:26
The Haters,N/A,Young Adult,5,£27.89,2026-04-11 11:11:28
The Girl You Lost,N/A,Mystery,5,£12.29,2026-04-11 11:11:29
The Girl In The Ice (DCI Erika Foster #1),N/A,Mystery,3,£15.85,2026-04-11 11:11:31
The End of the Jesus Era (An Investigation #1),N/A,Nonfiction,1,£14.40,2026-04-11 11:11:32
The Edge of Reason (Bridget Jones #2),N/A,Womens Fiction,4,£19.18,2026-04-11 11:11:34
The Complete Maus (Maus #1-2),N/A,Sequential Art,3,£10.64,2026-04-11 11:11:35
The Communist Manifesto,N/A,Add a comment,3,£14.76,2026-04-11 11:11:37
The Bhagavad Gita,N/A,Religion,3,£57.49,2026-04-11 11:11:39
The Bette Davis Club,N/A,Fiction,3,£30.66,2026-04-11 11:11:40
The Art of Not Breathing,N/A,Young Adult,4,£40.83,2026-04-11 11:11:41
Taking Shots (Assassins #1),N/A,Default,2,£18.88,2026-04-11 11:11:43
Starlark,N/A,Historical Fiction,3,£25.83,2026-04-11 11:11:44
"Skip Beat!, Vol. 01 (Skip Beat! #1)",N/A,Sequential Art,3,£42.12,2026-04-11 11:11:46
Sister Sable (The Mad Queen #1),N/A,Fantasy,3,£13.33,2026-04-11 11:11:48
Shatter Me (Shatter Me #1),N/A,Default,1,£42.40,2026-04-11 11:11:49
Shameless,N/A,New Adult,3,£58.35,2026-04-11 11:11:50
Shadow Rites (Jane Yellowrock #10),N/A,Fantasy,4,£21.72,2026-04-11 11:11:52
Settling the Score (The Summer Games #1),N/A,Sports and Games,2,£44.91,2026-04-11 11:11:54
Sense and Sensibility,N/A,Classics,1,£37.46,2026-04-11 11:11:55
"Saga, Volume 1 (Saga (Collected Editions) #1)",N/A,Sequential Art,1,£28.48,2026-04-11 11:11:56
"Rhythm, Chord & Malykhin",N/A,Romance,2,£28.34,2026-04-11 11:11:58
"Rat Queens, Vol. 1: Sass & Sorcery (Rat Queens (Collected Editions) #1-5)",N/A,Sequential Art,5,£46.96,2026-04-11 11:11:59
Paradise Lost (Paradise #1),N/A,Default,1,£24.96,2026-04-11 11:12:00
"Paper Girls, Vol. 1 (Paper Girls #1-5)",N/A,Sequential Art,4,£21.71,2026-04-11 11:12:01
"Ouran High School Host Club, Vol. 1 (Ouran High School Host Club #1)",N/A,Sequential Art,3,£29.87,2026-04-11 11:12:03
Origins (Alphas 0.5),N/A,Fantasy,1,£28.99,2026-04-11 11:12:04
One Second (Seven #7),N/A,Fantasy,2,£52.94,2026-04-11 11:12:06
On the Road (Duluoz Legend),N/A,Default,3,£32.36,2026-04-11 11:12:08
Old Records Never Die: One Man's Quest for His Vinyl and His Past,N/A,Music,2,£55.66,2026-04-11 11:12:09
Off Sides (Off #1),N/A,New Adult,5,£39.45,2026-04-11 11:12:11
Of Mice and Men,N/A,Classics,2,£47.11,2026-04-11 11:12:13
Myriad (Prentor #1),N/A,Fantasy,4,£58.75,2026-04-11 11:12:14
My Perfect Mistake (Over the Top #1),N/A,Romance,2,£38.92,2026-04-11 11:12:16
"Ms. Marvel, Vol. 1: No Normal (Ms. Marvel (2014-2015) #1)",N/A,Sequential Art,4,£39.39,2026-04-11 11:12:17
Meditations,N/A,Philosophy,2,£25.89,2026-04-11 11:12:19
Matilda,N/A,Childrens,1,£28.34,2026-04-11 11:12:20
Lost Among the Living,N/A,Historical Fiction,4,£27.70,2026-04-11 11:12:22
Lord of the Flies,N/A,Add a comment,3,£24.89,2026-04-11 11:12:23
Listen to Me (Fusion #1),N/A,Romance,3,£58.99,2026-04-11 11:12:25
Kitchens of the Great Midwest,N/A,Fiction,5,£57.20,2026-04-11 11:12:26
Jane Eyre,N/A,Default,5,£38.43,2026-04-11 11:12:28
Imperfect Harmony,N/A,Romance,4,£34.74,2026-04-11 11:12:29
Icing (Aces Hockey #2),N/A,Sports and Games,4,£40.44,2026-04-11 11:12:31
"Hawkeye, Vol. 1: My Life as a Weapon (Hawkeye #1)",N/A,Sequential Art,3,£45.24,2026-04-11 11:12:32
Having the Barbarian's Baby (Ice Planet Barbarians #7.5),N/A,Science Fiction,4,£34.96,2026-04-11 11:12:34
"Giant Days, Vol. 1 (Giant Days #1-4)",N/A,Sequential Art,4,£56.76,2026-04-11 11:12:35
"Fruits Basket, Vol. 1 (Fruits Basket #1)",N/A,Sequential Art,5,£40.28,2026-04-11 11:12:37
Frankenstein,N/A,Default,2,£38.00,2026-04-11 11:12:38
Forever Rockers (The Rocker #12),N/A,Music,3,£28.80,2026-04-11 11:12:40
Fighting Fate (Fighting #6),N/A,Romance,3,£39.24,2026-04-11 11:12:42
Emma,N/A,Classics,2,£32.93,2026-04-11 11:12:43
"Eat, Pray, Love",N/A,Nonfiction,3,£51.32,2026-04-11 11:12:44
Deep Under (Walker Security #1),N/A,Romance,5,£47.09,2026-04-11 11:12:46
Choosing Our Religion: The Spiritual Lives of America's Nones,N/A,Religion,4,£28.42,2026-04-11 11:12:47
Charlie and the Chocolate Factory (Charlie Bucket #1),N/A,Childrens,3,£22.85,2026-04-11 11:12:49
Charity's Cross (Charles Towne Belles #4),N/A,Romance,1,£41.24,2026-04-11 11:12:50
Bright Lines,N/A,Fiction,5,£39.07,2026-04-11 11:12:52
Bridget Jones's Diary (Bridget Jones #1),N/A,Womens Fiction,1,£29.82,2026-04-11 11:12:54
Bounty (Colorado Mountain #7),N/A,Romance,4,£37.26,2026-04-11 11:12:55
Blood Defense (Samantha Brinkman #1),N/A,Mystery,3,£20.30,2026-04-11 11:12:56
"Bleach, Vol. 1: Strawberry and the Soul Reapers (Bleach #1)",N/A,Sequential Art,5,£34.65,2026-04-11 11:12:58
Beyond Good and Evil,N/A,Philosophy,1,£43.38,2026-04-11 11:13:00
Alice in Wonderland (Alice's Adventures in Wonderland #1),N/A,Classics,1,£55.53,2026-04-11 11:13:01
"Ajin: Demi-Human, Volume 1 (Ajin: Demi-Human #1)",N/A,Sequential Art,4,£57.06,2026-04-11 11:13:03
A Spy's Devotion (The Regency Spies of London #1),N/A,Historical Fiction,5,£16.97,2026-04-11 11:13:04
1st to Die (Women's Murder Club #1),N/A,Mystery,1,£53.98,2026-04-11 11:13:05
"1,000 Places to See Before You Die",N/A,Travel,5,£26.08,2026-04-11 11:13:07
A Light in the Attic,N/A,Poetry,3,£51.77,2026-04-12 13:49:55
Tipping the Velvet,N/A,Historical Fiction,1,£53.74,2026-04-12 13:49:56
Soumission,N/A,Fiction,1,£50.10,2026-04-12 13:49:57
Sharp Objects,N/A,Mystery,4,£47.82,2026-04-12 13:49:58
Sapiens: A Brief History of Humankind,N/A,History,5,£54.23,2026-04-12 13:49:59
The Requiem Red,N/A,Young Adult,1,£22.65,2026-04-12 13:50:00
The Dirty Little Secrets of Getting Your Dream Job,N/A,Business,4,£33.34,2026-04-12 13:50:02
"The Coming Woman: A Novel Based on the Life of the Infamous Feminist, Victoria Woodhull",N/A,Default,3,£17.93,2026-04-12 13:50:03
The Boys in the Boat: Nine Americans and Their Epic Quest for Gold at the 1936 Berlin Olympics,N/A,Default,4,£22.60,2026-04-12 13:50:04
The Black Maria,N/A,Poetry,1,£52.15,2026-04-12 13:50:06
"Starving Hearts (Triangular Trade Trilogy, #1)",N/A,Default,2,£13.99,2026-04-12 13:50:07
Shakespeare's Sonnets,N/A,Poetry,4,£20.66,2026-04-12 13:50:08
Set Me Free,N/A,Young Adult,5,£17.46,2026-04-12 13:50:10
Scott Pilgrim's Precious Little Life (Scott Pilgrim #1),N/A,Sequential Art,5,£52.29,2026-04-12 13:50:11
Rip it Up and Start Again,N/A,Music,5,£35.02,2026-04-12 13:50:12
"Our Band Could Be Your Life: Scenes from the American Indie Underground, 1981-1991",N/A,Music,3,£57.25,2026-04-12 13:50:14
Olio,N/A,Poetry,1,£23.88,2026-04-12 13:50:15
Mesaerion: The Best Science Fiction Stories 1800-1849,N/A,Science Fiction,1,£37.59,2026-04-12 13:50:16
Libertarianism for Beginners,N/A,Politics,2,£51.33,2026-04-12 13:50:18
It's Only the Himalayas,N/A,Travel,2,£45.17,2026-04-12 13:50:19
In Her Wake,N/A,Thriller,1,£12.84,2026-04-12 13:50:20
How Music Works,N/A,Music,2,£37.32,2026-04-12 13:50:22
"Foolproof Preserving: A Guide to Small Batch Jams, Jellies, Pickles, Condiments, and More: A Foolproof Guide to Making Small Batch Jams, Jellies, Pickles, Condiments, and More",N/A,Food and Drink,3,£30.52,2026-04-12 13:50:23
Chase Me (Paris Nights #2),N/A,Romance,5,£25.27,2026-04-12 13:50:25
Black Dust,N/A,Romance,5,£34.53,2026-04-12 13:50:26
Birdsong: A Story in Pictures,N/A,Childrens,3,£54.64,2026-04-12 13:50:28
America's Cradle of Quarterbacks: Western Pennsylvania's Football Factory from Johnny Unitas to Joe Montana,N/A,Default,3,£22.50,2026-04-12 13:50:29
Aladdin and His Wonderful Lamp,N/A,Default,3,£53.13,2026-04-12 13:50:30
Worlds Elsewhere: Journeys Around Shakespeare’s Globe,N/A,Nonfiction,5,£40.30,2026-04-12 13:50:31
Wall and Piece,N/A,Art,4,£44.18,2026-04-12 13:50:32
The Four Agreements: A Practical Guide to Personal Freedom,N/A,Spirituality,5,£17.66,2026-04-12 13:50:34
The Five Love Languages: How to Express Heartfelt Commitment to Your Mate,N/A,Nonfiction,3,£31.05,2026-04-12 13:50:35
The Elephant Tree,N/A,Thriller,5,£23.82,2026-04-12 13:50:36
The Bear and the Piano,N/A,Childrens,1,£36.89,2026-04-12 13:50:37
Sophie's World,N/A,Philosophy,5,£15.94,2026-04-12 13:50:38
Penny Maybe,N/A,Default,3,£33.29,2026-04-12 13:50:39
Maude (1883-1993):She Grew Up with the country,N/A,Default,2,£18.02,2026-04-12 13:50:40
"In a Dark, Dark Wood",N/A,Mystery,1,£19.63,2026-04-12 13:50:41
Behind Closed Doors,N/A,Thriller,4,£52.22,2026-04-12 13:50:43
You can't bury them all: Poems,N/A,Poetry,2,£33.63,2026-04-12 13:50:44
Slow States of Collapse: Poems,N/A,Poetry,3,£57.31,2026-04-12 13:50:45
Reasons to Stay Alive,N/A,Nonfiction,2,£26.41,2026-04-12 13:50:46
Private Paris (Private #10),N/A,Fiction,5,£47.61,2026-04-12 13:50:47
#HigherSelfie: Wake Up Your Life. Free Your Soul. Find Your Tribe.,N/A,Nonfiction,5,£23.11,2026-04-12 13:50:48
Without Borders (Wanderlove #1),N/A,New Adult,2,£45.07,2026-04-12 13:50:49
When We Collided,N/A,Contemporary,1,£31.77,2026-04-12 13:50:50
"We Love You, Charlie Freeman",N/A,Fiction,5,£50.27,2026-04-12 13:50:51
Untitled Collection: Sabbath Poems 2014,N/A,Poetry,4,£14.27,2026-04-12 13:50:52
"Unseen City: The Majesty of Pigeons, the Discreet Charm of Snails & Other Wonders of the Urban Wilderness",N/A,Nonfiction,4,£44.18,2026-04-12 13:50:54
Unicorn Tracks,N/A,Fantasy,3,£18.78,2026-04-12 13:50:55
"Unbound: How Eight Technologies Made Us Human, Transformed Society, and Brought Our World to the Brink",N/A,History,1,£25.52,2026-04-12 13:50:56
Tsubasa: WoRLD CHRoNiCLE 2 (Tsubasa WoRLD CHRoNiCLE #2),N/A,Sequential Art,1,£16.28,2026-04-12 13:50:57
Throwing Rocks at the Google Bus: How Growth Became the Enemy of Prosperity,N/A,Nonfiction,3,£31.12,2026-04-12 13:50:58
This One Summer,N/A,Sequential Art,4,£19.49,2026-04-12 13:50:59
Thirst,N/A,Fiction,5,£17.27,2026-04-12 13:51:00
The Torch Is Passed: A Harding Family Story,N/A,Add a comment,1,£19.09,2026-04-12 13:51:01
The Secret of Dreadwillow Carse,N/A,Childrens,1,£56.13,2026-04-12 13:51:02
"The Pioneer Woman Cooks: Dinnertime: Comfort Classics, Freezer Food, 16-Minute Meals, and Other Delicious Ways to Solve Supper!",N/A,Food and Drink,1,£56.41,2026-04-12 13:51:03
The Past Never Ends,N/A,Mystery,4,£56.50,2026-04-12 13:51:05
The Natural History of Us (The Fine Art of Pretending #2),N/A,Young Adult,3,£45.22,2026-04-12 13:51:06
The Nameless City (The Nameless City #1),N/A,Sequential Art,4,£38.16,2026-04-12 13:51:07
The Murder That Never Was (Forensic Instincts #5),N/A,Fiction,3,£54.11,2026-04-12 13:51:09
The Most Perfect Thing: Inside (and Outside) a Bird's Egg,N/A,Science,4,£42.96,2026-04-12 13:51:10
"The Mindfulness and Acceptance Workbook for Anxiety: A Guide to Breaking Free from Anxiety, Phobias, and Worry Using Acceptance and Commitment Therapy",N/A,Add a comment,4,£23.89,2026-04-12 13:51:11
The Life-Changing Magic of Tidying Up: The Japanese Art of Decluttering and Organizing,N/A,Nonfiction,3,£16.77,2026-04-12 13:51:12
"The Inefficiency Assassin: Time Management Tactics for Working Smarter, Not Longer",N/A,Default,5,£20.59,2026-04-12 13:51:13
The Gutsy Girl: Escapades for Your Life of Epic Adventure,N/A,Nonfiction,1,£37.13,2026-04-12 13:51:14
The Electric Pencil: Drawings from Inside State Hospital No. 3,N/A,Nonfiction,1,£56.06,2026-04-12 13:51:15
The Death of Humanity: and the Case for Life,N/A,Philosophy,4,£58.11,2026-04-12 13:51:16
"The Bulletproof Diet: Lose up to a Pound a Day, Reclaim Energy and Focus, Upgrade Your Life",N/A,Health,3,£49.05,2026-04-12 13:51:17
The Art Forger,N/A,Add a comment,3,£40.76,2026-04-12 13:51:18
The Age of Genius: The Seventeenth Century and the Birth of the Modern Mind,N/A,History,1,£19.73,2026-04-12 13:51:20
The Activist's Tao Te Ching: Ancient Advice for a Modern Revolution,N/A,Spirituality,5,£32.24,2026-04-12 13:51:21
Spark Joy: An Illustrated Master Class on the Art of Organizing and Tidying Up,N/A,Nonfiction,4,£41.83,2026-04-12 13:51:22
Soul Reader,N/A,Default,2,£39.58,2026-04-12 13:51:23
Security,N/A,Horror,2,£39.25,2026-04-12 13:51:24
"Saga, Volume 6 (Saga (Collected Editions) #6)",N/A,Fantasy,3,£25.02,2026-04-12 13:51:25
"Saga, Volume 5 (Saga (Collected Editions) #5)",N/A,Sequential Art,2,£51.04,2026-04-12 13:51:26
Reskilling America: Learning to Labor in the Twenty-First Century,N/A,Nonfiction,2,£19.83,2026-04-12 13:51:27
"Rat Queens, Vol. 3: Demons (Rat Queens (Collected Editions) #11-15)",N/A,Sequential Art,3,£50.40,2026-04-12 13:51:28
"Princess Jellyfish 2-in-1 Omnibus, Vol. 01 (Princess Jellyfish 2-in-1 Omnibus #1)",N/A,Sequential Art,5,£13.61,2026-04-12 13:51:30
Princess Between Worlds (Wide-Awake Princess #5),N/A,Fantasy,5,£13.34,2026-04-12 13:51:31
"Pop Gun War, Volume 1: Gift",N/A,Sequential Art,1,£18.97,2026-04-12 13:51:32
"Political Suicide: Missteps, Peccadilloes, Bad Calls, Backroom Hijinx, Sordid Pasts, Rotten Breaks, and Just Plain Dumb Mistakes in the Annals of American Politics",N/A,History,2,£36.28,2026-04-12 13:51:33
Patience,N/A,Sequential Art,3,£10.16,2026-04-12 13:51:34
"Outcast, Vol. 1: A Darkness Surrounds Him (Outcast #1)",N/A,Sequential Art,4,£15.44,2026-04-12 13:51:35
orange: The Complete Collection 1 (orange: The Complete Collection #1),N/A,Sequential Art,1,£48.41,2026-04-12 13:51:36
Online Marketing for Busy Authors: A Step-By-Step Guide,N/A,Self Help,1,£46.35,2026-04-12 13:51:37
On a Midnight Clear,N/A,Add a comment,3,£14.07,2026-04-12 13:51:38
Obsidian (Lux #1),N/A,Young Adult,2,£14.86,2026-04-12 13:51:40
My Paris Kitchen: Recipes and Stories,N/A,Food and Drink,2,£33.37,2026-04-12 13:51:41
Masks and Shadows,N/A,Fantasy,2,£56.40,2026-04-12 13:51:42
"Mama Tried: Traditional Italian Cooking for the Screwed, Crude, Vegan, and Tattooed",N/A,Food and Drink,4,£14.02,2026-04-12 13:51:43
"Lumberjanes, Vol. 2: Friendship to the Max (Lumberjanes #5-8)",N/A,Sequential Art,2,£46.91,2026-04-12 13:51:44
"Lumberjanes, Vol. 1: Beware the Kitten Holy (Lumberjanes #1-4)",N/A,Sequential Art,3,£45.61,2026-04-12 13:51:45
Lumberjanes Vol. 3: A Terrible Plan (Lumberjanes #9-12),N/A,Sequential Art,2,£19.92,2026-04-12 13:51:46
"Layered: Baking, Building, and Styling Spectacular Cakes",N/A,Food and Drink,1,£40.11,2026-04-12 13:51:47
Judo: Seven Steps to Black Belt (an Introductory Guide for Beginners),N/A,Add a comment,2,£53.90,2026-04-12 13:51:48
Join,N/A,Science Fiction,5,£35.67,2026-04-12 13:51:49
In the Country We Love: My Family Divided,N/A,Nonfiction,4,£22.00,2026-04-12 13:51:51
Immunity: How Elie Metchnikoff Changed the Course of Modern Medicine,N/A,Science,5,£57.36,2026-04-12 13:51:52
"I Hate Fairyland, Vol. 1: Madly Ever After (I Hate Fairyland (Compilations) #1-5)",N/A,Sequential Art,2,£29.17,2026-04-12 13:51:53
I am a Hero Omnibus Volume 1,N/A,Sequential Art,3,£54.63,2026-04-12 13:51:54
How to Be Miserable: 40 Strategies You Already Use,N/A,Self Help,1,£46.03,2026-04-12 13:51:55
Her Backup Boyfriend (The Sorensen Family #1),N/A,Romance,1,£33.97,2026-04-12 13:51:56
"Giant Days, Vol. 2 (Giant Days #5-8)",N/A,Sequential Art,2,£22.11,2026-04-12 13:51:57
Forever and Forever: The Courtship of Henry Longfellow and Fanny Appleton,N/A,Historical Fiction,3,£29.69,2026-04-12 13:51:58
First and First (Five Boroughs #3),N/A,Romance,4,£15.97,2026-04-12 13:52:00
Fifty Shades Darker (Fifty Shades #2),N/A,Romance,1,£21.96,2026-04-12 13:52:01
Everydata: The Misinformation Hidden in the Little Data You Consume Every Day,N/A,Nonfiction,2,£54.35,2026-04-12 13:52:02
"Don't Be a Jerk: And Other Practical Advice from Dogen, Japan's Greatest Zen Master",N/A,Religion,2,£37.97,2026-04-12 13:52:03
Danganronpa Volume 1,N/A,Sequential Art,4,£51.99,2026-04-12 13:52:04
Crown of Midnight (Throne of Glass #2),N/A,Fantasy,3,£43.29,2026-04-12 13:52:05
"Codename Baboushka, Volume 1: The Conclave of Death",N/A,Sequential Art,4,£36.72,2026-04-12 13:52:06
Camp Midnight,N/A,Sequential Art,4,£17.08,2026-04-12 13:52:07
Call the Nurse: True Stories of a Country Nurse on a Scottish Isle,N/A,Nonfiction,5,£29.14,2026-04-12 13:52:08
Burning,N/A,Young Adult,3,£28.81,2026-04-12 13:52:10
Bossypants,N/A,Default,2,£49.46,2026-04-12 13:52:11
"Bitch Planet, Vol. 1: Extraordinary Machine (Bitch Planet (Collected Editions))",N/A,Sequential Art,2,£37.92,2026-04-12 13:52:12
"Avatar: The Last Airbender: Smoke and Shadow, Part 3 (Smoke and Shadow #3)",N/A,Fantasy,2,£28.09,2026-04-12 13:52:13
Algorithms to Live By: The Computer Science of Human Decisions,N/A,Nonfiction,1,£30.81,2026-04-12 13:52:14
A World of Flavor: Your Gluten Free Passport,N/A,Default,1,£42.95,2026-04-12 13:52:15
"A Piece of Sky, a Grain of Rice: A Memoir in Four Meditations",N/A,Default,5,£56.76,2026-04-12 13:52:16
A Murder in Time,N/A,Mystery,1,£16.64,2026-04-12 13:52:18
A Flight of Arrows (The Pathfinders #2),N/A,Historical Fiction,5,£55.53,2026-04-12 13:52:19
A Fierce and Subtle Poison,N/A,Young Adult,4,£28.13,2026-04-12 13:52:20
A Court of Thorns and Roses (A Court of Thorns and Roses #1),N/A,Fantasy,1,£52.37,2026-04-12 13:52:21
(Un)Qualified: How God Uses Broken People to Do Big Things,N/A,Christian,5,£54.00,2026-04-12 13:52:22
You Are What You Love: The Spiritual Power of Habit,N/A,Religion,4,£21.87,2026-04-12 13:52:23
"William Shakespeare's Star Wars: Verily, A New Hope (William Shakespeare's Star Wars #4)",N/A,Science Fiction,4,£43.30,2026-04-12 13:52:24
Tuesday Nights in 1980,N/A,Fiction,2,£21.04,2026-04-12 13:52:25
Tracing Numbers on a Train,N/A,Default,3,£41.60,2026-04-12 13:52:26
Throne of Glass (Throne of Glass #1),N/A,Fantasy,3,£35.07,2026-04-12 13:52:27
Thomas Jefferson and the Tripoli Pirates: The Forgotten War That Changed American History,N/A,History,1,£59.64,2026-04-12 13:52:28
Thirteen Reasons Why,N/A,Default,1,£52.72,2026-04-12 13:52:29
The White Cat and the Monk: A Retelling of the Poem “Pangur Bán”,N/A,Childrens,4,£58.08,2026-04-12 13:52:30
The Wedding Dress,N/A,Romance,1,£24.12,2026-04-12 13:52:32
The Vacationers,N/A,Fiction,4,£42.15,2026-04-12 13:52:33
The Third Wave: An Entrepreneur’s Vision of the Future,N/A,Business,5,£12.61,2026-04-12 13:52:34
The Stranger,N/A,Philosophy,4,£17.44,2026-04-12 13:52:35
The Shadow Hero (The Shadow Hero),N/A,Sequential Art,1,£33.14,2026-04-12 13:52:36
The Secret (The Secret #1),N/A,Default,4,£27.37,2026-04-12 13:52:37
The Regional Office Is Under Attack!,N/A,Fiction,5,£51.36,2026-04-12 13:52:38
The Psychopath Test: A Journey Through the Madness Industry,N/A,Default,2,£36.00,2026-04-12 13:52:39
The Project,N/A,Science Fiction,1,£10.65,2026-04-12 13:52:40
The Power of Now: A Guide to Spiritual Enlightenment,N/A,Nonfiction,2,£43.54,2026-04-12 13:52:42
The Omnivore's Dilemma: A Natural History of Four Meals,N/A,Nonfiction,2,£38.21,2026-04-12 13:52:43
The Nerdy Nummies Cookbook: Sweet Treats for the Geek in All of Us,N/A,Food and Drink,5,£37.34,2026-04-12 13:52:44
The Murder of Roger Ackroyd (Hercule Poirot #4),N/A,Mystery,4,£44.10,2026-04-12 13:52:45
The Mistake (Off-Campus #2),N/A,New Adult,3,£43.29,2026-04-12 13:52:46
The Matchmaker's Playbook (Wingmen Inc. #1),N/A,New Adult,1,£55.85,2026-04-12 13:52:48
The Love and Lemons Cookbook: An Apple-to-Zucchini Celebration of Impromptu Cooking,N/A,Food and Drink,2,£37.60,2026-04-12 13:52:49
The Long Shadow of Small Ghosts: Murder and Memory in an American City,N/A,Crime,1,£10.97,2026-04-12 13:52:50
The Kite Runner,N/A,Default,4,£41.82,2026-04-12 13:52:51
The House by the Lake,N/A,Historical Fiction,1,£36.95,2026-04-12 13:52:52
The Glittering Court (The Glittering Court #1),N/A,Fantasy,1,£44.28,2026-04-12 13:52:53
The Girl on the Train,N/A,Default,2,£55.02,2026-04-12 13:52:54
The Genius of Birds,N/A,Nonfiction,1,£17.24,2026-04-12 13:52:55
The Emerald Mystery,N/A,Default,2,£23.15,2026-04-12 13:52:56
The Cookies & Cups Cookbook: 125+ sweet & savory recipes reminding you to Always Eat Dessert First,N/A,Food and Drink,1,£41.25,2026-04-12 13:52:58
The Bridge to Consciousness: I'm Writing the Bridge Between Science and Our Old and New Beliefs.,N/A,Default,3,£32.00,2026-04-12 13:52:59
The Artist's Way: A Spiritual Path to Higher Creativity,N/A,Nonfiction,5,£38.49,2026-04-12 13:53:00
The Art of War,N/A,Default,5,£33.34,2026-04-12 13:53:01
The Argonauts,N/A,Autobiography,2,£10.93,2026-04-12 13:53:02
The 10% Entrepreneur: Live Your Startup Dream Without Quitting Your Day Job,N/A,Business,3,£27.55,2026-04-12 13:53:03
Suddenly in Love (Lake Haven #1),N/A,Romance,2,£55.99,2026-04-12 13:53:04
Something More Than This,N/A,Romance,4,£16.24,2026-04-12 13:53:05
Soft Apocalypse,N/A,Science Fiction,2,£26.12,2026-04-12 13:53:07
So You've Been Publicly Shamed,N/A,Nonfiction,2,£12.23,2026-04-12 13:53:08
Shoe Dog: A Memoir by the Creator of NIKE,N/A,Business,2,£23.99,2026-04-12 13:53:09
"Shobu Samurai, Project Aryoku (#3)",N/A,Add a comment,3,£29.06,2026-04-12 13:53:10
Secrets and Lace (Fatal Hearts #1),N/A,Default,1,£20.27,2026-04-12 13:53:11
Scarlett Epstein Hates It Here,N/A,Young Adult,5,£43.55,2026-04-12 13:53:12
Romero and Juliet: A Tragic Tale of Love and Zombies,N/A,Default,1,£36.94,2026-04-12 13:53:13
Redeeming Love,N/A,Christian Fiction,5,£20.47,2026-04-12 13:53:14
Poses for Artists Volume 1 - Dynamic and Sitting Poses: An Essential Reference for Figure Drawing and the Human Form,N/A,Default,1,£41.06,2026-04-12 13:53:15
Poems That Make Grown Women Cry,N/A,Poetry,4,£14.19,2026-04-12 13:53:16
"Nightingale, Sing",N/A,Young Adult,1,£38.28,2026-04-12 13:53:18
Night Sky with Exit Wounds,N/A,Poetry,1,£41.05,2026-04-12 13:53:19
Mrs. Houdini,N/A,Historical Fiction,5,£30.25,2026-04-12 13:53:20
Modern Romance,N/A,Add a comment,5,£28.26,2026-04-12 13:53:21
Miss Peregrine’s Home for Peculiar Children (Miss Peregrine’s Peculiar Children #1),N/A,Default,1,£10.76,2026-04-12 13:53:22
Louisa: The Extraordinary Life of Mrs. Adams,N/A,Biography,2,£16.85,2026-04-12 13:53:23
Little Red,N/A,Childrens,3,£13.47,2026-04-12 13:53:24
Library of Souls (Miss Peregrine’s Peculiar Children #3),N/A,Young Adult,5,£48.56,2026-04-12 13:53:25
Large Print Heart of the Pride,N/A,Default,2,£19.15,2026-04-12 13:53:26
I Had a Nice Time And Other Lies...: How to find love & sh*t like that,N/A,Womens Fiction,4,£57.36,2026-04-12 13:53:28
Hollow City (Miss Peregrine’s Peculiar Children #2),N/A,Fantasy,1,£42.98,2026-04-12 13:53:29
Grumbles,N/A,Default,2,£22.16,2026-04-12 13:53:30
Full Moon over Noah’s Ark: An Odyssey to Mount Ararat and Beyond,N/A,Travel,4,£49.43,2026-04-12 13:53:31
Frostbite (Vampire Academy #2),N/A,Young Adult,5,£29.99,2026-04-12 13:53:32
Follow You Home,N/A,Horror,1,£21.36,2026-04-12 13:53:33
First Steps for New Christians (Print Edition),N/A,Default,1,£29.00,2026-04-12 13:53:34
Finders Keepers (Bill Hodges Trilogy #2),N/A,Fiction,5,£53.53,2026-04-12 13:53:35
"Fables, Vol. 1: Legends in Exile (Fables #1)",N/A,Sequential Art,4,£41.62,2026-04-12 13:53:36
Eureka Trivia 6.0,N/A,Default,4,£54.59,2026-04-12 13:53:37
Drive: The Surprising Truth About What Motivates Us,N/A,Default,4,£34.95,2026-04-12 13:53:38
Done Rubbed Out (Reightman & Bailey #1),N/A,Default,5,£37.72,2026-04-12 13:53:40
Doing It Over (Most Likely To #1),N/A,Romance,3,£35.61,2026-04-12 13:53:41
"Deliciously Ella Every Day: Quick and Easy Recipes for Gluten-Free Snacks, Packed Lunches, and Simple Meals",N/A,Food and Drink,3,£42.16,2026-04-12 13:53:42
Dark Notes,N/A,Erotica,5,£19.19,2026-04-12 13:53:43
"Daring Greatly: How the Courage to Be Vulnerable Transforms the Way We Live, Love, Parent, and Lead",N/A,Nonfiction,3,£19.43,2026-04-12 13:53:44
Close to You,N/A,Christian Fiction,4,£49.46,2026-04-12 13:53:45
Chasing Heaven: What Dying Taught Me About Living,N/A,Spirituality,2,£37.80,2026-04-12 13:53:46
Big Magic: Creative Living Beyond Fear,N/A,Nonfiction,3,£30.80,2026-04-12 13:53:47
Becoming Wise: An Inquiry into the Mystery and Art of Living,N/A,Nonfiction,2,£27.43,2026-04-12 13:53:48
Beauty Restored (Riley Family Legacy Novellas #3),N/A,Default,2,£11.11,2026-04-12 13:53:49
Batman: The Long Halloween (Batman),N/A,Sequential Art,2,£36.50,2026-04-12 13:53:51
Batman: The Dark Knight Returns (Batman),N/A,Sequential Art,5,£15.38,2026-04-12 13:53:52
Ayumi's Violin,N/A,Default,2,£15.48,2026-04-12 13:53:53
Anonymous,N/A,Default,4,£46.82,2026-04-12 13:53:54
Amy Meets the Saints and Sages,N/A,Default,3,£18.46,2026-04-12 13:53:55
Amid the Chaos,N/A,Cultural,1,£36.58,2026-04-12 13:53:56
Amatus,N/A,Default,5,£50.54,2026-04-12 13:53:57
Agnostic: A Spirited Manifesto,N/A,Nonfiction,5,£12.51,2026-04-12 13:53:58
Zealot: The Life and Times of Jesus of Nazareth,N/A,History,3,£24.70,2026-04-12 13:53:59
You (You #1),N/A,Thriller,5,£43.61,2026-04-12 13:54:01
"Wonder Woman: Earth One, Volume One (Wonder Woman: Earth One #1)",N/A,Sequential Art,4,£37.34,2026-04-12 13:54:02
Wild Swans,N/A,Young Adult,2,£14.36,2026-04-12 13:54:03
Why the Right Went Wrong: Conservatism--From Goldwater to the Tea Party and Beyond,N/A,Politics,4,£52.65,2026-04-12 13:54:04
Whole Lotta Creativity Going On: 60 Fun and Unusual Exercises to Awaken and Strengthen Your Creativity,N/A,Nonfiction,4,£38.20,2026-04-12 13:54:05
What's It Like in Space?: Stories from Astronauts Who've Been There,N/A,Nonfiction,2,£19.60,2026-04-12 13:54:06
"We Are Robin, Vol. 1: The Vigilante Business (We Are Robin #1)",N/A,Sequential Art,1,£53.90,2026-04-12 13:54:07
Walt Disney's Alice in Wonderland,N/A,Childrens,5,£12.96,2026-04-12 13:54:08
V for Vendetta (V for Vendetta Complete),N/A,Default,4,£37.10,2026-04-12 13:54:10
Until Friday Night (The Field Party #1),N/A,Young Adult,2,£46.31,2026-04-12 13:54:11
"Unbroken: A World War II Story of Survival, Resilience, and Redemption",N/A,Default,2,£45.95,2026-04-12 13:54:12
Twenty Yawns,N/A,Childrens,2,£22.08,2026-04-12 13:54:13
Through the Woods,N/A,Sequential Art,2,£25.38,2026-04-12 13:54:14
This Is Where It Ends,N/A,Young Adult,2,£27.12,2026-04-12 13:54:15
The Year of Magical Thinking,N/A,Nonfiction,2,£43.04,2026-04-12 13:54:16
The Wright Brothers,N/A,Default,4,£56.80,2026-04-12 13:54:17
The White Queen (The Cousins' War #1),N/A,Add a comment,5,£25.91,2026-04-12 13:54:18
The Wedding Pact (The O'Malleys #2),N/A,Romance,3,£32.61,2026-04-12 13:54:20
The Time Keeper,N/A,Fiction,5,£27.88,2026-04-12 13:54:21
The Testament of Mary,N/A,Fiction,4,£52.67,2026-04-12 13:54:22
The Star-Touched Queen,N/A,Fantasy,5,£46.02,2026-04-12 13:54:23
The Songs of the Gods,N/A,Default,5,£44.48,2026-04-12 13:54:24
The Song of Achilles,N/A,Add a comment,5,£37.40,2026-04-12 13:54:25
The Rosie Project (Don Tillman #1),N/A,Default,1,£54.04,2026-04-12 13:54:26
The Power of Habit: Why We Do What We Do in Life and Business,N/A,Default,3,£16.88,2026-04-12 13:54:27
The Marriage of Opposites,N/A,Historical Fiction,4,£28.08,2026-04-12 13:54:28
The Lucifer Effect: Understanding How Good People Turn Evil,N/A,Psychology,1,£10.40,2026-04-12 13:54:30
The Long Haul (Diary of a Wimpy Kid #9),N/A,Humor,1,£44.07,2026-04-12 13:54:31
The Loney,N/A,Horror,1,£23.40,2026-04-12 13:54:32
The Literature Book (Big Ideas Simply Explained),N/A,Nonfiction,3,£17.43,2026-04-12 13:58:13
The Last Mile (Amos Decker #2),N/A,Mystery,2,£54.21,2026-04-12 13:58:14
The Immortal Life of Henrietta Lacks,N/A,Add a comment,2,£40.67,2026-04-12 13:58:15
The Hidden Oracle (The Trials of Apollo #1),N/A,Fantasy,2,£52.26,2026-04-12 13:58:16
The Help Yourself Cookbook for Kids: 60 Easy Plant-Based Recipes Kids Can Make to Stay Healthy and Save the Earth,N/A,Food and Drink,3,£28.77,2026-04-12 13:58:17
The Guilty (Will Robie #4),N/A,Thriller,2,£13.82,2026-04-12 13:58:18
The First Hostage (J.B. Collins #2),N/A,Fiction,3,£25.85,2026-04-12 13:58:19
The Dovekeepers,N/A,Add a comment,1,£48.78,2026-04-12 13:58:20
The Darkest Lie,N/A,Young Adult,5,£35.35,2026-04-12 13:58:22
The Bane Chronicles (The Bane Chronicles #1-11),N/A,Fantasy,4,£44.73,2026-04-12 13:58:23
The Bad-Ass Librarians of Timbuktu: And Their Race to Save the World’s Most Precious Manuscripts,N/A,Nonfiction,1,£15.77,2026-04-12 13:58:24
The 14th Colony (Cotton Malone #11),N/A,Thriller,1,£39.24,2026-04-12 13:58:25
That Darkness (Gardiner and Renner #1),N/A,Mystery,1,£13.92,2026-04-12 13:58:26
Tastes Like Fear (DI Marnie Rome #3),N/A,Mystery,1,£10.69,2026-04-12 13:58:27
Take Me with You,N/A,Fiction,3,£45.21,2026-04-12 13:58:28
Swell: A Year of Waves,N/A,Nonfiction,1,£45.58,2026-04-12 13:58:29
Superman Vol. 1: Before Truth (Superman by Gene Luen Yang #1),N/A,Sequential Art,5,£11.89,2026-04-12 13:58:30
Still Life with Bread Crumbs,N/A,Fiction,3,£26.41,2026-04-12 13:58:31
Steve Jobs,N/A,Default,5,£39.50,2026-04-12 13:58:32
Sorting the Beef from the Bull: The Science of Food Fraud Forensics,N/A,Science,4,£44.74,2026-04-12 13:58:34
Someone Like You (The Harrisons #2),N/A,Contemporary,5,£52.79,2026-04-12 13:58:35
"So Cute It Hurts!!, Vol. 6 (So Cute It Hurts!! #6)",N/A,Sequential Art,4,£35.43,2026-04-12 13:58:36
Shtum,N/A,Fiction,4,£55.84,2026-04-12 13:58:37
See America: A Celebration of Our National Parks & Treasured Sites,N/A,Travel,3,£48.87,2026-04-12 13:58:38
salt.,N/A,Poetry,4,£46.78,2026-04-12 13:58:39
Robin War,N/A,Sequential Art,3,£47.82,2026-04-12 13:58:40
"Red Hood/Arsenal, Vol. 1: Open for Business (Red Hood/Arsenal #1)",N/A,Sequential Art,2,£25.48,2026-04-12 13:58:41
Rain Fish,N/A,Childrens,3,£23.57,2026-04-12 13:58:42
"Quarter Life Poetry: Poems for the Young, Broke and Hangry",N/A,Poetry,5,£50.89,2026-04-12 13:58:43
Pet Sematary,N/A,Horror,3,£10.56,2026-04-12 13:58:44
"Overload: How to Unplug, Unwind, and Unleash Yourself from the Pressure of Stress",N/A,Self Help,3,£52.15,2026-04-12 13:58:46
Once Was a Time,N/A,Childrens,2,£18.28,2026-04-12 13:58:47
Old School (Diary of a Wimpy Kid #10),N/A,Humor,5,£11.83,2026-04-12 13:58:48
No Dream Is Too High: Life Lessons From a Man Who Walked on the Moon,N/A,Nonfiction,2,£21.95,2026-04-12 13:58:49
"Naruto (3-in-1 Edition), Vol. 14: Includes Vols. 40, 41 & 42 (Naruto: Omnibus #14)",N/A,Sequential Art,2,£38.39,2026-04-12 13:58:50
My Name Is Lucy Barton,N/A,Fiction,1,£41.56,2026-04-12 13:58:51
My Mrs. Brown,N/A,Fiction,3,£24.48,2026-04-12 13:58:52
My Kind of Crazy,N/A,Young Adult,1,£40.36,2026-04-12 13:58:53
Mr. Mercedes (Bill Hodges Trilogy #1),N/A,Fiction,1,£28.90,2026-04-12 13:58:55
More Than Music (Chasing the Dream #1),N/A,Add a comment,2,£37.61,2026-04-12 13:58:56
Made to Stick: Why Some Ideas Survive and Others Die,N/A,Business,5,£38.85,2026-04-12 13:58:57
Luis Paints the World,N/A,Childrens,3,£53.95,2026-04-12 13:58:58
Luckiest Girl Alive,N/A,Default,3,£49.83,2026-04-12 13:58:59
Lowriders to the Center of the Earth (Lowriders in Space #2),N/A,Sequential Art,2,£51.51,2026-04-12 13:59:00
Love Is a Mix Tape (Music #1),N/A,Music,1,£18.03,2026-04-12 13:59:01
Looking for Lovely: Collecting the Moments that Matter,N/A,Nonfiction,5,£29.14,2026-04-12 13:59:03
"Living Leadership by Insight: A Good Leader Achieves, a Great Leader Builds Monuments",N/A,Default,4,£46.91,2026-04-12 13:59:04
Let It Out: A Journey Through Journaling,N/A,Nonfiction,5,£26.79,2026-04-12 13:59:05
Lady Midnight (The Dark Artifices #1),N/A,Default,5,£16.28,2026-04-12 13:59:06
"It's All Easy: Healthy, Delicious Weeknight Meals in under 30 Minutes",N/A,Food and Drink,1,£19.55,2026-04-12 13:59:07
Island of Dragons (Unwanteds #7),N/A,Fantasy,1,£29.65,2026-04-12 13:59:08
I Know What I'm Doing -- and Other Lies I Tell Myself: Dispatches from a Life Under Construction,N/A,Humor,4,£25.98,2026-04-12 13:59:09
I Am Pilgrim (Pilgrim #1),N/A,Fiction,4,£10.60,2026-04-12 13:59:10
"Hyperbole and a Half: Unfortunate Situations, Flawed Coping Mechanisms, Mayhem, and Other Things That Happened",N/A,Humor,5,£14.75,2026-04-12 13:59:11
"Hush, Hush (Hush, Hush #1)",N/A,Default,3,£47.02,2026-04-12 13:59:13
Hold Your Breath (Search and Rescue #1),N/A,Romance,1,£28.82,2026-04-12 13:59:14
Hamilton: The Revolution,N/A,Nonfiction,3,£58.79,2026-04-12 13:59:15
Greek Mythic History,N/A,Default,5,£10.23,2026-04-12 13:59:16
God: The Most Unpleasant Character in All Fiction,N/A,Religion,5,£30.03,2026-04-12 13:59:17
Glory over Everything: Beyond The Kitchen House,N/A,Historical Fiction,3,£45.84,2026-04-12 13:59:18
Feathers: Displays of Brilliant Plumage,N/A,Art,3,£49.05,2026-04-12 13:59:19
"Far & Away: Places on the Brink of Change: Seven Continents, Twenty-Five Years",N/A,Nonfiction,4,£15.06,2026-04-12 13:59:20
Every Last Word,N/A,Default,3,£46.47,2026-04-12 13:59:21
Eligible (The Austen Project #4),N/A,Fiction,3,£27.09,2026-04-12 13:59:22
El Deafo,N/A,Sequential Art,5,£57.62,2026-04-12 13:59:24
Eight Hundred Grapes,N/A,Fiction,4,£14.39,2026-04-12 13:59:25
"Eaternity: More than 150 Deliciously Easy Vegan Recipes for a Long, Healthy, Satisfied, Joyful Life",N/A,Nonfiction,5,£51.75,2026-04-12 13:59:26
"Eat Fat, Get Thin",N/A,Health,2,£54.07,2026-04-12 13:59:27
Don't Get Caught,N/A,Young Adult,1,£55.35,2026-04-12 13:59:28
Doctor Sleep (The Shining #2),N/A,Horror,2,£40.12,2026-04-12 13:59:29
Demigods & Magicians: Percy and Annabeth Meet the Kanes (Percy Jackson & Kane Chronicles Crossover #1-3),N/A,Fantasy,5,£37.51,2026-04-12 13:59:30
Dear Mr. Knightley,N/A,Fiction,5,£11.21,2026-04-12 13:59:31
Daily Fantasy Sports,N/A,Default,1,£36.58,2026-04-12 13:59:32
Crazy Love: Overwhelmed by a Relentless God,N/A,Christian,2,£47.72,2026-04-12 13:59:33
Cometh the Hour (The Clifton Chronicles #6),N/A,Fiction,3,£25.01,2026-04-12 13:59:35
Code Name Verity (Code Name Verity #1),N/A,Add a comment,4,£22.13,2026-04-12 13:59:36
Clockwork Angel (The Infernal Devices #1),N/A,Default,1,£44.14,2026-04-12 13:59:37
City of Glass (The Mortal Instruments #3),N/A,Fantasy,4,£56.02,2026-04-12 13:59:38
City of Fallen Angels (The Mortal Instruments #4),N/A,Default,4,£11.23,2026-04-12 13:59:39
City of Bones (The Mortal Instruments #1),N/A,Default,1,£43.28,2026-04-12 13:59:40
City of Ashes (The Mortal Instruments #2),N/A,Default,1,£47.27,2026-04-12 13:59:41
Cell,N/A,Add a comment,4,£20.29,2026-04-12 13:59:42
Catching Jordan (Hundred Oaks),N/A,Young Adult,3,£50.83,2026-04-12 13:59:44
"Carry On, Warrior: Thoughts on Life Unarmed",N/A,Default,3,£31.85,2026-04-12 13:59:45
Carrie,N/A,Default,2,£46.23,2026-04-12 13:59:46
Buying In: The Secret Dialogue Between What We Buy and Who We Are,N/A,Nonfiction,4,£37.80,2026-04-12 13:59:47
Brain on Fire: My Month of Madness,N/A,Nonfiction,5,£49.32,2026-04-12 13:59:48
Batman: Europa,N/A,Sequential Art,2,£32.01,2026-04-12 13:59:49
Barefoot Contessa Back to Basics,N/A,Food and Drink,1,£28.01,2026-04-12 13:59:50
Barefoot Contessa at Home: Everyday Recipes You'll Make Over and Over Again,N/A,Food and Drink,5,£50.62,2026-04-12 13:59:51
Balloon Animals,N/A,Fiction,3,£17.03,2026-04-12 13:59:53
Art Ops Vol. 1,N/A,Sequential Art,3,£48.80,2026-04-12 13:59:54
Aristotle and Dante Discover the Secrets of the Universe (Aristotle and Dante Discover the Secrets of the Universe #1),N/A,Young Adult,4,£58.14,2026-04-12 13:59:55
Angels Walking (Angels Walking #1),N/A,Add a comment,2,£34.20,2026-04-12 13:59:56
Angels & Demons (Robert Langdon #1),N/A,Default,3,£51.48,2026-04-12 13:59:57
All the Light We Cannot See,N/A,Historical,5,£29.87,2026-04-12 13:59:58
"Adulthood Is a Myth: A ""Sarah's Scribbles"" Collection",N/A,Sequential Art,2,£10.90,2026-04-12 13:59:59
Abstract City,N/A,Nonfiction,5,£56.37,2026-04-12 14:00:00
A Time of Torment (Charlie Parker #14),N/A,Mystery,5,£48.35,2026-04-12 14:00:01
A Study in Scarlet (Sherlock Holmes #1),N/A,Mystery,2,£16.73,2026-04-12 14:00:03
"A Series of Catastrophes and Miracles: A True Story of Love, Science, and Cancer",N/A,Add a comment,2,£56.48,2026-04-12 14:00:04
A People's History of the United States,N/A,Add a comment,2,£40.79,2026-04-12 14:00:05
A Man Called Ove,N/A,Fiction,1,£39.72,2026-04-12 14:00:06
A Distant Mirror: The Calamitous 14th Century,N/A,History,3,£14.58,2026-04-12 14:00:07
A Brush of Wings (Angels Walking #3),N/A,Add a comment,1,£55.51,2026-04-12 14:00:08
1491: New Revelations of the Americas Before Columbus,N/A,History,3,£21.80,2026-04-12 14:00:09
"The Three Searches, Meaning, and the Story",N/A,Default,3,£13.33,2026-04-12 14:00:10
Searching for Meaning in Gailana,N/A,Fantasy,1,£38.73,2026-04-12 14:00:11
Rook,N/A,Add a comment,4,£37.86,2026-04-12 14:00:12
My Kitchen Year: 136 Recipes That Saved My Life,N/A,Food and Drink,2,£11.53,2026-04-12 14:00:14
13 Hours: The Inside Account of What Really Happened In Benghazi,N/A,Nonfiction,1,£27.06,2026-04-12 14:00:15
Will You Won't You Want Me?,N/A,Womens Fiction,3,£13.86,2026-04-12 14:00:16
Tipping Point for Planet Earth: How Close Are We to the Edge?,N/A,Science,1,£37.55,2026-04-12 14:00:17
The Star-Touched Queen,N/A,Fantasy,5,£32.30,2026-04-12 14:00:18
The Silent Sister (Riley MacPherson #1),N/A,Fiction,5,£46.29,2026-04-12 14:00:19
The Midnight Watch: A Novel of the Titanic and the Californian,N/A,Add a comment,1,£26.20,2026-04-12 14:00:20
The Lonely City: Adventures in the Art of Being Alone,N/A,Nonfiction,2,£33.26,2026-04-12 14:00:21
The Gray Rhino: How to Recognize and Act on the Obvious Dangers We Ignore,N/A,Add a comment,4,£59.15,2026-04-12 14:00:22
The Golden Condom: And Other Essays on Love Lost and Found,N/A,Psychology,1,£39.43,2026-04-12 14:00:24
The Epidemic (The Program 0.6),N/A,Young Adult,5,£14.44,2026-04-12 14:00:25
The Dinner Party,N/A,Fiction,2,£56.54,2026-04-12 14:00:26
The Diary of a Young Girl,N/A,Nonfiction,3,£59.90,2026-04-12 14:00:27
The Children,N/A,Add a comment,3,£11.88,2026-04-12 14:00:28
Stars Above (The Lunar Chronicles #4.5),N/A,Young Adult,2,£48.05,2026-04-12 14:00:29
Snatched: How A Drug Queen Went Undercover for the DEA and Was Kidnapped By Colombian Guerillas,N/A,Nonfiction,3,£21.21,2026-04-12 14:00:30
Raspberry Pi Electronics Projects for the Evil Genius,N/A,Default,4,£49.67,2026-04-12 14:00:31
Quench Your Own Thirst: Business Lessons Learned Over a Beer or Two,N/A,Business,1,£43.14,2026-04-12 14:00:32
Psycho: Sanitarium (Psycho #1.5),N/A,Horror,5,£36.97,2026-04-12 14:00:33
Poisonous (Max Revere Novels #3),N/A,Mystery,3,£26.80,2026-04-12 14:00:35
One with You (Crossfire #5),N/A,Add a comment,4,£15.71,2026-04-12 14:00:36
No Love Allowed (Dodge Cove #1),N/A,Young Adult,4,£54.65,2026-04-12 14:00:37
Murder at the 42nd Street Library (Raymond Ambler #1),N/A,Mystery,4,£54.36,2026-04-12 14:00:38
Most Wanted,N/A,Mystery,3,£35.28,2026-04-12 14:00:39
"Love, Lies and Spies",N/A,Historical Fiction,2,£20.55,2026-04-12 14:00:40
How to Speak Golf: An Illustrated Guide to Links Lingo,N/A,Default,5,£58.32,2026-04-12 14:00:41
Hide Away (Eve Duncan #20),N/A,Mystery,1,£11.84,2026-04-12 14:00:42
Furiously Happy: A Funny Book About Horrible Things,N/A,Nonfiction,4,£41.46,2026-04-12 14:00:44
Everyday Italian: 125 Simple and Delicious Recipes,N/A,Food and Drink,5,£20.10,2026-04-12 14:00:45
Equal Is Unfair: America's Misguided Fight Against Income Inequality,N/A,Politics,1,£56.86,2026-04-12 14:00:46
Eleanor & Park,N/A,Default,5,£56.51,2026-04-12 14:00:47
Dirty (Dive Bar #1),N/A,Romance,4,£40.83,2026-04-12 14:00:48
Can You Keep a Secret? (Fear Street Relaunch #4),N/A,Horror,1,£48.64,2026-04-12 14:00:49
Boar Island (Anna Pigeon #19),N/A,Mystery,3,£59.48,2026-04-12 14:00:50
A Paris Apartment,N/A,Historical Fiction,4,£39.01,2026-04-12 14:00:51
"A la Mode: 120 Recipes in 60 Pairings: Pies, Tarts, Cakes, Crisps, and More Topped with Ice Cream, Gelato, Frozen Custard, and More",N/A,Food and Drink,1,£38.77,2026-04-12 14:00:52
Troublemaker: Surviving Hollywood and Scientology,N/A,Default,2,£48.39,2026-04-12 14:00:54
The Widow,N/A,Mystery,2,£27.26,2026-04-12 14:00:54
"The Sleep Revolution: Transforming Your Life, One Night at a Time",N/A,Nonfiction,4,£11.68,2026-04-12 14:00:55
The Improbability of Love,N/A,Fiction,1,£59.45,2026-04-12 14:00:57
The Art of Startup Fundraising,N/A,Business,3,£21.00,2026-04-12 14:00:58
Take Me Home Tonight (Rock Star Romance #3),N/A,Romance,3,£53.98,2026-04-12 14:00:59
Sleeping Giants (Themis Files #1),N/A,Science Fiction,1,£48.74,2026-04-12 14:01:00
"Setting the World on Fire: The Brief, Astonishing Life of St. Catherine of Siena",N/A,Biography,2,£21.15,2026-04-12 14:01:01
Playing with Fire,N/A,Mystery,3,£13.71,2026-04-12 14:01:02
Off the Hook (Fishing for Trouble #1),N/A,Romance,3,£47.67,2026-04-12 14:01:03
Mothering Sunday,N/A,Fiction,2,£13.34,2026-04-12 14:01:04
"Mother, Can You Not?",N/A,Nonfiction,5,£16.89,2026-04-12 14:01:05
M Train,N/A,Autobiography,1,£27.18,2026-04-12 14:01:06
Lilac Girls,N/A,Historical Fiction,2,£17.28,2026-04-12 14:01:07
Lies and Other Acts of Love,N/A,Fiction,1,£45.14,2026-04-12 14:01:08
Lab Girl,N/A,Autobiography,1,£40.85,2026-04-12 14:01:09
Keep Me Posted,N/A,Womens Fiction,4,£20.46,2026-04-12 14:01:10
It Didn't Start with You: How Inherited Family Trauma Shapes Who We Are and How to End the Cycle,N/A,Psychology,3,£56.27,2026-04-12 14:01:11
Grey (Fifty Shades #4),N/A,Womens Fiction,4,£48.49,2026-04-12 14:01:12
"Exit, Pursued by a Bear",N/A,Young Adult,4,£51.34,2026-04-12 14:01:13
Daredevils,N/A,Fiction,3,£16.34,2026-04-12 14:01:14
Cravings: Recipes for What You Want to Eat,N/A,Food and Drink,3,£20.50,2026-04-12 14:01:16
Born for This: How to Find the Work You Were Meant to Do,N/A,Business,5,£21.59,2026-04-12 14:01:17
Arena,N/A,Science Fiction,4,£21.36,2026-04-12 14:01:18
Adultery,N/A,Default,5,£20.88,2026-04-12 14:01:19
A Mother's Reckoning: Living in the Aftermath of Tragedy,N/A,Nonfiction,3,£19.53,2026-04-12 14:01:20
A Gentleman's Position (Society of Gentlemen #3),N/A,Romance,5,£14.75,2026-04-12 14:01:21
11/22/63,N/A,Fiction,3,£48.48,2026-04-12 14:01:22
"10% Happier: How I Tamed the Voice in My Head, Reduced Stress Without Losing My Edge, and Found Self-Help That Actually Works",N/A,Nonfiction,2,£24.57,2026-04-12 14:01:23
10-Day Green Smoothie Cleanse: Lose Up to 15 Pounds in 10 Days!,N/A,Health,5,£49.71,2026-04-12 14:01:24
Without Shame,N/A,Add a comment,5,£48.27,2026-04-12 14:24:39
Watchmen,N/A,Add a comment,4,£58.05,2026-04-12 14:24:40
Unlimited Intuition Now,N/A,Default,4,£58.87,2026-04-12 14:24:41
Underlying Notes,N/A,Default,2,£11.82,2026-04-12 14:24:43
The Shack,N/A,Fiction,1,£28.03,2026-04-12 14:24:44
The New Brand You: Your New Image Makes the Sale for You,N/A,Default,5,£44.05,2026-04-12 14:24:45
"The Moosewood Cookbook: Recipes from Moosewood Restaurant, Ithaca, New York",N/A,Food and Drink,4,£12.34,2026-04-12 14:24:46
The Flowers Lied,N/A,Default,2,£16.68,2026-04-12 14:24:47
"The Fabric of the Cosmos: Space, Time, and the Texture of Reality",N/A,Science,1,£55.91,2026-04-12 14:24:48
The Book of Mormon,N/A,Religion,3,£24.57,2026-04-12 14:24:49
The Art and Science of Low Carbohydrate Living,N/A,Health,5,£52.98,2026-04-12 14:24:50
The Alien Club,N/A,Young Adult,1,£54.40,2026-04-12 14:24:51
Suzie Snowflake: One beautiful flake (a self-esteem story),N/A,Novels,5,£54.81,2026-04-12 14:24:52
Nap-a-Roo,N/A,Childrens,1,£25.08,2026-04-12 14:24:53
"NaNo What Now? Finding your editing process, revising your NaNoWriMo book and building a writing career through publishing and beyond",N/A,Default,4,£10.41,2026-04-12 14:24:54
Modern Day Fables,N/A,Default,2,£47.44,2026-04-12 14:24:55
If I Gave You God's Phone Number....: Searching for Spirituality in America,N/A,Spirituality,1,£20.91,2026-04-12 14:24:56
"Fruits Basket, Vol. 9 (Fruits Basket #9)",N/A,Sequential Art,4,£33.95,2026-04-12 14:24:57
Dress Your Family in Corduroy and Denim,N/A,Humor,3,£43.68,2026-04-12 14:24:58
Don't Forget Steven,N/A,Young Adult,1,£33.23,2026-04-12 14:25:00
Chernobyl 01:23:40: The Incredible True Story of the World's Worst Nuclear Disaster,N/A,Nonfiction,2,£35.92,2026-04-12 14:25:01
Art and Fear: Observations on the Perils (and Rewards) of Artmaking,N/A,Art,4,£48.63,2026-04-12 14:25:02
A Shard of Ice (The Black Symphony Saga #1),N/A,Fantasy,3,£56.63,2026-04-12 14:25:03
A Hero's Curse (The Unseen Chronicles #1),N/A,Add a comment,3,£50.49,2026-04-12 14:25:04
23 Degrees South: A Tropical Tale of Changing Whether...,N/A,Add a comment,2,£35.79,2026-04-12 14:25:05
"Zero to One: Notes on Startups, or How to Build the Future",N/A,Nonfiction,3,£34.06,2026-04-12 14:25:06
Why Not Me?,N/A,Nonfiction,1,£17.76,2026-04-12 14:25:07
When Breath Becomes Air,N/A,Nonfiction,2,£39.36,2026-04-12 14:25:08
Vagabonding: An Uncommon Guide to the Art of Long-Term World Travel,N/A,Travel,2,£36.94,2026-04-12 14:25:09
The Unlikely Pilgrimage of Harold Fry (Harold Fry #1),N/A,Default,5,£43.62,2026-04-12 14:25:10
The New Drawing on the Right Side of the Brain,N/A,Art,3,£43.02,2026-04-12 14:25:11
"The Midnight Assassin: Panic, Scandal, and the Hunt for America's First Serial Killer",N/A,Nonfiction,4,£28.45,2026-04-12 14:25:13
The Martian (The Martian #1),N/A,Default,2,£41.39,2026-04-12 14:25:14
The High Mountains of Portugal,N/A,Fiction,1,£51.15,2026-04-12 14:25:15
The Grownup,N/A,Short Stories,1,£35.88,2026-04-12 14:25:16
The E-Myth Revisited: Why Most Small Businesses Don't Work and What to Do About It,N/A,Business,1,£36.91,2026-04-12 14:25:17
South of Sunshine,N/A,Young Adult,1,£28.93,2026-04-12 14:25:18
Smarter Faster Better: The Secrets of Being Productive in Life and Business,N/A,Nonfiction,5,£38.89,2026-04-12 14:25:19
Silence in the Dark (Logan Point #4),N/A,Suspense,3,£58.33,2026-04-12 14:25:20
Shadows of the Past (Logan Point #1),N/A,Christian Fiction,5,£39.67,2026-04-12 14:25:21
Roller Girl,N/A,Sequential Art,5,£14.10,2026-04-12 14:25:22
Rising Strong,N/A,Nonfiction,3,£21.82,2026-04-12 14:25:24
Proofs of God: Classical Arguments from Tertullian to Barth,N/A,Philosophy,1,£54.21,2026-04-12 14:25:25
Please Kill Me: The Uncensored Oral History of Punk,N/A,Music,4,£31.19,2026-04-12 14:25:26
Out of Print: City Lights Spotlight No. 14,N/A,Poetry,5,£53.64,2026-04-12 14:25:27
My Life Next Door (My Life Next Door ),N/A,Young Adult,5,£36.39,2026-04-12 14:25:28
Miller's Valley,N/A,Fiction,2,£58.54,2026-04-12 14:25:29
Man's Search for Meaning,N/A,Nonfiction,3,£29.48,2026-04-12 14:25:30
"Love That Boy: What Two Presidents, Eight Road Trips, and My Son Taught Me About a Parent's Expectations",N/A,Nonfiction,2,£25.06,2026-04-12 14:25:31
Living Forward: A Proven Plan to Stop Drifting and Get the Life You Want,N/A,Nonfiction,3,£12.55,2026-04-12 14:25:32
Les Fleurs du Mal,N/A,Poetry,5,£29.04,2026-04-12 14:25:33
Left Behind (Left Behind #1),N/A,Default,2,£40.72,2026-04-12 14:25:34
Kill 'Em and Leave: Searching for James Brown and the American Soul,N/A,Music,5,£45.05,2026-04-12 14:25:36
Kierkegaard: A Christian Missionary to Christians,N/A,Philosophy,1,£47.13,2026-04-12 14:25:37
John Vassos: Industrial Design for Modern Life,N/A,Default,4,£20.22,2026-04-12 14:25:38
I'll Give You the Sun,N/A,Default,1,£56.48,2026-04-12 14:25:39
I Will Find You,N/A,Nonfiction,1,£44.21,2026-04-12 14:25:40
Hystopia: A Novel,N/A,Fiction,4,£21.96,2026-04-12 14:25:41
Howl and Other Poems,N/A,Poetry,2,£40.45,2026-04-12 14:25:42
History of Beauty,N/A,Art,4,£10.29,2026-04-12 14:25:43
Heaven is for Real: A Little Boy's Astounding Story of His Trip to Heaven and Back,N/A,Default,2,£52.86,2026-04-12 14:25:44
Future Shock (Future Shock #1),N/A,Young Adult,5,£55.65,2026-04-12 14:25:46
Ender's Game (The Ender Quintet #1),N/A,Default,1,£43.64,2026-04-12 14:25:47
Diary of a Citizen Scientist: Chasing Tiger Beetles and Other New Ways of Engaging the World,N/A,Science,1,£28.41,2026-04-12 14:25:48
Death by Leisure: A Cautionary Tale,N/A,Default,4,£37.51,2026-04-12 14:25:49
Brilliant Beacons: A History of the American Lighthouse,N/A,History,3,£11.45,2026-04-12 14:25:50
Brazen: The Courage to Find the You That's Been Hiding,N/A,Nonfiction,2,£19.22,2026-04-12 14:25:51
Between the World and Me,N/A,Nonfiction,4,£56.91,2026-04-12 14:25:52
Being Mortal: Medicine and What Matters in the End,N/A,Nonfiction,4,£55.06,2026-04-12 14:25:53
"A Murder Over a Girl: Justice, Gender, Junior High",N/A,Nonfiction,3,£13.20,2026-04-12 14:25:54
32 Yolks,N/A,Food and Drink,2,£53.63,2026-04-12 14:25:55
"""Most Blessed of the Patriarchs"": Thomas Jefferson and the Empire of the Imagination",N/A,History,5,£44.48,2026-04-12 14:25:56
You Are a Badass: How to Stop Doubting Your Greatness and Start Living an Awesome Life,N/A,Self Help,3,£12.08,2026-04-12 14:25:57
Wildlife of New York: A Five-Borough Coloring Book,N/A,Default,2,£22.14,2026-04-12 14:25:58
What Happened on Beale Street (Secrets of the South Mysteries #2),N/A,Mystery,5,£25.37,2026-04-12 14:26:00
Unreasonable Hope: Finding Faith in the God Who Brings Purpose to Your Pain,N/A,Spirituality,2,£46.33,2026-04-12 14:26:01
Under the Tuscan Sun,N/A,Travel,3,£37.33,2026-04-12 14:26:02
Toddlers Are A**holes: It's Not Your Fault,N/A,Humor,1,£25.55,2026-04-12 14:26:03
The Year of Living Biblically: One Man's Humble Quest to Follow the Bible as Literally as Possible,N/A,Default,1,£34.72,2026-04-12 14:26:04
The Whale,N/A,Childrens,4,£35.96,2026-04-12 14:26:05
The Story of Art,N/A,Art,4,£41.14,2026-04-12 14:26:06
The Origin of Species,N/A,Science,4,£10.01,2026-04-12 14:26:07
The Great Gatsby,N/A,Default,4,£36.05,2026-04-12 14:26:08
The Good Girl,N/A,Default,3,£49.03,2026-04-12 14:26:09
The Glass Castle,N/A,Add a comment,1,£16.24,2026-04-12 14:26:10
The Faith of Christopher Hitchens: The Restless Soul of the World's Most Notorious Atheist,N/A,Biography,1,£39.55,2026-04-12 14:26:12
The Drowning Girls,N/A,Add a comment,3,£35.67,2026-04-12 14:26:13
The Constant Princess (The Tudor Court #1),N/A,Historical Fiction,3,£16.62,2026-04-12 14:26:14
The Bourne Identity (Jason Bourne #1),N/A,Fiction,4,£42.78,2026-04-12 14:26:15
The Bachelor Girl's Guide to Murder (Herringford and Watts Mysteries #1),N/A,Mystery,5,£52.30,2026-04-12 14:26:16
The Art Book,N/A,Art,2,£32.34,2026-04-12 14:26:17
The 7 Habits of Highly Effective People: Powerful Lessons in Personal Change,N/A,Default,4,£33.17,2026-04-12 14:26:18
Team of Rivals: The Political Genius of Abraham Lincoln,N/A,Add a comment,5,£20.12,2026-04-12 14:26:19
Steal Like an Artist: 10 Things Nobody Told You About Being Creative,N/A,Default,2,£20.90,2026-04-12 14:26:20
"Sit, Stay, Love",N/A,Romance,3,£20.90,2026-04-12 14:26:22
Sister Dear,N/A,Fiction,4,£40.20,2026-04-12 14:26:23
"Shrunken Treasures: Literary Classics, Short, Sweet, and Silly",N/A,Childrens,3,£52.87,2026-04-12 14:26:24
"Rich Dad, Poor Dad",N/A,Business,1,£51.74,2026-04-12 14:26:25
Raymie Nightingale,N/A,Childrens,2,£34.41,2026-04-12 14:26:26
Playing from the Heart,N/A,Childrens,1,£32.38,2026-04-12 14:26:27
Nightstruck: A Novel,N/A,Young Adult,4,£50.35,2026-04-12 14:26:28
"Naturally Lean: 125 Nourishing Gluten-Free, Plant-Based Recipes--All Under 300 Calories",N/A,Food and Drink,5,£11.38,2026-04-12 14:26:29
Meternity,N/A,Womens Fiction,3,£43.58,2026-04-12 14:26:31
Memoirs of a Geisha,N/A,Fiction,3,£49.67,2026-04-12 14:26:32
Like Never Before (Walker Family #2),N/A,Christian Fiction,2,£28.77,2026-04-12 14:26:33
Life of Pi,N/A,Default,4,£13.22,2026-04-12 14:26:34
Leave This Song Behind: Teen Poetry at Its Best,N/A,Poetry,5,£51.17,2026-04-12 14:26:35
King's Folly (The Kinsman Chronicles #1),N/A,Fantasy,5,£39.61,2026-04-12 14:26:36
John Adams,N/A,Add a comment,4,£57.43,2026-04-12 14:26:37
How to Cook Everything Vegetarian: Simple Meatless Recipes for Great Food (How to Cook Everything),N/A,Food and Drink,4,£46.01,2026-04-12 14:26:38
How to Be a Domestic Goddess: Baking and the Art of Comfort Cooking,N/A,Food and Drink,2,£28.25,2026-04-12 14:26:40
Good in Bed (Cannie Shapiro #1),N/A,Add a comment,5,£37.05,2026-04-12 14:26:41
"Fruits Basket, Vol. 7 (Fruits Basket #7)",N/A,Sequential Art,1,£19.57,2026-04-12 14:26:42
For the Love: Fighting for Grace in a World of Impossible Standards,N/A,Nonfiction,3,£45.13,2026-04-12 14:26:43
Finding God in the Ruins: How God Redeems Pain,N/A,Nonfiction,2,£46.64,2026-04-12 14:26:44
Every Heart a Doorway (Every Heart A Doorway #1),N/A,Fantasy,5,£12.16,2026-04-12 14:26:45
Delivering the Truth (Quaker Midwife Mystery #1),N/A,Mystery,4,£20.89,2026-04-12 14:26:46
Counted With the Stars (Out from Egypt #1),N/A,Christian Fiction,5,£17.97,2026-04-12 14:26:47
"Chronicles, Vol. 1",N/A,Music,2,£52.60,2026-04-12 14:26:48
Blue Like Jazz: Nonreligious Thoughts on Christian Spirituality,N/A,Christian,1,£25.77,2026-04-12 14:26:49
Benjamin Franklin: An American Life,N/A,Biography,3,£48.19,2026-04-12 14:26:50
"At The Existentialist Café: Freedom, Being, and apricot cocktails with: Jean-Paul Sartre, Simone de Beauvoir, Albert Camus, Martin Heidegger, Edmund Husserl, Karl Jaspers, Maurice Merleau-Ponty and others",N/A,Philosophy,5,£29.93,2026-04-12 14:26:52
A Summer In Europe,N/A,Travel,2,£44.34,2026-04-12 14:26:53
A Short History of Nearly Everything,N/A,History,5,£52.40,2026-04-12 14:26:54
A Gathering of Shadows (Shades of Magic #2),N/A,Fantasy,4,£44.81,2026-04-12 14:26:55
The Sound Of Love,N/A,Default,5,£57.84,2026-04-12 14:26:56
The Rise and Fall of the Third Reich: A History of Nazi Germany,N/A,History,2,£39.67,2026-04-12 14:26:57
The Perks of Being a Wallflower,N/A,Default,3,£55.02,2026-04-12 14:26:58
The Mysterious Affair at Styles (Hercule Poirot #1),N/A,Mystery,4,£24.80,2026-04-12 14:26:59
The Man Who Mistook His Wife for a Hat and Other Clinical Tales,N/A,Nonfiction,4,£59.45,2026-04-12 14:27:00
The Makings of a Fatherless Child,N/A,Default,2,£31.58,2026-04-12 14:27:02
The Joy of Cooking,N/A,Add a comment,4,£43.27,2026-04-12 14:27:03
The Invention of Wings,N/A,Historical Fiction,1,£37.34,2026-04-12 14:27:04
The Hobbit (Middle-Earth Universe),N/A,Default,5,£17.80,2026-04-12 14:27:05
The Great Railway Bazaar,N/A,Travel,1,£30.54,2026-04-12 14:27:06
The Golden Compass (His Dark Materials #1),N/A,Add a comment,1,£18.77,2026-04-12 14:27:07
The God Delusion,N/A,Add a comment,3,£46.85,2026-04-12 14:27:08
The Girl You Left Behind (The Girl You Left Behind #1),N/A,Historical,1,£15.79,2026-04-12 14:27:10
The Fellowship of the Ring (The Lord of the Rings #1),N/A,Default,2,£10.27,2026-04-12 14:27:11
The Collected Poems of W.B. Yeats (The Collected Works of W.B. Yeats #1),N/A,Poetry,5,£15.42,2026-04-12 14:27:12
The Barefoot Contessa Cookbook,N/A,Food and Drink,5,£59.92,2026-04-12 14:27:13
Tell the Wolves I'm Home,N/A,Young Adult,2,£50.96,2026-04-12 14:27:14
Ship Leaves Harbor: Essays on Travel by a Recovering Journeyman,N/A,Default,3,£30.60,2026-04-12 14:27:15
Pride and Prejudice,N/A,Add a comment,4,£19.27,2026-04-12 14:27:16
Musicophilia: Tales of Music and the Brain,N/A,Default,1,£46.58,2026-04-12 14:27:17
Mere Christianity,N/A,Add a comment,3,£48.51,2026-04-12 14:27:18
Me Before You (Me Before You #1),N/A,Fiction,1,£19.02,2026-04-12 14:27:20
In the Woods (Dublin Murder Squad #1),N/A,Mystery,2,£38.38,2026-04-12 14:27:21
In Cold Blood,N/A,Nonfiction,4,£49.98,2026-04-12 14:27:22
How to Stop Worrying and Start Living,N/A,Self Help,5,£46.49,2026-04-12 14:27:23
Give It Back,N/A,Thriller,2,£18.32,2026-04-12 14:27:24
"Girl, Interrupted",N/A,Nonfiction,3,£42.14,2026-04-12 14:27:25
Fun Home: A Family Tragicomic,N/A,Add a comment,4,£56.59,2026-04-12 14:27:26
"Fruits Basket, Vol. 6 (Fruits Basket #6)",N/A,Sequential Art,4,£20.96,2026-04-12 14:27:27
Deception Point,N/A,Fiction,4,£40.32,2026-04-12 14:27:28
"Death Note, Vol. 6: Give-and-Take (Death Note #6)",N/A,Sequential Art,3,£36.39,2026-04-12 14:27:30
Catherine the Great: Portrait of a Woman,N/A,History,4,£58.55,2026-04-12 14:27:31
Better Homes and Gardens New Cook Book,N/A,Food and Drink,3,£39.61,2026-04-12 14:27:32
An Unquiet Mind: A Memoir of Moods and Madness,N/A,Psychology,3,£21.30,2026-04-12 14:27:33
A Year in Provence (Provence #1),N/A,Travel,4,£56.88,2026-04-12 14:27:34
World Without End (The Pillars of the Earth #2),N/A,Historical Fiction,4,£32.97,2026-04-12 14:27:35
"Will Grayson, Will Grayson (Will Grayson, Will Grayson)",N/A,Young Adult,4,£47.31,2026-04-12 14:27:36
Why Save the Bankers?: And Other Essays on Our Economic and Political Crisis,N/A,Nonfiction,2,£48.67,2026-04-12 14:27:37
Where She Went (If I Stay #2),N/A,Young Adult,4,£41.73,2026-04-12 14:27:38
What If?: Serious Scientific Answers to Absurd Hypothetical Questions,N/A,Default,4,£53.68,2026-04-12 14:27:40
Two Summers,N/A,Young Adult,1,£14.64,2026-04-12 14:27:41
This Is Your Brain on Music: The Science of a Human Obsession,N/A,Music,1,£38.40,2026-04-12 14:27:42
The Secret Garden,N/A,Classics,4,£15.08,2026-04-12 14:27:43
The Raven King (The Raven Cycle #4),N/A,Add a comment,2,£30.57,2026-04-12 14:27:44
The Raven Boys (The Raven Cycle #1),N/A,Fantasy,4,£57.74,2026-04-12 14:27:45
The Power Greens Cookbook: 140 Delicious Superfood Recipes,N/A,Food and Drink,5,£11.05,2026-04-12 14:27:46
The Metamorphosis,N/A,Classics,1,£28.58,2026-04-12 14:27:47
The Mathews Men: Seven Brothers and the War Against Hitler's U-boats,N/A,History,5,£42.91,2026-04-12 14:27:48
The Little Paris Bookshop,N/A,Fiction,3,£24.73,2026-04-12 14:27:50
The Hiding Place,N/A,History,4,£55.91,2026-04-12 14:27:51
The Grand Design,N/A,Science,3,£13.76,2026-04-12 14:27:52
The Firm,N/A,Fiction,3,£45.56,2026-04-12 14:27:53
The Fault in Our Stars,N/A,Default,1,£47.22,2026-04-12 14:27:54
The False Prince (The Ascendance Trilogy #1),N/A,Fantasy,5,£56.00,2026-04-12 14:27:55
The Expatriates,N/A,Fiction,2,£44.58,2026-04-12 14:27:56
The Dream Thieves (The Raven Cycle #2),N/A,Default,1,£34.50,2026-04-12 14:27:57
The Darkest Corners,N/A,Young Adult,5,£11.33,2026-04-12 14:27:58
The Crossover,N/A,Poetry,4,£38.77,2026-04-12 14:28:00
The 5th Wave (The 5th Wave #1),N/A,Default,2,£11.83,2026-04-12 14:28:01
Tell the Wind and Fire,N/A,Fantasy,3,£45.51,2026-04-12 14:28:02
Tell Me Three Things,N/A,Young Adult,1,£41.81,2026-04-12 14:28:03
Talking to Girls About Duran Duran: One Young Man's Quest for True Love and a Cooler Haircut,N/A,Nonfiction,4,£25.15,2026-04-12 14:28:04
Siddhartha,N/A,Fiction,5,£34.22,2026-04-12 14:28:05
Shiver (The Wolves of Mercy Falls #1),N/A,Default,5,£16.23,2026-04-12 14:28:06
Remember Me?,N/A,Default,3,£11.48,2026-04-12 14:28:07
Red Dragon (Hannibal Lecter #1),N/A,Horror,3,£23.37,2026-04-12 14:28:08
Peak: Secrets from the New Science of Expertise,N/A,Science,2,£16.28,2026-04-12 14:28:10
My Mother Was Nuts,N/A,Nonfiction,4,£31.63,2026-04-12 14:28:11
Mexican Today: New and Rediscovered Recipes for Contemporary Kitchens,N/A,Food and Drink,5,£24.91,2026-04-12 14:28:12
Maybe Something Beautiful: How Art Transformed a Neighborhood,N/A,Childrens,1,£22.54,2026-04-12 14:28:13
Lola and the Boy Next Door (Anna and the French Kiss #2),N/A,Young Adult,4,£23.63,2026-04-12 14:28:14
Logan Kade (Fallen Crest High #5.5),N/A,Academic,2,£13.12,2026-04-12 14:28:15
Last One Home (New Beginnings #1),N/A,Fiction,3,£59.98,2026-04-12 14:28:16
Killing Floor (Jack Reacher #1),N/A,Thriller,4,£31.49,2026-04-12 14:28:17
Kill the Boy Band,N/A,Young Adult,5,£15.52,2026-04-12 14:28:18
Isla and the Happily Ever After (Anna and the French Kiss #3),N/A,Young Adult,5,£48.13,2026-04-12 14:28:19
If I Stay (If I Stay #1),N/A,Default,5,£38.13,2026-04-12 14:28:21
I Know Why the Caged Bird Sings (Maya Angelou's Autobiography #1),N/A,Default,2,£36.55,2026-04-12 14:28:22
Harry Potter and the Deathly Hallows (Harry Potter #7),N/A,Default,1,£23.32,2026-04-12 14:28:23
"Fruits Basket, Vol. 5 (Fruits Basket #5)",N/A,Sequential Art,1,£16.33,2026-04-12 14:28:24
Foundation (Foundation (Publication Order) #1),N/A,Science Fiction,1,£32.42,2026-04-12 14:28:25
Fool Me Once,N/A,Default,1,£16.96,2026-04-12 14:28:26
Find Her (Detective D.D. Warren #8),N/A,Add a comment,1,£22.37,2026-04-12 14:28:27
Evicted: Poverty and Profit in the American City,N/A,Add a comment,1,£42.27,2026-04-12 14:28:29
Drama,N/A,Default,2,£38.70,2026-04-12 14:28:30
Dracula the Un-Dead,N/A,Horror,5,£35.63,2026-04-12 14:28:31
Digital Fortress,N/A,Fiction,5,£58.00,2026-04-12 14:28:32
"Death Note, Vol. 5: Whiteout (Death Note #5)",N/A,Sequential Art,1,£52.41,2026-04-12 14:28:33
"Data, A Love Story: How I Gamed Online Dating to Meet My Match",N/A,Nonfiction,3,£32.35,2026-04-12 14:28:34
Critique of Pure Reason,N/A,Philosophy,1,£20.75,2026-04-12 14:28:35
Booked,N/A,Poetry,5,£17.49,2026-04-12 14:28:36
"Blue Lily, Lily Blue (The Raven Cycle #3)",N/A,Default,5,£34.13,2026-04-12 14:28:37
Approval Junkie: Adventures in Caring Too Much,N/A,Autobiography,5,£58.81,2026-04-12 14:28:38
An Abundance of Katherines,N/A,Young Adult,5,£10.00,2026-04-12 14:28:40
America's War for the Greater Middle East: A Military History,N/A,History,2,£51.22,2026-04-12 14:28:41
Alight (The Generations Trilogy #2),N/A,Default,4,£58.59,2026-04-12 14:28:42
A Girl's Guide to Moving On (New Beginnings #2),N/A,Romance,1,£31.30,2026-04-12 14:28:43
A Game of Thrones (A Song of Ice and Fire #1),N/A,Add a comment,2,£46.42,2026-04-12 14:28:44
A Feast for Crows (A Song of Ice and Fire #4),N/A,Fantasy,4,£17.21,2026-04-12 14:28:45
A Clash of Kings (A Song of Ice and Fire #2),N/A,Add a comment,3,£10.79,2026-04-12 14:28:46
Vogue Colors A to Z: A Fashion Coloring Book,N/A,Default,4,£52.35,2026-04-12 14:28:47
The Shining (The Shining #1),N/A,Default,3,£27.88,2026-04-12 14:28:48
The Pilgrim's Progress,N/A,Classics,2,£50.26,2026-04-12 14:28:50
The Perfect Play (Play by Play #1),N/A,Romance,3,£59.99,2026-04-12 14:28:51
The Passion of Dolssa,N/A,Historical Fiction,5,£28.32,2026-04-12 14:28:52
The Jazz of Physics: The Secret Link Between Music and the Structure of the Universe,N/A,Nonfiction,3,£38.71,2026-04-12 14:28:53
The Hunger Games (The Hunger Games #1),N/A,Default,5,£29.85,2026-04-12 14:28:54
The Hound of the Baskervilles (Sherlock Holmes #5),N/A,Classics,2,£14.82,2026-04-12 14:28:55
The Gunning of America: Business and the Making of American Gun Culture,N/A,Nonfiction,4,£16.81,2026-04-12 14:28:56
The Geography of Bliss: One Grump's Search for the Happiest Places in the World,N/A,Nonfiction,2,£28.23,2026-04-12 14:28:57
The Demonists (Demonist #1),N/A,Fantasy,2,£52.11,2026-04-12 14:28:58
"The Demon Prince of Momochi House, Vol. 4 (The Demon Prince of Momochi House #4)",N/A,Sequential Art,2,£27.88,2026-04-12 14:29:00
The Bone Hunters (Lexy Vaughan & Steven Macaulay #2),N/A,Thriller,3,£59.71,2026-04-12 14:29:01
The Beast (Black Dagger Brotherhood #14),N/A,Fantasy,5,£46.08,2026-04-12 14:29:02
Some Women,N/A,Womens Fiction,5,£13.73,2026-04-12 14:29:03
Shopaholic Ties the Knot (Shopaholic #3),N/A,Womens Fiction,5,£48.39,2026-04-12 14:29:04
Paper and Fire (The Great Library #2),N/A,Fantasy,5,£49.45,2026-04-12 14:29:05
Outlander (Outlander #1),N/A,Default,5,£19.67,2026-04-12 14:29:06
"Orchestra of Exiles: The Story of Bronislaw Huberman, the Israel Philharmonic, and the One Thousand Jews He Saved from Nazi Horrors",N/A,Music,3,£12.36,2026-04-12 14:29:07
No One Here Gets Out Alive,N/A,Music,5,£20.02,2026-04-12 14:29:09
Night Shift (Night Shift #1-20),N/A,Horror,4,£12.75,2026-04-12 14:29:10
Needful Things,N/A,Horror,4,£47.51,2026-04-12 14:29:11
Mockingjay (The Hunger Games #3),N/A,Default,4,£20.44,2026-04-12 14:29:12
Misery,N/A,Horror,2,£34.79,2026-04-12 14:29:13
Little Women (Little Women #1),N/A,Classics,4,£28.07,2026-04-12 14:29:14
It,N/A,Horror,3,£25.01,2026-04-12 14:29:15
Harry Potter and the Sorcerer's Stone (Harry Potter #1),N/A,Default,3,£13.90,2026-04-12 14:29:16
Harry Potter and the Prisoner of Azkaban (Harry Potter #3),N/A,Young Adult,4,£24.17,2026-04-12 14:29:17
Harry Potter and the Order of the Phoenix (Harry Potter #5),N/A,Fantasy,4,£31.63,2026-04-12 14:29:19
Harry Potter and the Half-Blood Prince (Harry Potter #6),N/A,Fantasy,5,£48.75,2026-04-12 14:29:20
Harry Potter and the Chamber of Secrets (Harry Potter #2),N/A,Fantasy,1,£14.74,2026-04-12 14:29:21
Gone with the Wind,N/A,Classics,3,£32.49,2026-04-12 14:29:22
God Is Not Great: How Religion Poisons Everything,N/A,Nonfiction,1,£27.80,2026-04-12 14:29:23
Girl With a Pearl Earring,N/A,Historical Fiction,1,£26.77,2026-04-12 14:29:24
"Fruits Basket, Vol. 4 (Fruits Basket #4)",N/A,Sequential Art,4,£50.44,2026-04-12 14:29:25
Far From True (Promise Falls Trilogy #2),N/A,Thriller,2,£34.93,2026-04-12 14:29:26
Dark Lover (Black Dagger Brotherhood #1),N/A,Romance,1,£12.87,2026-04-12 14:29:28
Confessions of a Shopaholic (Shopaholic #1),N/A,Default,2,£48.94,2026-04-12 14:29:29
Changing the Game (Play by Play #2),N/A,Romance,3,£13.38,2026-04-12 14:29:30
Candide,N/A,Classics,3,£58.63,2026-04-12 14:29:31
Can You Keep a Secret?,N/A,Womens Fiction,1,£21.94,2026-04-12 14:29:32
Atlas Shrugged,N/A,Fiction,5,£26.58,2026-04-12 14:29:33
Animal Farm,N/A,Classics,3,£57.22,2026-04-12 14:29:34
A Walk to Remember,N/A,Romance,1,£56.43,2026-04-12 14:29:36
A New Earth: Awakening to Your Life's Purpose,N/A,Spirituality,5,£55.65,2026-04-12 14:29:37
"A History of God: The 4,000-Year Quest of Judaism, Christianity, and Islam",N/A,Religion,1,£27.62,2026-04-12 14:29:38
'Salem's Lot,N/A,Horror,4,£49.56,2026-04-12 14:29:39
Zero History (Blue Ant #3),N/A,Default,1,£34.77,2026-04-12 14:29:40
Wuthering Heights,N/A,Classics,3,£17.73,2026-04-12 14:29:41
World War Z: An Oral History of the Zombie War,N/A,Default,1,£21.80,2026-04-12 14:29:42
Wild: From Lost to Found on the Pacific Crest Trail,N/A,Default,3,£46.02,2026-04-12 14:29:43
"Where'd You Go, Bernadette",N/A,Default,1,£18.13,2026-04-12 14:29:44
When You Are Engulfed in Flames,N/A,Humor,5,£30.89,2026-04-12 14:29:46
We the People: The Modern-Day Figures Who Have Reshaped and Affirmed the Founding Fathers' Vision of America,N/A,Nonfiction,3,£31.95,2026-04-12 14:29:47
We Are All Completely Beside Ourselves,N/A,Contemporary,1,£24.04,2026-04-12 14:29:48
Walk the Edge (Thunder Road #2),N/A,Young Adult,3,£32.36,2026-04-12 14:29:49
Voyager (Outlander #3),N/A,Historical Fiction,5,£21.07,2026-04-12 14:29:50
Very Good Lives: The Fringe Benefits of Failure and the Importance of Imagination,N/A,Nonfiction,3,£50.66,2026-04-12 14:29:51
Vegan Vegetarian Omnivore: Dinner for Everyone at the Table,N/A,Food and Drink,2,£13.66,2026-04-12 14:29:52
"Unstuffed: Decluttering Your Home, Mind, and Soul",N/A,Nonfiction,1,£58.09,2026-04-12 14:29:53
Under the Banner of Heaven: A Story of Violent Faith,N/A,Nonfiction,1,£30.00,2026-04-12 14:29:54
Two Boys Kissing,N/A,Young Adult,2,£32.74,2026-04-12 14:29:55
Twilight (Twilight #1),N/A,Default,2,£41.93,2026-04-12 14:29:57
Twenties Girl,N/A,Womens Fiction,2,£42.80,2026-04-12 14:29:58
"Trespassing Across America: One Man's Epic, Never-Done-Before (and Sort of Illegal) Hike Across the Heartland",N/A,Nonfiction,1,£53.51,2026-04-12 14:29:59
Three-Martini Lunch,N/A,Fiction,3,£23.21,2026-04-12 14:30:00
"Thinking, Fast and Slow",N/A,Psychology,1,£21.14,2026-04-12 14:30:01
The Wild Robot,N/A,Childrens,3,£56.07,2026-04-12 14:30:02
"The Wicked + The Divine, Vol. 3: Commercial Suicide (The Wicked + The Divine)",N/A,Sequential Art,3,£14.41,2026-04-12 14:30:03
The Undomestic Goddess,N/A,Womens Fiction,4,£45.75,2026-04-12 14:30:04
The Travelers,N/A,Thriller,1,£15.77,2026-04-12 14:30:05
The Tipping Point: How Little Things Can Make a Big Difference,N/A,Add a comment,2,£10.02,2026-04-12 14:30:06
The Thing About Jellyfish,N/A,Childrens,1,£48.77,2026-04-12 14:30:08
The Stand,N/A,Horror,2,£57.86,2026-04-12 14:30:09
The Smitten Kitchen Cookbook,N/A,Food and Drink,1,£23.59,2026-04-12 14:30:10
The Silkworm (Cormoran Strike #2),N/A,Mystery,5,£23.05,2026-04-12 14:30:11
"The Sandman, Vol. 3: Dream Country (The Sandman (volumes) #3)",N/A,Sequential Art,5,£55.55,2026-04-12 14:30:12
The Rose & the Dagger (The Wrath and the Dawn #2),N/A,Fantasy,4,£58.64,2026-04-12 14:30:13
The Road to Little Dribbling: Adventures of an American in Britain (Notes From a Small Island #2),N/A,Travel,1,£23.21,2026-04-12 14:30:14
The Rise of Theodore Roosevelt (Theodore Roosevelt #1),N/A,Biography,3,£42.57,2026-04-12 14:30:15
The Restaurant at the End of the Universe (Hitchhiker's Guide to the Galaxy #2),N/A,Science Fiction,1,£10.92,2026-04-12 14:30:16
The Rest Is Noise: Listening to the Twentieth Century,N/A,Add a comment,1,£34.77,2026-04-12 14:30:18
The Red Tent,N/A,Historical Fiction,5,£35.66,2026-04-12 14:30:19
The Purpose Driven Life: What on Earth Am I Here for?,N/A,Add a comment,3,£37.19,2026-04-12 14:30:20
The Purest Hook (Second Circle Tattoos #3),N/A,Romance,1,£12.25,2026-04-12 14:30:21
The Picture of Dorian Gray,N/A,Classics,2,£29.70,2026-04-12 14:30:22
The Paris Wife,N/A,Default,3,£36.80,2026-04-12 14:30:23
The Obsession,N/A,Romance,1,£45.43,2026-04-12 14:30:24
The Nightingale,N/A,Fiction,4,£26.26,2026-04-12 14:30:25
The New Guy (and Other Senior Year Distractions),N/A,Young Adult,3,£44.92,2026-04-12 14:30:26
The Nanny Diaries (Nanny #1),N/A,Womens Fiction,5,£52.53,2026-04-12 14:30:28
The Name of God is Mercy,N/A,Nonfiction,2,£37.25,2026-04-12 14:30:29
The Maze Runner (The Maze Runner #1),N/A,Default,1,£20.93,2026-04-12 14:30:30
The Lover's Dictionary,N/A,Default,2,£58.09,2026-04-12 14:30:31
The Lonely Ones,N/A,Childrens,5,£43.59,2026-04-12 14:30:32
The Lean Startup: How Today's Entrepreneurs Use Continuous Innovation to Create Radically Successful Businesses,N/A,Business,3,£33.92,2026-04-12 14:30:33
The Last Painting of Sara de Vos,N/A,Historical Fiction,2,£55.55,2026-04-12 14:30:34
"The Land of 10,000 Madonnas",N/A,Young Adult,4,£29.64,2026-04-12 14:30:36
The Infinities,N/A,Fiction,1,£27.41,2026-04-12 14:30:37
The Husband's Secret,N/A,Fiction,5,£52.51,2026-04-12 14:30:38
The Hitchhiker's Guide to the Galaxy (Hitchhiker's Guide to the Galaxy #1),N/A,Add a comment,3,£47.80,2026-04-12 14:30:39
The Guns of August,N/A,History,2,£14.54,2026-04-12 14:30:40
The Guernsey Literary and Potato Peel Pie Society,N/A,Historical Fiction,1,£49.53,2026-04-12 14:30:41
The Goldfinch,N/A,Default,3,£43.58,2026-04-12 14:30:42
The Giver (The Giver Quartet #1),N/A,Default,1,£12.30,2026-04-12 14:30:43
The Girl with All the Gifts,N/A,Horror,3,£49.47,2026-04-12 14:30:44
The Girl Who Played with Fire (Millennium Trilogy #2),N/A,Default,2,£22.14,2026-04-12 14:30:46
The Girl Who Kicked the Hornet's Nest (Millennium Trilogy #3),N/A,Add a comment,1,£57.48,2026-04-12 14:30:47
The Exiled,N/A,Mystery,3,£43.45,2026-04-12 14:30:48
"The End of Faith: Religion, Terror, and the Future of Reason",N/A,Add a comment,4,£22.13,2026-04-12 14:30:49
"The Elegant Universe: Superstrings, Hidden Dimensions, and the Quest for the Ultimate Theory",N/A,Science,4,£13.03,2026-04-12 14:30:50
"The Disappearing Spoon: And Other True Tales of Madness, Love, and the History of the World from the Periodic Table of the Elements",N/A,Science,5,£57.35,2026-04-12 14:30:51
The Devil Wears Prada (The Devil Wears Prada #1),N/A,Womens Fiction,1,£44.29,2026-04-12 14:30:52
The Demon-Haunted World: Science as a Candle in the Dark,N/A,Default,4,£52.25,2026-04-12 14:30:53
The Day the Crayons Came Home (Crayons),N/A,Childrens,5,£26.33,2026-04-12 14:30:54
The Da Vinci Code (Robert Langdon #2),N/A,Fiction,2,£22.96,2026-04-12 14:30:55
The Cuckoo's Calling (Cormoran Strike #1),N/A,Mystery,1,£19.21,2026-04-12 14:30:56
The Complete Stories and Poems (The Works of Edgar Allan Poe [Cameo Edition]),N/A,Classics,4,£26.78,2026-04-12 14:30:57
The Complete Poems,N/A,Add a comment,5,£41.32,2026-04-12 14:30:59
The Catcher in the Rye,N/A,Add a comment,1,£24.55,2026-04-12 14:31:00
The Cat in the Hat (Beginner Books B-1),N/A,Childrens,2,£16.26,2026-04-12 14:31:01
The Case for Christ (Cases for Christianity),N/A,Add a comment,1,£47.84,2026-04-12 14:31:02
The Book Thief,N/A,Default,2,£53.49,2026-04-12 14:31:03
The Book of Basketball: The NBA According to The Sports Guy,N/A,Sports and Games,5,£44.84,2026-04-12 14:31:04
The Blind Side: Evolution of a Game,N/A,Add a comment,5,£53.71,2026-04-12 14:31:05
The Autobiography of Malcolm X,N/A,Default,2,£23.43,2026-04-12 14:31:06
"The Art of Simple Food: Notes, Lessons, and Recipes from a Delicious Revolution",N/A,Food and Drink,3,£34.32,2026-04-12 14:31:07
The Art of Fielding,N/A,Fiction,1,£22.10,2026-04-12 14:31:08
"Surely You're Joking, Mr. Feynman!: Adventures of a Curious Character",N/A,Science,2,£25.83,2026-04-12 14:31:09
Stiff: The Curious Lives of Human Cadavers,N/A,Nonfiction,3,£36.74,2026-04-12 14:31:10
Spilled Milk: Based on a True Story,N/A,Nonfiction,1,£49.51,2026-04-12 14:31:11
Something Borrowed (Darcy & Rachel #1),N/A,Womens Fiction,5,£48.96,2026-04-12 14:31:12
Something Blue (Darcy & Rachel #2),N/A,Womens Fiction,1,£54.62,2026-04-12 14:31:13
Soldier (Talon #3),N/A,Fantasy,2,£24.72,2026-04-12 14:31:14
Shopaholic & Baby (Shopaholic #5),N/A,Default,2,£46.45,2026-04-12 14:31:15
Seven Days in the Art World,N/A,Add a comment,2,£52.33,2026-04-12 14:31:17
Seven Brief Lessons on Physics,N/A,Science,4,£30.60,2026-04-12 14:31:18
Scarlet (The Lunar Chronicles #2),N/A,Young Adult,4,£14.57,2026-04-12 14:31:19
Sarah's Key,N/A,Add a comment,1,£46.29,2026-04-12 14:31:20
"Saga, Volume 3 (Saga (Collected Editions) #3)",N/A,Sequential Art,5,£21.57,2026-04-12 14:31:21
Running with Scissors,N/A,Autobiography,4,£12.91,2026-04-12 14:31:22
Rogue Lawyer (Rogue Lawyer #1),N/A,Add a comment,3,£50.11,2026-04-12 14:31:23
"Rise of the Rocket Girls: The Women Who Propelled Us, from Missiles to the Moon to Mars",N/A,Nonfiction,4,£41.67,2026-04-12 14:31:24
Rework,N/A,Business,2,£44.88,2026-04-12 14:31:25
Reservations for Two,N/A,Romance,3,£11.10,2026-04-12 14:31:26
Red: The True Story of Red Riding Hood,N/A,Childrens,3,£28.54,2026-04-12 14:31:27
Ready Player One,N/A,Science Fiction,4,£19.07,2026-04-12 14:31:28
Quiet: The Power of Introverts in a World That Can't Stop Talking,N/A,Default,1,£43.55,2026-04-12 14:31:29
Prodigy: The Graphic Novel (Legend: The Graphic Novel #2),N/A,Sequential Art,3,£43.63,2026-04-12 14:31:30
Persepolis: The Story of a Childhood (Persepolis #1-2),N/A,Sequential Art,1,£39.13,2026-04-12 14:31:31
Packing for Mars: The Curious Science of Life in the Void,N/A,Default,2,£56.68,2026-04-12 14:31:32
Outliers: The Story of Success,N/A,Nonfiction,1,£14.16,2026-04-12 14:31:33
Original Fake,N/A,Sequential Art,3,£31.45,2026-04-12 14:31:34
Orange Is the New Black,N/A,Default,2,£24.61,2026-04-12 14:31:36
One for the Money (Stephanie Plum #1),N/A,Default,2,£32.87,2026-04-12 14:31:37
Notes from a Small Island (Notes From a Small Island #1),N/A,Nonfiction,1,£40.17,2026-04-12 14:31:38
Night (The Night Trilogy #1),N/A,Nonfiction,1,£13.51,2026-04-12 14:31:39
Neither Here nor There: Travels in Europe,N/A,Travel,3,£38.95,2026-04-12 14:31:40
Naked,N/A,Humor,3,£31.69,2026-04-12 14:31:41
Morning Star (Red Rising #3),N/A,Default,1,£29.40,2026-04-12 14:31:42
"Miracles from Heaven: A Little Girl, Her Journey to Heaven, and Her Amazing Story of Healing",N/A,Nonfiction,1,£57.83,2026-04-12 14:31:43
Midnight Riot (Peter Grant/ Rivers of London - books #1),N/A,Fantasy,2,£55.46,2026-04-12 14:31:44
Me Talk Pretty One Day,N/A,Autobiography,2,£57.60,2026-04-12 14:31:45
Manuscript Found in Accra,N/A,Add a comment,2,£34.98,2026-04-12 14:31:46
Lust & Wonder,N/A,Autobiography,2,£11.87,2026-04-12 14:31:47
Lila (Gilead #3),N/A,Fiction,3,£12.47,2026-04-12 14:31:48
"Life, the Universe and Everything (Hitchhiker's Guide to the Galaxy #3)",N/A,Science Fiction,2,£33.26,2026-04-12 14:31:49
Life Without a Recipe,N/A,Autobiography,5,£59.04,2026-04-12 14:31:50
Life After Life,N/A,Default,2,£26.13,2026-04-12 14:31:51
Letter to a Christian Nation,N/A,Nonfiction,1,£22.20,2026-04-12 14:31:52
Let's Pretend This Never Happened: A Mostly True Memoir,N/A,Nonfiction,1,£45.11,2026-04-12 14:31:53
Legend (Legend #1),N/A,Young Adult,4,£43.69,2026-04-12 14:31:55
"Lean In: Women, Work, and the Will to Lead",N/A,Default,1,£25.02,2026-04-12 14:31:56
"Lamb: The Gospel According to Biff, Christ's Childhood Pal",N/A,Humor,5,£55.50,2026-04-12 14:31:57
Lady Renegades (Rebel Belle #3),N/A,Young Adult,5,£53.04,2026-04-12 14:31:58
Jurassic Park (Jurassic Park #1),N/A,Fiction,1,£44.97,2026-04-12 14:31:59
It's Never Too Late to Begin Again: Discovering Creativity and Meaning at Midlife and Beyond,N/A,Nonfiction,1,£42.38,2026-04-12 14:32:00
Is Everyone Hanging Out Without Me? (And Other Concerns),N/A,Default,3,£20.11,2026-04-12 14:32:01
Into the Wild,N/A,Nonfiction,5,£56.70,2026-04-12 14:32:02
Inferno (Robert Langdon #4),N/A,Fiction,5,£41.00,2026-04-12 14:32:03
"In the Garden of Beasts: Love, Terror, and an American Family in Hitler's Berlin",N/A,Nonfiction,3,£28.85,2026-04-12 14:32:04
If I Run (If I Run #1),N/A,Christian Fiction,4,£49.97,2026-04-12 14:32:05
I've Got Your Number,N/A,Womens Fiction,1,£19.69,2026-04-12 14:32:06
I Am Malala: The Girl Who Stood Up for Education and Was Shot by the Taliban,N/A,Nonfiction,2,£28.88,2026-04-12 14:32:07
Hungry Girl Clean & Hungry: Easy All-Natural Recipes for Healthy Eating in the Real World,N/A,Food and Drink,3,£33.14,2026-04-12 14:32:08
"House of Lost Worlds: Dinosaurs, Dynasties, and the Story of Life on Earth",N/A,History,2,£43.70,2026-04-12 14:32:10
House of Leaves,N/A,Horror,1,£54.89,2026-04-12 14:32:11
Horrible Bear!,N/A,Childrens,2,£37.52,2026-04-12 14:32:12
Holidays on Ice,N/A,Humor,2,£51.07,2026-04-12 14:32:13
Heir to the Sky,N/A,Fantasy,4,£44.07,2026-04-12 14:32:14
Green Eggs and Ham (Beginner Books B-16),N/A,Childrens,4,£10.79,2026-04-12 14:32:15
"Grayson, Vol 3: Nemesis (Grayson #3)",N/A,Sequential Art,1,£42.72,2026-04-12 14:32:16
Gratitude,N/A,Nonfiction,5,£26.66,2026-04-12 14:32:18
Gone Girl,N/A,Default,5,£37.60,2026-04-12 14:32:19
Golden (Heart of Dread #3),N/A,Young Adult,4,£42.21,2026-04-12 14:32:20
Girl in the Blue Coat,N/A,Historical Fiction,2,£46.83,2026-04-12 14:32:21
"Fruits Basket, Vol. 3 (Fruits Basket #3)",N/A,Sequential Art,2,£45.17,2026-04-12 14:32:22
"Friday Night Lights: A Town, a Team, and a Dream",N/A,Sports and Games,3,£51.22,2026-04-12 14:32:23
Fire Bound (Sea Haven/Sisters of the Heart #5),N/A,Add a comment,4,£21.28,2026-04-12 14:32:24
Fifty Shades Freed (Fifty Shades #3),N/A,Adult Fiction,5,£15.36,2026-04-12 14:32:26
Fellside,N/A,Default,1,£38.62,2026-04-12 14:32:27
Extreme Prey (Lucas Davenport #26),N/A,Mystery,3,£25.40,2026-04-12 14:32:28
Eragon (The Inheritance Cycle #1),N/A,Fantasy,3,£43.87,2026-04-12 14:32:29
Eclipse (Twilight #3),N/A,Default,1,£18.74,2026-04-12 14:32:30
Dune (Dune #1),N/A,Science Fiction,1,£54.86,2026-04-12 14:32:31
Dracula,N/A,Default,3,£52.62,2026-04-12 14:32:32
Do Androids Dream of Electric Sheep? (Blade Runner #1),N/A,Science Fiction,1,£51.48,2026-04-12 14:32:33
Disrupted: My Misadventure in the Start-Up Bubble,N/A,Nonfiction,5,£15.28,2026-04-12 14:32:34
Dead Wake: The Last Crossing of the Lusitania,N/A,Default,5,£39.24,2026-04-12 14:32:36
"David and Goliath: Underdogs, Misfits, and the Art of Battling Giants",N/A,Default,1,£17.81,2026-04-12 14:32:37
Darkfever (Fever #1),N/A,Fantasy,1,£56.02,2026-04-12 14:32:38
Dark Places,N/A,Default,5,£23.90,2026-04-12 14:32:39
Crazy Rich Asians (Crazy Rich Asians #1),N/A,Fiction,5,£49.13,2026-04-12 14:32:40
Counting Thyme,N/A,Childrens,1,£10.62,2026-04-12 14:32:41
Cosmos,N/A,Add a comment,2,£36.17,2026-04-12 14:32:42
Civilization and Its Discontents,N/A,Psychology,2,£59.95,2026-04-12 14:32:44
Cinder (The Lunar Chronicles #1),N/A,Young Adult,1,£26.09,2026-04-12 14:32:45
Catastrophic Happiness: Finding Joy in Childhood's Messy Years,N/A,Parenting,2,£37.35,2026-04-12 14:32:46
Career of Evil (Cormoran Strike #3),N/A,Mystery,2,£24.72,2026-04-12 14:32:47
Breaking Dawn (Twilight #4),N/A,Default,5,£35.28,2026-04-12 14:32:48
Brave Enough,N/A,Nonfiction,5,£51.32,2026-04-12 14:32:49
Boy Meets Boy,N/A,Young Adult,3,£21.12,2026-04-12 14:32:50
"Born to Run: A Hidden Tribe, Superathletes, and the Greatest Race the World Has Never Seen",N/A,Nonfiction,2,£27.35,2026-04-12 14:32:51
Blink: The Power of Thinking Without Thinking,N/A,Nonfiction,5,£21.74,2026-04-12 14:32:52
Black Flags: The Rise of ISIS,N/A,Nonfiction,1,£40.87,2026-04-12 14:32:53
"Black Butler, Vol. 1 (Black Butler #1)",N/A,Sequential Art,1,£49.31,2026-04-12 14:32:55
Big Little Lies,N/A,Fiction,1,£22.11,2026-04-12 14:32:56
Between Shades of Gray,N/A,Historical Fiction,5,£20.79,2026-04-12 14:32:57
Best of My Love (Fool's Gold #20),N/A,Romance,2,£27.41,2026-04-12 14:32:58
Beowulf,N/A,Classics,2,£38.35,2026-04-12 14:32:59
Beautiful Creatures (Caster Chronicles #1),N/A,Default,5,£21.55,2026-04-12 14:33:00
Awkward,N/A,Sequential Art,2,£38.02,2026-04-12 14:33:01
Ash,N/A,Fantasy,4,£22.06,2026-04-12 14:33:02
Are We There Yet?,N/A,Childrens,3,£10.66,2026-04-12 14:33:03
Are We Smart Enough to Know How Smart Animals Are?,N/A,Nonfiction,1,£56.58,2026-04-12 14:33:05
Annie on My Mind,N/A,Young Adult,5,£36.83,2026-04-12 14:33:06
And Then There Were None,N/A,Classics,2,£35.01,2026-04-12 14:33:07
A Walk in the Woods: Rediscovering America on the Appalachian Trail,N/A,Nonfiction,4,£30.48,2026-04-12 14:33:08
A Visit from the Goon Squad,N/A,Default,5,£14.08,2026-04-12 14:33:09
A Storm of Swords (A Song of Ice and Fire #3),N/A,Fantasy,2,£31.22,2026-04-12 14:33:10
A Heartbreaking Work of Staggering Genius,N/A,Autobiography,5,£54.29,2026-04-12 14:33:11
8 Keys to Mental Health Through Exercise,N/A,Psychology,1,£31.04,2026-04-12 14:33:12
#GIRLBOSS,N/A,Add a comment,1,£50.96,2026-04-12 14:33:13
"The Suffragettes (Little Black Classics, #96)",N/A,Nonfiction,2,£11.89,2026-04-12 14:33:15
The Sense of an Ending,N/A,Add a comment,3,£31.38,2026-04-12 14:33:16
"The Sandman, Vol. 2: The Doll's House (The Sandman (volumes) #2)",N/A,Sequential Art,1,£54.81,2026-04-12 14:33:17
The Course of Love,N/A,Fiction,3,£16.78,2026-04-12 14:33:18
Sugar Rush (Offensive Line #2),N/A,Sports and Games,1,£24.42,2026-04-12 14:33:19
"Saga, Volume 2 (Saga (Collected Editions) #2)",N/A,Sequential Art,3,£11.75,2026-04-12 14:33:20
"Run, Spot, Run: The Ethics of Keeping Pets",N/A,Philosophy,1,£20.02,2026-04-12 14:33:21
New Moon (Twilight #2),N/A,Young Adult,4,£12.86,2026-04-12 14:33:22
Life,N/A,Music,5,£31.58,2026-04-12 14:33:23
Kindle Paperwhite User's Guide,N/A,Nonfiction,3,£34.00,2026-04-12 14:33:25
H is for Hawk,N/A,Nonfiction,5,£57.42,2026-04-12 14:33:26
Girl Online On Tour (Girl Online #2),N/A,Young Adult,1,£53.47,2026-04-12 14:33:27
"Fruits Basket, Vol. 2 (Fruits Basket #2)",N/A,Sequential Art,5,£11.64,2026-04-12 14:33:28
Diary of a Minecraft Zombie Book 1: A Scare of a Dare (An Unofficial Minecraft Book),N/A,Childrens,4,£52.88,2026-04-12 14:33:29
"Y: The Last Man, Vol. 1: Unmanned (Y: The Last Man #1)",N/A,Sequential Art,4,£18.51,2026-04-12 14:33:30
While You Were Mine,N/A,Historical Fiction,5,£41.32,2026-04-12 14:33:31
Where Lightning Strikes (Bleeding Stars #3),N/A,Romance,3,£39.77,2026-04-12 14:33:32
When I'm Gone,N/A,Fiction,3,£51.96,2026-04-12 14:33:33
Ways of Seeing,N/A,Art,5,£39.51,2026-04-12 14:33:34
"Vampire Knight, Vol. 1 (Vampire Knight #1)",N/A,Paranormal,1,£15.40,2026-04-12 14:33:35
Vampire Girl (Vampire Girl #1),N/A,Fantasy,2,£53.82,2026-04-12 14:33:36
Twenty Love Poems and a Song of Despair,N/A,Poetry,4,£30.95,2026-04-12 14:33:37
Travels with Charley: In Search of America,N/A,Nonfiction,5,£57.82,2026-04-12 14:33:38
Three Wishes (River of Time: California #1),N/A,Science Fiction,2,£44.18,2026-04-12 14:33:39
This One Moment (Pushing Limits #1),N/A,Romance,1,£48.71,2026-04-12 14:33:40
The Zombie Room,N/A,Default,5,£19.69,2026-04-12 14:33:41
"The Wicked + The Divine, Vol. 1: The Faust Act (The Wicked + The Divine)",N/A,Sequential Art,2,£36.52,2026-04-12 14:33:42
The Tumor,N/A,Nonfiction,5,£41.56,2026-04-12 14:33:43
The Story of Hong Gildong,N/A,Classics,4,£43.19,2026-04-12 14:33:44
The Silent Wife,N/A,Fiction,5,£12.34,2026-04-12 14:33:45
The Silent Twin (Detective Jennifer Knight #3),N/A,Fantasy,3,£36.25,2026-04-12 14:33:46
The Selfish Gene,N/A,Science,1,£29.45,2026-04-12 14:33:47
The Secret Healer,N/A,Historical Fiction,3,£34.56,2026-04-12 14:33:48
"The Sandman, Vol. 1: Preludes and Nocturnes (The Sandman (volumes) #1)",N/A,Sequential Art,3,£54.12,2026-04-12 14:33:50
The Republic,N/A,Add a comment,3,£33.78,2026-04-12 14:33:51
The Odyssey,N/A,Add a comment,3,£29.64,2026-04-12 14:33:52
The No. 1 Ladies' Detective Agency (No. 1 Ladies' Detective Agency #1),N/A,Mystery,4,£57.70,2026-04-12 14:33:53
The Nicomachean Ethics,N/A,Philosophy,1,£36.34,2026-04-12 14:33:54
The Name of the Wind (The Kingkiller Chronicle #1),N/A,Default,3,£50.59,2026-04-12 14:33:55
The Mirror & the Maze (The Wrath and the Dawn #1.5),N/A,Fantasy,1,£29.38,2026-04-12 14:33:56
The Little Prince,N/A,Classics,2,£45.42,2026-04-12 14:33:57
The Light of the Fireflies,N/A,Add a comment,1,£54.43,2026-04-12 14:33:58
The Last Girl (The Dominion Trilogy #1),N/A,Science Fiction,2,£36.26,2026-04-12 14:33:59
The Iliad,N/A,Add a comment,1,£16.16,2026-04-12 14:34:00
The Hook Up (Game On #1),N/A,New Adult,5,£36.29,2026-04-12 14:34:01
The Haters,N/A,Young Adult,5,£27.89,2026-04-12 14:34:02
The Girl You Lost,N/A,Mystery,5,£12.29,2026-04-12 14:34:03
The Girl In The Ice (DCI Erika Foster #1),N/A,Mystery,3,£15.85,2026-04-12 14:34:04
The End of the Jesus Era (An Investigation #1),N/A,Nonfiction,1,£14.40,2026-04-12 14:34:05
The Edge of Reason (Bridget Jones #2),N/A,Womens Fiction,4,£19.18,2026-04-12 14:34:07
The Complete Maus (Maus #1-2),N/A,Sequential Art,3,£10.64,2026-04-12 14:34:08
The Communist Manifesto,N/A,Add a comment,3,£14.76,2026-04-12 14:34:09
The Bhagavad Gita,N/A,Religion,3,£57.49,2026-04-12 14:34:10
The Bette Davis Club,N/A,Fiction,3,£30.66,2026-04-12 14:34:11
The Art of Not Breathing,N/A,Young Adult,4,£40.83,2026-04-12 14:34:12
Taking Shots (Assassins #1),N/A,Default,2,£18.88,2026-04-12 14:34:13
Starlark,N/A,Historical Fiction,3,£25.83,2026-04-12 14:34:14
"Skip Beat!, Vol. 01 (Skip Beat! #1)",N/A,Sequential Art,3,£42.12,2026-04-12 14:34:15
Sister Sable (The Mad Queen #1),N/A,Fantasy,3,£13.33,2026-04-12 14:34:16
Shatter Me (Shatter Me #1),N/A,Default,1,£42.40,2026-04-12 14:34:17
Shameless,N/A,New Adult,3,£58.35,2026-04-12 14:34:18
Shadow Rites (Jane Yellowrock #10),N/A,Fantasy,4,£21.72,2026-04-12 14:34:19
Settling the Score (The Summer Games #1),N/A,Sports and Games,2,£44.91,2026-04-12 14:34:21
Sense and Sensibility,N/A,Classics,1,£37.46,2026-04-12 14:34:22
"Saga, Volume 1 (Saga (Collected Editions) #1)",N/A,Sequential Art,1,£28.48,2026-04-12 14:34:23
"Rhythm, Chord & Malykhin",N/A,Romance,2,£28.34,2026-04-12 14:34:24
"Rat Queens, Vol. 1: Sass & Sorcery (Rat Queens (Collected Editions) #1-5)",N/A,Sequential Art,5,£46.96,2026-04-12 14:34:25
Paradise Lost (Paradise #1),N/A,Default,1,£24.96,2026-04-12 14:34:26
"Paper Girls, Vol. 1 (Paper Girls #1-5)",N/A,Sequential Art,4,£21.71,2026-04-12 14:34:27
"Ouran High School Host Club, Vol. 1 (Ouran High School Host Club #1)",N/A,Sequential Art,3,£29.87,2026-04-12 14:34:28
Origins (Alphas 0.5),N/A,Fantasy,1,£28.99,2026-04-12 14:34:30
One Second (Seven #7),N/A,Fantasy,2,£52.94,2026-04-12 14:34:31
On the Road (Duluoz Legend),N/A,Default,3,£32.36,2026-04-12 14:34:32
Old Records Never Die: One Man's Quest for His Vinyl and His Past,N/A,Music,2,£55.66,2026-04-12 14:34:33
Off Sides (Off #1),N/A,New Adult,5,£39.45,2026-04-12 14:34:34
Of Mice and Men,N/A,Classics,2,£47.11,2026-04-12 14:34:35
Myriad (Prentor #1),N/A,Fantasy,4,£58.75,2026-04-12 14:34:36
My Perfect Mistake (Over the Top #1),N/A,Romance,2,£38.92,2026-04-12 14:34:37
"Ms. Marvel, Vol. 1: No Normal (Ms. Marvel (2014-2015) #1)",N/A,Sequential Art,4,£39.39,2026-04-12 14:34:38
Meditations,N/A,Philosophy,2,£25.89,2026-04-12 14:34:39
Matilda,N/A,Childrens,1,£28.34,2026-04-12 14:34:40
Lost Among the Living,N/A,Historical Fiction,4,£27.70,2026-04-12 14:34:42
Lord of the Flies,N/A,Add a comment,3,£24.89,2026-04-12 14:34:43
Listen to Me (Fusion #1),N/A,Romance,3,£58.99,2026-04-12 14:34:44
Kitchens of the Great Midwest,N/A,Fiction,5,£57.20,2026-04-12 14:34:45
Jane Eyre,N/A,Default,5,£38.43,2026-04-12 14:34:46
Imperfect Harmony,N/A,Romance,4,£34.74,2026-04-12 14:34:47
Icing (Aces Hockey #2),N/A,Sports and Games,4,£40.44,2026-04-12 14:34:48
"Hawkeye, Vol. 1: My Life as a Weapon (Hawkeye #1)",N/A,Sequential Art,3,£45.24,2026-04-12 14:34:49
Having the Barbarian's Baby (Ice Planet Barbarians #7.5),N/A,Science Fiction,4,£34.96,2026-04-12 14:34:50
"Giant Days, Vol. 1 (Giant Days #1-4)",N/A,Sequential Art,4,£56.76,2026-04-12 14:34:51
"Fruits Basket, Vol. 1 (Fruits Basket #1)",N/A,Sequential Art,5,£40.28,2026-04-12 14:34:52
Frankenstein,N/A,Default,2,£38.00,2026-04-12 14:34:54
Forever Rockers (The Rocker #12),N/A,Music,3,£28.80,2026-04-12 14:34:55
Fighting Fate (Fighting #6),N/A,Romance,3,£39.24,2026-04-12 14:34:56
Emma,N/A,Classics,2,£32.93,2026-04-12 14:34:57
"Eat, Pray, Love",N/A,Nonfiction,3,£51.32,2026-04-12 14:34:58
Deep Under (Walker Security #1),N/A,Romance,5,£47.09,2026-04-12 14:34:59
Choosing Our Religion: The Spiritual Lives of America's Nones,N/A,Religion,4,£28.42,2026-04-12 14:35:00
Charlie and the Chocolate Factory (Charlie Bucket #1),N/A,Childrens,3,£22.85,2026-04-12 14:35:02
Charity's Cross (Charles Towne Belles #4),N/A,Romance,1,£41.24,2026-04-12 14:35:03
Bright Lines,N/A,Fiction,5,£39.07,2026-04-12 14:35:04
Bridget Jones's Diary (Bridget Jones #1),N/A,Womens Fiction,1,£29.82,2026-04-12 14:35:05
Bounty (Colorado Mountain #7),N/A,Romance,4,£37.26,2026-04-12 14:35:06
Blood Defense (Samantha Brinkman #1),N/A,Mystery,3,£20.30,2026-04-12 14:35:07
"Bleach, Vol. 1: Strawberry and the Soul Reapers (Bleach #1)",N/A,Sequential Art,5,£34.65,2026-04-12 14:35:08
Beyond Good and Evil,N/A,Philosophy,1,£43.38,2026-04-12 14:35:09
Alice in Wonderland (Alice's Adventures in Wonderland #1),N/A,Classics,1,£55.53,2026-04-12 14:35:10
"Ajin: Demi-Human, Volume 1 (Ajin: Demi-Human #1)",N/A,Sequential Art,4,£57.06,2026-04-12 14:35:11
A Spy's Devotion (The Regency Spies of London #1),N/A,Historical Fiction,5,£16.97,2026-04-12 14:35:13
1st to Die (Women's Murder Club #1),N/A,Mystery,1,£53.98,2026-04-12 14:35:14
"1,000 Places to See Before You Die",N/A,Travel,5,£26.08,2026-04-12 14:35:15
A Light in the Attic,N/A,Poetry,3,£51.77,2026-04-13 23:43:44
Tipping the Velvet,N/A,Historical Fiction,1,£53.74,2026-04-13 23:43:46
Soumission,N/A,Fiction,1,£50.10,2026-04-13 23:43:47
Sharp Objects,N/A,Mystery,4,£47.82,2026-04-13 23:43:48
Sapiens: A Brief History of Humankind,N/A,History,5,£54.23,2026-04-13 23:43:49
The Requiem Red,N/A,Young Adult,1,£22.65,2026-04-13 23:43:50
The Dirty Little Secrets of Getting Your Dream Job,N/A,Business,4,£33.34,2026-04-13 23:43:51
"The Coming Woman: A Novel Based on the Life of the Infamous Feminist, Victoria Woodhull",N/A,Default,3,£17.93,2026-04-13 23:43:52
The Boys in the Boat: Nine Americans and Their Epic Quest for Gold at the 1936 Berlin Olympics,N/A,Default,4,£22.60,2026-04-13 23:43:53
The Black Maria,N/A,Poetry,1,£52.15,2026-04-13 23:43:55
"Starving Hearts (Triangular Trade Trilogy, #1)",N/A,Default,2,£13.99,2026-04-13 23:43:56
Shakespeare's Sonnets,N/A,Poetry,4,£20.66,2026-04-13 23:43:57
Set Me Free,N/A,Young Adult,5,£17.46,2026-04-13 23:43:58
Scott Pilgrim's Precious Little Life (Scott Pilgrim #1),N/A,Sequential Art,5,£52.29,2026-04-13 23:43:59
Rip it Up and Start Again,N/A,Music,5,£35.02,2026-04-13 23:44:00
"Our Band Could Be Your Life: Scenes from the American Indie Underground, 1981-1991",N/A,Music,3,£57.25,2026-04-13 23:44:01
Olio,N/A,Poetry,1,£23.88,2026-04-13 23:44:03
Mesaerion: The Best Science Fiction Stories 1800-1849,N/A,Science Fiction,1,£37.59,2026-04-13 23:44:04
Libertarianism for Beginners,N/A,Politics,2,£51.33,2026-04-13 23:44:05
It's Only the Himalayas,N/A,Travel,2,£45.17,2026-04-13 23:44:06
In Her Wake,N/A,Thriller,1,£12.84,2026-04-13 23:44:07
How Music Works,N/A,Music,2,£37.32,2026-04-13 23:44:09
"Foolproof Preserving: A Guide to Small Batch Jams, Jellies, Pickles, Condiments, and More: A Foolproof Guide to Making Small Batch Jams, Jellies, Pickles, Condiments, and More",N/A,Food and Drink,3,£30.52,2026-04-13 23:44:10
Chase Me (Paris Nights #2),N/A,Romance,5,£25.27,2026-04-13 23:44:11
Black Dust,N/A,Romance,5,£34.53,2026-04-13 23:44:12
Birdsong: A Story in Pictures,N/A,Childrens,3,£54.64,2026-04-13 23:44:13
America's Cradle of Quarterbacks: Western Pennsylvania's Football Factory from Johnny Unitas to Joe Montana,N/A,Default,3,£22.50,2026-04-13 23:44:14
Aladdin and His Wonderful Lamp,N/A,Default,3,£53.13,2026-04-13 23:44:15
Worlds Elsewhere: Journeys Around Shakespeare’s Globe,N/A,Nonfiction,5,£40.30,2026-04-13 23:44:16
Wall and Piece,N/A,Art,4,£44.18,2026-04-13 23:44:18
The Four Agreements: A Practical Guide to Personal Freedom,N/A,Spirituality,5,£17.66,2026-04-13 23:44:19
The Five Love Languages: How to Express Heartfelt Commitment to Your Mate,N/A,Nonfiction,3,£31.05,2026-04-13 23:44:20
The Elephant Tree,N/A,Thriller,5,£23.82,2026-04-13 23:44:21
The Bear and the Piano,N/A,Childrens,1,£36.89,2026-04-13 23:44:22
Sophie's World,N/A,Philosophy,5,£15.94,2026-04-13 23:44:23
Penny Maybe,N/A,Default,3,£33.29,2026-04-13 23:44:24
Maude (1883-1993):She Grew Up with the country,N/A,Default,2,£18.02,2026-04-13 23:44:26
"In a Dark, Dark Wood",N/A,Mystery,1,£19.63,2026-04-13 23:44:27
Behind Closed Doors,N/A,Thriller,4,£52.22,2026-04-13 23:44:28
You can't bury them all: Poems,N/A,Poetry,2,£33.63,2026-04-13 23:44:29
Slow States of Collapse: Poems,N/A,Poetry,3,£57.31,2026-04-13 23:44:30
Reasons to Stay Alive,N/A,Nonfiction,2,£26.41,2026-04-13 23:44:31
Private Paris (Private #10),N/A,Fiction,5,£47.61,2026-04-13 23:44:32
#HigherSelfie: Wake Up Your Life. Free Your Soul. Find Your Tribe.,N/A,Nonfiction,5,£23.11,2026-04-13 23:44:34
Without Borders (Wanderlove #1),N/A,New Adult,2,£45.07,2026-04-13 23:44:35
When We Collided,N/A,Contemporary,1,£31.77,2026-04-13 23:44:36
"We Love You, Charlie Freeman",N/A,Fiction,5,£50.27,2026-04-13 23:44:37
Untitled Collection: Sabbath Poems 2014,N/A,Poetry,4,£14.27,2026-04-13 23:44:39
"Unseen City: The Majesty of Pigeons, the Discreet Charm of Snails & Other Wonders of the Urban Wilderness",N/A,Nonfiction,4,£44.18,2026-04-13 23:44:40
Unicorn Tracks,N/A,Fantasy,3,£18.78,2026-04-13 23:44:41
"Unbound: How Eight Technologies Made Us Human, Transformed Society, and Brought Our World to the Brink",N/A,History,1,£25.52,2026-04-13 23:44:42
Tsubasa: WoRLD CHRoNiCLE 2 (Tsubasa WoRLD CHRoNiCLE #2),N/A,Sequential Art,1,£16.28,2026-04-13 23:44:43
Throwing Rocks at the Google Bus: How Growth Became the Enemy of Prosperity,N/A,Nonfiction,3,£31.12,2026-04-13 23:44:44
This One Summer,N/A,Sequential Art,4,£19.49,2026-04-13 23:44:45
Thirst,N/A,Fiction,5,£17.27,2026-04-13 23:44:46
The Torch Is Passed: A Harding Family Story,N/A,Add a comment,1,£19.09,2026-04-13 23:44:47
The Secret of Dreadwillow Carse,N/A,Childrens,1,£56.13,2026-04-13 23:44:48
"The Pioneer Woman Cooks: Dinnertime: Comfort Classics, Freezer Food, 16-Minute Meals, and Other Delicious Ways to Solve Supper!",N/A,Food and Drink,1,£56.41,2026-04-13 23:44:49
The Past Never Ends,N/A,Mystery,4,£56.50,2026-04-13 23:44:50
The Natural History of Us (The Fine Art of Pretending #2),N/A,Young Adult,3,£45.22,2026-04-13 23:44:52
The Nameless City (The Nameless City #1),N/A,Sequential Art,4,£38.16,2026-04-13 23:44:53
The Murder That Never Was (Forensic Instincts #5),N/A,Fiction,3,£54.11,2026-04-13 23:44:54
The Most Perfect Thing: Inside (and Outside) a Bird's Egg,N/A,Science,4,£42.96,2026-04-13 23:44:56
"The Mindfulness and Acceptance Workbook for Anxiety: A Guide to Breaking Free from Anxiety, Phobias, and Worry Using Acceptance and Commitment Therapy",N/A,Add a comment,4,£23.89,2026-04-13 23:44:57
The Life-Changing Magic of Tidying Up: The Japanese Art of Decluttering and Organizing,N/A,Nonfiction,3,£16.77,2026-04-13 23:44:58
"The Inefficiency Assassin: Time Management Tactics for Working Smarter, Not Longer",N/A,Default,5,£20.59,2026-04-13 23:44:59
The Gutsy Girl: Escapades for Your Life of Epic Adventure,N/A,Nonfiction,1,£37.13,2026-04-13 23:45:00
The Electric Pencil: Drawings from Inside State Hospital No. 3,N/A,Nonfiction,1,£56.06,2026-04-13 23:45:01
The Death of Humanity: and the Case for Life,N/A,Philosophy,4,£58.11,2026-04-13 23:45:02
"The Bulletproof Diet: Lose up to a Pound a Day, Reclaim Energy and Focus, Upgrade Your Life",N/A,Health,3,£49.05,2026-04-13 23:45:03
The Art Forger,N/A,Add a comment,3,£40.76,2026-04-13 23:45:04
The Age of Genius: The Seventeenth Century and the Birth of the Modern Mind,N/A,History,1,£19.73,2026-04-13 23:45:05
The Activist's Tao Te Ching: Ancient Advice for a Modern Revolution,N/A,Spirituality,5,£32.24,2026-04-13 23:45:06
Spark Joy: An Illustrated Master Class on the Art of Organizing and Tidying Up,N/A,Nonfiction,4,£41.83,2026-04-13 23:45:07
Soul Reader,N/A,Default,2,£39.58,2026-04-13 23:45:08
Security,N/A,Horror,2,£39.25,2026-04-13 23:45:09
"Saga, Volume 6 (Saga (Collected Editions) #6)",N/A,Fantasy,3,£25.02,2026-04-13 23:45:11
"Saga, Volume 5 (Saga (Collected Editions) #5)",N/A,Sequential Art,2,£51.04,2026-04-13 23:45:13
Reskilling America: Learning to Labor in the Twenty-First Century,N/A,Nonfiction,2,£19.83,2026-04-13 23:45:14
"Rat Queens, Vol. 3: Demons (Rat Queens (Collected Editions) #11-15)",N/A,Sequential Art,3,£50.40,2026-04-13 23:45:15
"Princess Jellyfish 2-in-1 Omnibus, Vol. 01 (Princess Jellyfish 2-in-1 Omnibus #1)",N/A,Sequential Art,5,£13.61,2026-04-13 23:45:16
Princess Between Worlds (Wide-Awake Princess #5),N/A,Fantasy,5,£13.34,2026-04-13 23:45:17
"Pop Gun War, Volume 1: Gift",N/A,Sequential Art,1,£18.97,2026-04-13 23:45:18
"Political Suicide: Missteps, Peccadilloes, Bad Calls, Backroom Hijinx, Sordid Pasts, Rotten Breaks, and Just Plain Dumb Mistakes in the Annals of American Politics",N/A,History,2,£36.28,2026-04-13 23:45:19
Patience,N/A,Sequential Art,3,£10.16,2026-04-13 23:45:20
"Outcast, Vol. 1: A Darkness Surrounds Him (Outcast #1)",N/A,Sequential Art,4,£15.44,2026-04-13 23:45:22
orange: The Complete Collection 1 (orange: The Complete Collection #1),N/A,Sequential Art,1,£48.41,2026-04-13 23:45:23
Online Marketing for Busy Authors: A Step-By-Step Guide,N/A,Self Help,1,£46.35,2026-04-13 23:45:24
On a Midnight Clear,N/A,Add a comment,3,£14.07,2026-04-13 23:45:25
Obsidian (Lux #1),N/A,Young Adult,2,£14.86,2026-04-13 23:45:26
My Paris Kitchen: Recipes and Stories,N/A,Food and Drink,2,£33.37,2026-04-13 23:45:27
Masks and Shadows,N/A,Fantasy,2,£56.40,2026-04-13 23:45:28
"Mama Tried: Traditional Italian Cooking for the Screwed, Crude, Vegan, and Tattooed",N/A,Food and Drink,4,£14.02,2026-04-13 23:45:29
"Lumberjanes, Vol. 2: Friendship to the Max (Lumberjanes #5-8)",N/A,Sequential Art,2,£46.91,2026-04-13 23:45:30
"Lumberjanes, Vol. 1: Beware the Kitten Holy (Lumberjanes #1-4)",N/A,Sequential Art,3,£45.61,2026-04-13 23:45:31
Lumberjanes Vol. 3: A Terrible Plan (Lumberjanes #9-12),N/A,Sequential Art,2,£19.92,2026-04-13 23:45:32
"Layered: Baking, Building, and Styling Spectacular Cakes",N/A,Food and Drink,1,£40.11,2026-04-13 23:45:33
Judo: Seven Steps to Black Belt (an Introductory Guide for Beginners),N/A,Add a comment,2,£53.90,2026-04-13 23:45:35
Join,N/A,Science Fiction,5,£35.67,2026-04-13 23:45:36
In the Country We Love: My Family Divided,N/A,Nonfiction,4,£22.00,2026-04-13 23:45:37
Immunity: How Elie Metchnikoff Changed the Course of Modern Medicine,N/A,Science,5,£57.36,2026-04-13 23:45:38
"I Hate Fairyland, Vol. 1: Madly Ever After (I Hate Fairyland (Compilations) #1-5)",N/A,Sequential Art,2,£29.17,2026-04-13 23:45:39
I am a Hero Omnibus Volume 1,N/A,Sequential Art,3,£54.63,2026-04-13 23:45:40
How to Be Miserable: 40 Strategies You Already Use,N/A,Self Help,1,£46.03,2026-04-13 23:45:41
Her Backup Boyfriend (The Sorensen Family #1),N/A,Romance,1,£33.97,2026-04-13 23:45:42
"Giant Days, Vol. 2 (Giant Days #5-8)",N/A,Sequential Art,2,£22.11,2026-04-13 23:45:43
Forever and Forever: The Courtship of Henry Longfellow and Fanny Appleton,N/A,Historical Fiction,3,£29.69,2026-04-13 23:45:44
First and First (Five Boroughs #3),N/A,Romance,4,£15.97,2026-04-13 23:45:45
Fifty Shades Darker (Fifty Shades #2),N/A,Romance,1,£21.96,2026-04-13 23:45:46
Everydata: The Misinformation Hidden in the Little Data You Consume Every Day,N/A,Nonfiction,2,£54.35,2026-04-13 23:45:47
"Don't Be a Jerk: And Other Practical Advice from Dogen, Japan's Greatest Zen Master",N/A,Religion,2,£37.97,2026-04-13 23:45:48
Danganronpa Volume 1,N/A,Sequential Art,4,£51.99,2026-04-13 23:45:50
Crown of Midnight (Throne of Glass #2),N/A,Fantasy,3,£43.29,2026-04-13 23:45:51
"Codename Baboushka, Volume 1: The Conclave of Death",N/A,Sequential Art,4,£36.72,2026-04-13 23:45:52
Camp Midnight,N/A,Sequential Art,4,£17.08,2026-04-13 23:45:53
Call the Nurse: True Stories of a Country Nurse on a Scottish Isle,N/A,Nonfiction,5,£29.14,2026-04-13 23:45:54
Burning,N/A,Young Adult,3,£28.81,2026-04-13 23:45:55
Bossypants,N/A,Default,2,£49.46,2026-04-13 23:45:56
"Bitch Planet, Vol. 1: Extraordinary Machine (Bitch Planet (Collected Editions))",N/A,Sequential Art,2,£37.92,2026-04-13 23:45:57
"Avatar: The Last Airbender: Smoke and Shadow, Part 3 (Smoke and Shadow #3)",N/A,Fantasy,2,£28.09,2026-04-13 23:45:58
Algorithms to Live By: The Computer Science of Human Decisions,N/A,Nonfiction,1,£30.81,2026-04-13 23:45:59
A World of Flavor: Your Gluten Free Passport,N/A,Default,1,£42.95,2026-04-13 23:46:01
"A Piece of Sky, a Grain of Rice: A Memoir in Four Meditations",N/A,Default,5,£56.76,2026-04-13 23:46:02
A Murder in Time,N/A,Mystery,1,£16.64,2026-04-13 23:46:04
A Flight of Arrows (The Pathfinders #2),N/A,Historical Fiction,5,£55.53,2026-04-13 23:46:05
A Fierce and Subtle Poison,N/A,Young Adult,4,£28.13,2026-04-13 23:46:06
A Court of Thorns and Roses (A Court of Thorns and Roses #1),N/A,Fantasy,1,£52.37,2026-04-13 23:46:07
(Un)Qualified: How God Uses Broken People to Do Big Things,N/A,Christian,5,£54.00,2026-04-13 23:46:09
You Are What You Love: The Spiritual Power of Habit,N/A,Religion,4,£21.87,2026-04-13 23:46:11
"William Shakespeare's Star Wars: Verily, A New Hope (William Shakespeare's Star Wars #4)",N/A,Science Fiction,4,£43.30,2026-04-13 23:46:12
Tuesday Nights in 1980,N/A,Fiction,2,£21.04,2026-04-13 23:46:13
Tracing Numbers on a Train,N/A,Default,3,£41.60,2026-04-13 23:46:14
Throne of Glass (Throne of Glass #1),N/A,Fantasy,3,£35.07,2026-04-13 23:46:15
Thomas Jefferson and the Tripoli Pirates: The Forgotten War That Changed American History,N/A,History,1,£59.64,2026-04-13 23:46:16
Thirteen Reasons Why,N/A,Default,1,£52.72,2026-04-13 23:46:17
The White Cat and the Monk: A Retelling of the Poem “Pangur Bán”,N/A,Childrens,4,£58.08,2026-04-13 23:46:18
The Wedding Dress,N/A,Romance,1,£24.12,2026-04-13 23:46:19
The Vacationers,N/A,Fiction,4,£42.15,2026-04-13 23:46:21
The Third Wave: An Entrepreneur’s Vision of the Future,N/A,Business,5,£12.61,2026-04-13 23:46:22
The Stranger,N/A,Philosophy,4,£17.44,2026-04-13 23:46:23
The Shadow Hero (The Shadow Hero),N/A,Sequential Art,1,£33.14,2026-04-13 23:46:24
The Secret (The Secret #1),N/A,Default,4,£27.37,2026-04-13 23:46:25
The Regional Office Is Under Attack!,N/A,Fiction,5,£51.36,2026-04-13 23:46:26
The Psychopath Test: A Journey Through the Madness Industry,N/A,Default,2,£36.00,2026-04-13 23:46:34
The Project,N/A,Science Fiction,1,£10.65,2026-04-13 23:46:35
The Power of Now: A Guide to Spiritual Enlightenment,N/A,Nonfiction,2,£43.54,2026-04-13 23:46:36
The Omnivore's Dilemma: A Natural History of Four Meals,N/A,Nonfiction,2,£38.21,2026-04-13 23:46:37
The Nerdy Nummies Cookbook: Sweet Treats for the Geek in All of Us,N/A,Food and Drink,5,£37.34,2026-04-13 23:46:39
The Murder of Roger Ackroyd (Hercule Poirot #4),N/A,Mystery,4,£44.10,2026-04-13 23:46:40
The Mistake (Off-Campus #2),N/A,New Adult,3,£43.29,2026-04-13 23:46:41
The Matchmaker's Playbook (Wingmen Inc. #1),N/A,New Adult,1,£55.85,2026-04-13 23:46:42
The Love and Lemons Cookbook: An Apple-to-Zucchini Celebration of Impromptu Cooking,N/A,Food and Drink,2,£37.60,2026-04-13 23:46:43
The Long Shadow of Small Ghosts: Murder and Memory in an American City,N/A,Crime,1,£10.97,2026-04-13 23:46:44
The Kite Runner,N/A,Default,4,£41.82,2026-04-13 23:46:45
The House by the Lake,N/A,Historical Fiction,1,£36.95,2026-04-13 23:46:46
The Glittering Court (The Glittering Court #1),N/A,Fantasy,1,£44.28,2026-04-13 23:46:48
The Girl on the Train,N/A,Default,2,£55.02,2026-04-13 23:46:49
The Genius of Birds,N/A,Nonfiction,1,£17.24,2026-04-13 23:46:50
The Emerald Mystery,N/A,Default,2,£23.15,2026-04-13 23:46:51
The Cookies & Cups Cookbook: 125+ sweet & savory recipes reminding you to Always Eat Dessert First,N/A,Food and Drink,1,£41.25,2026-04-13 23:46:52
The Bridge to Consciousness: I'm Writing the Bridge Between Science and Our Old and New Beliefs.,N/A,Default,3,£32.00,2026-04-13 23:46:53
The Artist's Way: A Spiritual Path to Higher Creativity,N/A,Nonfiction,5,£38.49,2026-04-13 23:46:54
The Art of War,N/A,Default,5,£33.34,2026-04-13 23:46:56
The Argonauts,N/A,Autobiography,2,£10.93,2026-04-13 23:46:57
The 10% Entrepreneur: Live Your Startup Dream Without Quitting Your Day Job,N/A,Business,3,£27.55,2026-04-13 23:46:58
Suddenly in Love (Lake Haven #1),N/A,Romance,2,£55.99,2026-04-13 23:46:59
Something More Than This,N/A,Romance,4,£16.24,2026-04-13 23:47:00
Soft Apocalypse,N/A,Science Fiction,2,£26.12,2026-04-13 23:47:01
So You've Been Publicly Shamed,N/A,Nonfiction,2,£12.23,2026-04-13 23:47:02
Shoe Dog: A Memoir by the Creator of NIKE,N/A,Business,2,£23.99,2026-04-13 23:47:03
"Shobu Samurai, Project Aryoku (#3)",N/A,Add a comment,3,£29.06,2026-04-13 23:47:05
Secrets and Lace (Fatal Hearts #1),N/A,Default,1,£20.27,2026-04-13 23:47:06
Scarlett Epstein Hates It Here,N/A,Young Adult,5,£43.55,2026-04-13 23:47:07
Romero and Juliet: A Tragic Tale of Love and Zombies,N/A,Default,1,£36.94,2026-04-13 23:47:08
Redeeming Love,N/A,Christian Fiction,5,£20.47,2026-04-13 23:47:09
Poses for Artists Volume 1 - Dynamic and Sitting Poses: An Essential Reference for Figure Drawing and the Human Form,N/A,Default,1,£41.06,2026-04-13 23:47:10
Poems That Make Grown Women Cry,N/A,Poetry,4,£14.19,2026-04-13 23:47:11
"Nightingale, Sing",N/A,Young Adult,1,£38.28,2026-04-13 23:47:13
Night Sky with Exit Wounds,N/A,Poetry,1,£41.05,2026-04-13 23:47:14
Mrs. Houdini,N/A,Historical Fiction,5,£30.25,2026-04-13 23:47:15
Modern Romance,N/A,Add a comment,5,£28.26,2026-04-13 23:47:16
Miss Peregrine’s Home for Peculiar Children (Miss Peregrine’s Peculiar Children #1),N/A,Default,1,£10.76,2026-04-13 23:47:17
Louisa: The Extraordinary Life of Mrs. Adams,N/A,Biography,2,£16.85,2026-04-13 23:47:18
Little Red,N/A,Childrens,3,£13.47,2026-04-13 23:47:19
Library of Souls (Miss Peregrine’s Peculiar Children #3),N/A,Young Adult,5,£48.56,2026-04-13 23:47:20
Large Print Heart of the Pride,N/A,Default,2,£19.15,2026-04-13 23:47:21
I Had a Nice Time And Other Lies...: How to find love & sh*t like that,N/A,Womens Fiction,4,£57.36,2026-04-13 23:47:22
Hollow City (Miss Peregrine’s Peculiar Children #2),N/A,Fantasy,1,£42.98,2026-04-13 23:47:23
Grumbles,N/A,Default,2,£22.16,2026-04-13 23:47:25
Full Moon over Noah’s Ark: An Odyssey to Mount Ararat and Beyond,N/A,Travel,4,£49.43,2026-04-13 23:47:26
Frostbite (Vampire Academy #2),N/A,Young Adult,5,£29.99,2026-04-13 23:47:27
Follow You Home,N/A,Horror,1,£21.36,2026-04-13 23:47:28
First Steps for New Christians (Print Edition),N/A,Default,1,£29.00,2026-04-13 23:47:29
Finders Keepers (Bill Hodges Trilogy #2),N/A,Fiction,5,£53.53,2026-04-13 23:47:30
"Fables, Vol. 1: Legends in Exile (Fables #1)",N/A,Sequential Art,4,£41.62,2026-04-13 23:47:31
Eureka Trivia 6.0,N/A,Default,4,£54.59,2026-04-13 23:47:32
Drive: The Surprising Truth About What Motivates Us,N/A,Default,4,£34.95,2026-04-13 23:47:34
Done Rubbed Out (Reightman & Bailey #1),N/A,Default,5,£37.72,2026-04-13 23:47:35
Doing It Over (Most Likely To #1),N/A,Romance,3,£35.61,2026-04-13 23:47:36
"Deliciously Ella Every Day: Quick and Easy Recipes for Gluten-Free Snacks, Packed Lunches, and Simple Meals",N/A,Food and Drink,3,£42.16,2026-04-13 23:47:37
Dark Notes,N/A,Erotica,5,£19.19,2026-04-13 23:47:38
"Daring Greatly: How the Courage to Be Vulnerable Transforms the Way We Live, Love, Parent, and Lead",N/A,Nonfiction,3,£19.43,2026-04-13 23:47:39
Close to You,N/A,Christian Fiction,4,£49.46,2026-04-13 23:47:40
Chasing Heaven: What Dying Taught Me About Living,N/A,Spirituality,2,£37.80,2026-04-13 23:47:41
Big Magic: Creative Living Beyond Fear,N/A,Nonfiction,3,£30.80,2026-04-13 23:47:42
Becoming Wise: An Inquiry into the Mystery and Art of Living,N/A,Nonfiction,2,£27.43,2026-04-13 23:47:44
Beauty Restored (Riley Family Legacy Novellas #3),N/A,Default,2,£11.11,2026-04-13 23:47:45
Batman: The Long Halloween (Batman),N/A,Sequential Art,2,£36.50,2026-04-13 23:47:46
Batman: The Dark Knight Returns (Batman),N/A,Sequential Art,5,£15.38,2026-04-13 23:47:47
Ayumi's Violin,N/A,Default,2,£15.48,2026-04-13 23:47:48
Anonymous,N/A,Default,4,£46.82,2026-04-13 23:47:49
Amy Meets the Saints and Sages,N/A,Default,3,£18.46,2026-04-13 23:47:50
Amid the Chaos,N/A,Cultural,1,£36.58,2026-04-13 23:47:51
Amatus,N/A,Default,5,£50.54,2026-04-13 23:47:53
Agnostic: A Spirited Manifesto,N/A,Nonfiction,5,£12.51,2026-04-13 23:47:54
Zealot: The Life and Times of Jesus of Nazareth,N/A,History,3,£24.70,2026-04-13 23:47:55
You (You #1),N/A,Thriller,5,£43.61,2026-04-13 23:47:56
"Wonder Woman: Earth One, Volume One (Wonder Woman: Earth One #1)",N/A,Sequential Art,4,£37.34,2026-04-13 23:47:57
Wild Swans,N/A,Young Adult,2,£14.36,2026-04-13 23:47:58
Why the Right Went Wrong: Conservatism--From Goldwater to the Tea Party and Beyond,N/A,Politics,4,£52.65,2026-04-13 23:47:59
Whole Lotta Creativity Going On: 60 Fun and Unusual Exercises to Awaken and Strengthen Your Creativity,N/A,Nonfiction,4,£38.20,2026-04-13 23:48:00
What's It Like in Space?: Stories from Astronauts Who've Been There,N/A,Nonfiction,2,£19.60,2026-04-13 23:48:01
"We Are Robin, Vol. 1: The Vigilante Business (We Are Robin #1)",N/A,Sequential Art,1,£53.90,2026-04-13 23:48:02
Walt Disney's Alice in Wonderland,N/A,Childrens,5,£12.96,2026-04-13 23:48:04
V for Vendetta (V for Vendetta Complete),N/A,Default,4,£37.10,2026-04-13 23:48:05
Until Friday Night (The Field Party #1),N/A,Young Adult,2,£46.31,2026-04-13 23:48:06
"Unbroken: A World War II Story of Survival, Resilience, and Redemption",N/A,Default,2,£45.95,2026-04-13 23:48:07
Twenty Yawns,N/A,Childrens,2,£22.08,2026-04-13 23:48:08
Through the Woods,N/A,Sequential Art,2,£25.38,2026-04-13 23:48:09
This Is Where It Ends,N/A,Young Adult,2,£27.12,2026-04-13 23:48:10
The Year of Magical Thinking,N/A,Nonfiction,2,£43.04,2026-04-13 23:48:11
The Wright Brothers,N/A,Default,4,£56.80,2026-04-13 23:48:13
The White Queen (The Cousins' War #1),N/A,Add a comment,5,£25.91,2026-04-13 23:48:14
The Wedding Pact (The O'Malleys #2),N/A,Romance,3,£32.61,2026-04-13 23:48:15
The Time Keeper,N/A,Fiction,5,£27.88,2026-04-13 23:48:17
The Testament of Mary,N/A,Fiction,4,£52.67,2026-04-13 23:48:18
The Star-Touched Queen,N/A,Fantasy,5,£46.02,2026-04-13 23:48:20
The Songs of the Gods,N/A,Default,5,£44.48,2026-04-13 23:48:21
The Song of Achilles,N/A,Add a comment,5,£37.40,2026-04-13 23:48:23
The Rosie Project (Don Tillman #1),N/A,Default,1,£54.04,2026-04-13 23:48:24
The Power of Habit: Why We Do What We Do in Life and Business,N/A,Default,3,£16.88,2026-04-13 23:48:26
The Marriage of Opposites,N/A,Historical Fiction,4,£28.08,2026-04-13 23:48:27
The Lucifer Effect: Understanding How Good People Turn Evil,N/A,Psychology,1,£10.40,2026-04-13 23:48:29
The Long Haul (Diary of a Wimpy Kid #9),N/A,Humor,1,£44.07,2026-04-13 23:48:30
The Loney,N/A,Horror,1,£23.40,2026-04-13 23:48:31
The Literature Book (Big Ideas Simply Explained),N/A,Nonfiction,3,£17.43,2026-04-13 23:48:33
The Last Mile (Amos Decker #2),N/A,Mystery,2,£54.21,2026-04-13 23:48:34
The Immortal Life of Henrietta Lacks,N/A,Add a comment,2,£40.67,2026-04-13 23:48:35
The Hidden Oracle (The Trials of Apollo #1),N/A,Fantasy,2,£52.26,2026-04-13 23:48:37
The Help Yourself Cookbook for Kids: 60 Easy Plant-Based Recipes Kids Can Make to Stay Healthy and Save the Earth,N/A,Food and Drink,3,£28.77,2026-04-13 23:48:38
The Guilty (Will Robie #4),N/A,Thriller,2,£13.82,2026-04-13 23:48:40
The First Hostage (J.B. Collins #2),N/A,Fiction,3,£25.85,2026-04-13 23:48:41
The Dovekeepers,N/A,Add a comment,1,£48.78,2026-04-13 23:48:43
The Darkest Lie,N/A,Young Adult,5,£35.35,2026-04-13 23:48:44
The Bane Chronicles (The Bane Chronicles #1-11),N/A,Fantasy,4,£44.73,2026-04-13 23:48:45
The Bad-Ass Librarians of Timbuktu: And Their Race to Save the World’s Most Precious Manuscripts,N/A,Nonfiction,1,£15.77,2026-04-13 23:48:47
The 14th Colony (Cotton Malone #11),N/A,Thriller,1,£39.24,2026-04-13 23:48:48
That Darkness (Gardiner and Renner #1),N/A,Mystery,1,£13.92,2026-04-13 23:48:50
Tastes Like Fear (DI Marnie Rome #3),N/A,Mystery,1,£10.69,2026-04-13 23:48:51
Take Me with You,N/A,Fiction,3,£45.21,2026-04-13 23:48:52
Swell: A Year of Waves,N/A,Nonfiction,1,£45.58,2026-04-13 23:48:53
Superman Vol. 1: Before Truth (Superman by Gene Luen Yang #1),N/A,Sequential Art,5,£11.89,2026-04-13 23:48:55
Still Life with Bread Crumbs,N/A,Fiction,3,£26.41,2026-04-13 23:48:56
Steve Jobs,N/A,Default,5,£39.50,2026-04-13 23:48:57
Sorting the Beef from the Bull: The Science of Food Fraud Forensics,N/A,Science,4,£44.74,2026-04-13 23:48:59
Someone Like You (The Harrisons #2),N/A,Contemporary,5,£52.79,2026-04-13 23:49:00
"So Cute It Hurts!!, Vol. 6 (So Cute It Hurts!! #6)",N/A,Sequential Art,4,£35.43,2026-04-13 23:49:02
Shtum,N/A,Fiction,4,£55.84,2026-04-13 23:49:03
See America: A Celebration of Our National Parks & Treasured Sites,N/A,Travel,3,£48.87,2026-04-13 23:49:04
salt.,N/A,Poetry,4,£46.78,2026-04-13 23:49:06
Robin War,N/A,Sequential Art,3,£47.82,2026-04-13 23:49:07
"Red Hood/Arsenal, Vol. 1: Open for Business (Red Hood/Arsenal #1)",N/A,Sequential Art,2,£25.48,2026-04-13 23:49:09
Rain Fish,N/A,Childrens,3,£23.57,2026-04-13 23:49:10
"Quarter Life Poetry: Poems for the Young, Broke and Hangry",N/A,Poetry,5,£50.89,2026-04-13 23:49:12
Pet Sematary,N/A,Horror,3,£10.56,2026-04-13 23:49:28
"Overload: How to Unplug, Unwind, and Unleash Yourself from the Pressure of Stress",N/A,Self Help,3,£52.15,2026-04-13 23:49:30
Once Was a Time,N/A,Childrens,2,£18.28,2026-04-13 23:49:31
Old School (Diary of a Wimpy Kid #10),N/A,Humor,5,£11.83,2026-04-13 23:49:32
No Dream Is Too High: Life Lessons From a Man Who Walked on the Moon,N/A,Nonfiction,2,£21.95,2026-04-13 23:49:34
"Naruto (3-in-1 Edition), Vol. 14: Includes Vols. 40, 41 & 42 (Naruto: Omnibus #14)",N/A,Sequential Art,2,£38.39,2026-04-13 23:49:35
My Name Is Lucy Barton,N/A,Fiction,1,£41.56,2026-04-13 23:49:37
My Mrs. Brown,N/A,Fiction,3,£24.48,2026-04-13 23:49:38
My Kind of Crazy,N/A,Young Adult,1,£40.36,2026-04-13 23:49:40
Mr. Mercedes (Bill Hodges Trilogy #1),N/A,Fiction,1,£28.90,2026-04-13 23:49:41
More Than Music (Chasing the Dream #1),N/A,Add a comment,2,£37.61,2026-04-13 23:49:43
Made to Stick: Why Some Ideas Survive and Others Die,N/A,Business,5,£38.85,2026-04-13 23:49:44
Luis Paints the World,N/A,Childrens,3,£53.95,2026-04-13 23:49:45
Luckiest Girl Alive,N/A,Default,3,£49.83,2026-04-13 23:49:46
Lowriders to the Center of the Earth (Lowriders in Space #2),N/A,Sequential Art,2,£51.51,2026-04-13 23:49:47
Love Is a Mix Tape (Music #1),N/A,Music,1,£18.03,2026-04-13 23:49:49
Looking for Lovely: Collecting the Moments that Matter,N/A,Nonfiction,5,£29.14,2026-04-13 23:49:50
"Living Leadership by Insight: A Good Leader Achieves, a Great Leader Builds Monuments",N/A,Default,4,£46.91,2026-04-13 23:49:52
Let It Out: A Journey Through Journaling,N/A,Nonfiction,5,£26.79,2026-04-13 23:49:53
Lady Midnight (The Dark Artifices #1),N/A,Default,5,£16.28,2026-04-13 23:49:55
"It's All Easy: Healthy, Delicious Weeknight Meals in under 30 Minutes",N/A,Food and Drink,1,£19.55,2026-04-13 23:49:56
Island of Dragons (Unwanteds #7),N/A,Fantasy,1,£29.65,2026-04-13 23:49:58
I Know What I'm Doing -- and Other Lies I Tell Myself: Dispatches from a Life Under Construction,N/A,Humor,4,£25.98,2026-04-13 23:49:59
I Am Pilgrim (Pilgrim #1),N/A,Fiction,4,£10.60,2026-04-13 23:50:01
"Hyperbole and a Half: Unfortunate Situations, Flawed Coping Mechanisms, Mayhem, and Other Things That Happened",N/A,Humor,5,£14.75,2026-04-13 23:50:02
"Hush, Hush (Hush, Hush #1)",N/A,Default,3,£47.02,2026-04-13 23:50:03
Hold Your Breath (Search and Rescue #1),N/A,Romance,1,£28.82,2026-04-13 23:50:05
Hamilton: The Revolution,N/A,Nonfiction,3,£58.79,2026-04-13 23:50:06
Greek Mythic History,N/A,Default,5,£10.23,2026-04-13 23:50:07
God: The Most Unpleasant Character in All Fiction,N/A,Religion,5,£30.03,2026-04-13 23:50:09
Glory over Everything: Beyond The Kitchen House,N/A,Historical Fiction,3,£45.84,2026-04-13 23:50:10
Feathers: Displays of Brilliant Plumage,N/A,Art,3,£49.05,2026-04-13 23:50:12
"Far & Away: Places on the Brink of Change: Seven Continents, Twenty-Five Years",N/A,Nonfiction,4,£15.06,2026-04-13 23:50:13
Every Last Word,N/A,Default,3,£46.47,2026-04-13 23:50:15
Eligible (The Austen Project #4),N/A,Fiction,3,£27.09,2026-04-13 23:50:16
El Deafo,N/A,Sequential Art,5,£57.62,2026-04-13 23:50:18
Eight Hundred Grapes,N/A,Fiction,4,£14.39,2026-04-13 23:50:19
"Eaternity: More than 150 Deliciously Easy Vegan Recipes for a Long, Healthy, Satisfied, Joyful Life",N/A,Nonfiction,5,£51.75,2026-04-13 23:50:21
"Eat Fat, Get Thin",N/A,Health,2,£54.07,2026-04-13 23:50:22
Don't Get Caught,N/A,Young Adult,1,£55.35,2026-04-13 23:50:23
Doctor Sleep (The Shining #2),N/A,Horror,2,£40.12,2026-04-13 23:50:25
Demigods & Magicians: Percy and Annabeth Meet the Kanes (Percy Jackson & Kane Chronicles Crossover #1-3),N/A,Fantasy,5,£37.51,2026-04-13 23:50:27
Dear Mr. Knightley,N/A,Fiction,5,£11.21,2026-04-13 23:50:28
Daily Fantasy Sports,N/A,Default,1,£36.58,2026-04-13 23:50:29
Crazy Love: Overwhelmed by a Relentless God,N/A,Christian,2,£47.72,2026-04-13 23:50:31
Cometh the Hour (The Clifton Chronicles #6),N/A,Fiction,3,£25.01,2026-04-13 23:50:32
Code Name Verity (Code Name Verity #1),N/A,Add a comment,4,£22.13,2026-04-13 23:50:33
Clockwork Angel (The Infernal Devices #1),N/A,Default,1,£44.14,2026-04-13 23:50:34
City of Glass (The Mortal Instruments #3),N/A,Fantasy,4,£56.02,2026-04-13 23:50:36
City of Fallen Angels (The Mortal Instruments #4),N/A,Default,4,£11.23,2026-04-13 23:50:37
City of Bones (The Mortal Instruments #1),N/A,Default,1,£43.28,2026-04-13 23:50:39
City of Ashes (The Mortal Instruments #2),N/A,Default,1,£47.27,2026-04-13 23:50:40
Cell,N/A,Add a comment,4,£20.29,2026-04-13 23:50:42
Catching Jordan (Hundred Oaks),N/A,Young Adult,3,£50.83,2026-04-13 23:50:43
"Carry On, Warrior: Thoughts on Life Unarmed",N/A,Default,3,£31.85,2026-04-13 23:50:45
Carrie,N/A,Default,2,£46.23,2026-04-13 23:50:46
Buying In: The Secret Dialogue Between What We Buy and Who We Are,N/A,Nonfiction,4,£37.80,2026-04-13 23:50:47
Brain on Fire: My Month of Madness,N/A,Nonfiction,5,£49.32,2026-04-13 23:50:49
Batman: Europa,N/A,Sequential Art,2,£32.01,2026-04-13 23:50:50
Barefoot Contessa Back to Basics,N/A,Food and Drink,1,£28.01,2026-04-13 23:50:52
Barefoot Contessa at Home: Everyday Recipes You'll Make Over and Over Again,N/A,Food and Drink,5,£50.62,2026-04-13 23:50:53
Balloon Animals,N/A,Fiction,3,£17.03,2026-04-13 23:50:55
Art Ops Vol. 1,N/A,Sequential Art,3,£48.80,2026-04-13 23:50:56
Aristotle and Dante Discover the Secrets of the Universe (Aristotle and Dante Discover the Secrets of the Universe #1),N/A,Young Adult,4,£58.14,2026-04-13 23:50:57
Angels Walking (Angels Walking #1),N/A,Add a comment,2,£34.20,2026-04-13 23:51:00
Angels & Demons (Robert Langdon #1),N/A,Default,3,£51.48,2026-04-13 23:51:01
All the Light We Cannot See,N/A,Historical,5,£29.87,2026-04-13 23:51:04
"Adulthood Is a Myth: A ""Sarah's Scribbles"" Collection",N/A,Sequential Art,2,£10.90,2026-04-13 23:51:06
Abstract City,N/A,Nonfiction,5,£56.37,2026-04-13 23:51:08
A Time of Torment (Charlie Parker #14),N/A,Mystery,5,£48.35,2026-04-13 23:51:09
A Study in Scarlet (Sherlock Holmes #1),N/A,Mystery,2,£16.73,2026-04-13 23:51:11
"A Series of Catastrophes and Miracles: A True Story of Love, Science, and Cancer",N/A,Add a comment,2,£56.48,2026-04-13 23:51:12
A People's History of the United States,N/A,Add a comment,2,£40.79,2026-04-13 23:51:13
A Man Called Ove,N/A,Fiction,1,£39.72,2026-04-13 23:51:15
A Distant Mirror: The Calamitous 14th Century,N/A,History,3,£14.58,2026-04-13 23:51:16
A Brush of Wings (Angels Walking #3),N/A,Add a comment,1,£55.51,2026-04-13 23:51:17
1491: New Revelations of the Americas Before Columbus,N/A,History,3,£21.80,2026-04-13 23:51:19
"The Three Searches, Meaning, and the Story",N/A,Default,3,£13.33,2026-04-13 23:51:20
Searching for Meaning in Gailana,N/A,Fantasy,1,£38.73,2026-04-13 23:51:22
Rook,N/A,Add a comment,4,£37.86,2026-04-13 23:51:23
My Kitchen Year: 136 Recipes That Saved My Life,N/A,Food and Drink,2,£11.53,2026-04-13 23:51:24
13 Hours: The Inside Account of What Really Happened In Benghazi,N/A,Nonfiction,1,£27.06,2026-04-13 23:51:26
Will You Won't You Want Me?,N/A,Womens Fiction,3,£13.86,2026-04-13 23:51:27
Tipping Point for Planet Earth: How Close Are We to the Edge?,N/A,Science,1,£37.55,2026-04-13 23:51:28
The Star-Touched Queen,N/A,Fantasy,5,£32.30,2026-04-13 23:51:30
The Silent Sister (Riley MacPherson #1),N/A,Fiction,5,£46.29,2026-04-13 23:51:31
The Midnight Watch: A Novel of the Titanic and the Californian,N/A,Add a comment,1,£26.20,2026-04-13 23:51:33
The Lonely City: Adventures in the Art of Being Alone,N/A,Nonfiction,2,£33.26,2026-04-13 23:51:34
The Gray Rhino: How to Recognize and Act on the Obvious Dangers We Ignore,N/A,Add a comment,4,£59.15,2026-04-13 23:51:36
The Golden Condom: And Other Essays on Love Lost and Found,N/A,Psychology,1,£39.43,2026-04-13 23:51:37
The Epidemic (The Program 0.6),N/A,Young Adult,5,£14.44,2026-04-13 23:51:39
The Dinner Party,N/A,Fiction,2,£56.54,2026-04-13 23:51:40
The Diary of a Young Girl,N/A,Nonfiction,3,£59.90,2026-04-13 23:51:42
The Children,N/A,Add a comment,3,£11.88,2026-04-13 23:51:43
Stars Above (The Lunar Chronicles #4.5),N/A,Young Adult,2,£48.05,2026-04-13 23:51:45
Snatched: How A Drug Queen Went Undercover for the DEA and Was Kidnapped By Colombian Guerillas,N/A,Nonfiction,3,£21.21,2026-04-13 23:51:46
Raspberry Pi Electronics Projects for the Evil Genius,N/A,Default,4,£49.67,2026-04-13 23:51:48
Quench Your Own Thirst: Business Lessons Learned Over a Beer or Two,N/A,Business,1,£43.14,2026-04-13 23:51:49
Psycho: Sanitarium (Psycho #1.5),N/A,Horror,5,£36.97,2026-04-13 23:51:51
Poisonous (Max Revere Novels #3),N/A,Mystery,3,£26.80,2026-04-13 23:51:52
One with You (Crossfire #5),N/A,Add a comment,4,£15.71,2026-04-13 23:51:53
No Love Allowed (Dodge Cove #1),N/A,Young Adult,4,£54.65,2026-04-13 23:51:55
Murder at the 42nd Street Library (Raymond Ambler #1),N/A,Mystery,4,£54.36,2026-04-13 23:51:56
Most Wanted,N/A,Mystery,3,£35.28,2026-04-13 23:51:58
"Love, Lies and Spies",N/A,Historical Fiction,2,£20.55,2026-04-13 23:51:59
How to Speak Golf: An Illustrated Guide to Links Lingo,N/A,Default,5,£58.32,2026-04-13 23:52:01
Hide Away (Eve Duncan #20),N/A,Mystery,1,£11.84,2026-04-13 23:52:02
Furiously Happy: A Funny Book About Horrible Things,N/A,Nonfiction,4,£41.46,2026-04-13 23:52:04
Everyday Italian: 125 Simple and Delicious Recipes,N/A,Food and Drink,5,£20.10,2026-04-13 23:52:05
Equal Is Unfair: America's Misguided Fight Against Income Inequality,N/A,Politics,1,£56.86,2026-04-13 23:52:07
Eleanor & Park,N/A,Default,5,£56.51,2026-04-13 23:52:08
Dirty (Dive Bar #1),N/A,Romance,4,£40.83,2026-04-13 23:52:09
Can You Keep a Secret? (Fear Street Relaunch #4),N/A,Horror,1,£48.64,2026-04-13 23:52:11
Boar Island (Anna Pigeon #19),N/A,Mystery,3,£59.48,2026-04-13 23:52:12
A Paris Apartment,N/A,Historical Fiction,4,£39.01,2026-04-13 23:52:14
"A la Mode: 120 Recipes in 60 Pairings: Pies, Tarts, Cakes, Crisps, and More Topped with Ice Cream, Gelato, Frozen Custard, and More",N/A,Food and Drink,1,£38.77,2026-04-13 23:52:15
Troublemaker: Surviving Hollywood and Scientology,N/A,Default,2,£48.39,2026-04-13 23:52:16
The Widow,N/A,Mystery,2,£27.26,2026-04-13 23:52:17
"The Sleep Revolution: Transforming Your Life, One Night at a Time",N/A,Nonfiction,4,£11.68,2026-04-13 23:52:18
The Improbability of Love,N/A,Fiction,1,£59.45,2026-04-13 23:52:20
The Art of Startup Fundraising,N/A,Business,3,£21.00,2026-04-13 23:52:21
Take Me Home Tonight (Rock Star Romance #3),N/A,Romance,3,£53.98,2026-04-13 23:52:23
Sleeping Giants (Themis Files #1),N/A,Science Fiction,1,£48.74,2026-04-13 23:52:24
"Setting the World on Fire: The Brief, Astonishing Life of St. Catherine of Siena",N/A,Biography,2,£21.15,2026-04-13 23:52:26
Playing with Fire,N/A,Mystery,3,£13.71,2026-04-13 23:52:27
Off the Hook (Fishing for Trouble #1),N/A,Romance,3,£47.67,2026-04-13 23:52:29
Mothering Sunday,N/A,Fiction,2,£13.34,2026-04-13 23:52:30
"Mother, Can You Not?",N/A,Nonfiction,5,£16.89,2026-04-13 23:52:32
M Train,N/A,Autobiography,1,£27.18,2026-04-13 23:52:33
Lilac Girls,N/A,Historical Fiction,2,£17.28,2026-04-13 23:52:36
Lies and Other Acts of Love,N/A,Fiction,1,£45.14,2026-04-13 23:52:37
Lab Girl,N/A,Autobiography,1,£40.85,2026-04-13 23:52:39
Keep Me Posted,N/A,Womens Fiction,4,£20.46,2026-04-13 23:52:40
It Didn't Start with You: How Inherited Family Trauma Shapes Who We Are and How to End the Cycle,N/A,Psychology,3,£56.27,2026-04-13 23:52:41
Grey (Fifty Shades #4),N/A,Womens Fiction,4,£48.49,2026-04-13 23:52:48
"Exit, Pursued by a Bear",N/A,Young Adult,4,£51.34,2026-04-13 23:52:49
Daredevils,N/A,Fiction,3,£16.34,2026-04-13 23:52:50
Cravings: Recipes for What You Want to Eat,N/A,Food and Drink,3,£20.50,2026-04-13 23:52:51
Born for This: How to Find the Work You Were Meant to Do,N/A,Business,5,£21.59,2026-04-13 23:52:53
Arena,N/A,Science Fiction,4,£21.36,2026-04-13 23:52:55
Adultery,N/A,Default,5,£20.88,2026-04-13 23:52:57
A Mother's Reckoning: Living in the Aftermath of Tragedy,N/A,Nonfiction,3,£19.53,2026-04-13 23:52:59
A Gentleman's Position (Society of Gentlemen #3),N/A,Romance,5,£14.75,2026-04-13 23:53:00
11/22/63,N/A,Fiction,3,£48.48,2026-04-13 23:53:02
"10% Happier: How I Tamed the Voice in My Head, Reduced Stress Without Losing My Edge, and Found Self-Help That Actually Works",N/A,Nonfiction,2,£24.57,2026-04-13 23:53:03
10-Day Green Smoothie Cleanse: Lose Up to 15 Pounds in 10 Days!,N/A,Health,5,£49.71,2026-04-13 23:53:05
Without Shame,N/A,Add a comment,5,£48.27,2026-04-13 23:53:06
Watchmen,N/A,Add a comment,4,£58.05,2026-04-13 23:53:08
Unlimited Intuition Now,N/A,Default,4,£58.87,2026-04-13 23:53:09
Underlying Notes,N/A,Default,2,£11.82,2026-04-13 23:53:10
The Shack,N/A,Fiction,1,£28.03,2026-04-13 23:53:12
The New Brand You: Your New Image Makes the Sale for You,N/A,Default,5,£44.05,2026-04-13 23:53:13
"The Moosewood Cookbook: Recipes from Moosewood Restaurant, Ithaca, New York",N/A,Food and Drink,4,£12.34,2026-04-13 23:53:15
The Flowers Lied,N/A,Default,2,£16.68,2026-04-13 23:53:16
"The Fabric of the Cosmos: Space, Time, and the Texture of Reality",N/A,Science,1,£55.91,2026-04-13 23:53:18
The Book of Mormon,N/A,Religion,3,£24.57,2026-04-13 23:53:19
The Art and Science of Low Carbohydrate Living,N/A,Health,5,£52.98,2026-04-13 23:53:21
The Alien Club,N/A,Young Adult,1,£54.40,2026-04-13 23:53:22
Suzie Snowflake: One beautiful flake (a self-esteem story),N/A,Novels,5,£54.81,2026-04-13 23:53:24
Nap-a-Roo,N/A,Childrens,1,£25.08,2026-04-13 23:53:25
"NaNo What Now? Finding your editing process, revising your NaNoWriMo book and building a writing career through publishing and beyond",N/A,Default,4,£10.41,2026-04-13 23:53:27
Modern Day Fables,N/A,Default,2,£47.44,2026-04-13 23:53:28
If I Gave You God's Phone Number....: Searching for Spirituality in America,N/A,Spirituality,1,£20.91,2026-04-13 23:53:30
"Fruits Basket, Vol. 9 (Fruits Basket #9)",N/A,Sequential Art,4,£33.95,2026-04-13 23:53:31
Dress Your Family in Corduroy and Denim,N/A,Humor,3,£43.68,2026-04-13 23:53:33
Don't Forget Steven,N/A,Young Adult,1,£33.23,2026-04-13 23:53:34
Chernobyl 01:23:40: The Incredible True Story of the World's Worst Nuclear Disaster,N/A,Nonfiction,2,£35.92,2026-04-13 23:53:36
Art and Fear: Observations on the Perils (and Rewards) of Artmaking,N/A,Art,4,£48.63,2026-04-13 23:53:37
A Shard of Ice (The Black Symphony Saga #1),N/A,Fantasy,3,£56.63,2026-04-13 23:53:38
A Hero's Curse (The Unseen Chronicles #1),N/A,Add a comment,3,£50.49,2026-04-13 23:53:39
23 Degrees South: A Tropical Tale of Changing Whether...,N/A,Add a comment,2,£35.79,2026-04-13 23:53:41
"Zero to One: Notes on Startups, or How to Build the Future",N/A,Nonfiction,3,£34.06,2026-04-13 23:53:42
Why Not Me?,N/A,Nonfiction,1,£17.76,2026-04-13 23:53:44
When Breath Becomes Air,N/A,Nonfiction,2,£39.36,2026-04-13 23:53:45
Vagabonding: An Uncommon Guide to the Art of Long-Term World Travel,N/A,Travel,2,£36.94,2026-04-13 23:53:47
The Unlikely Pilgrimage of Harold Fry (Harold Fry #1),N/A,Default,5,£43.62,2026-04-13 23:53:48
The New Drawing on the Right Side of the Brain,N/A,Art,3,£43.02,2026-04-13 23:53:50
"The Midnight Assassin: Panic, Scandal, and the Hunt for America's First Serial Killer",N/A,Nonfiction,4,£28.45,2026-04-13 23:53:51
The Martian (The Martian #1),N/A,Default,2,£41.39,2026-04-13 23:53:53
The High Mountains of Portugal,N/A,Fiction,1,£51.15,2026-04-13 23:53:54
The Grownup,N/A,Short Stories,1,£35.88,2026-04-13 23:53:55
The E-Myth Revisited: Why Most Small Businesses Don't Work and What to Do About It,N/A,Business,1,£36.91,2026-04-13 23:53:56
South of Sunshine,N/A,Young Adult,1,£28.93,2026-04-13 23:53:58
Smarter Faster Better: The Secrets of Being Productive in Life and Business,N/A,Nonfiction,5,£38.89,2026-04-13 23:53:59
Silence in the Dark (Logan Point #4),N/A,Suspense,3,£58.33,2026-04-13 23:54:00
Shadows of the Past (Logan Point #1),N/A,Christian Fiction,5,£39.67,2026-04-13 23:54:02
Roller Girl,N/A,Sequential Art,5,£14.10,2026-04-13 23:54:03
Rising Strong,N/A,Nonfiction,3,£21.82,2026-04-13 23:54:05
Proofs of God: Classical Arguments from Tertullian to Barth,N/A,Philosophy,1,£54.21,2026-04-13 23:54:06
Please Kill Me: The Uncensored Oral History of Punk,N/A,Music,4,£31.19,2026-04-13 23:54:08
Out of Print: City Lights Spotlight No. 14,N/A,Poetry,5,£53.64,2026-04-13 23:54:09
My Life Next Door (My Life Next Door ),N/A,Young Adult,5,£36.39,2026-04-13 23:54:11
Miller's Valley,N/A,Fiction,2,£58.54,2026-04-13 23:54:12
Man's Search for Meaning,N/A,Nonfiction,3,£29.48,2026-04-13 23:54:14
"Love That Boy: What Two Presidents, Eight Road Trips, and My Son Taught Me About a Parent's Expectations",N/A,Nonfiction,2,£25.06,2026-04-13 23:54:15
Living Forward: A Proven Plan to Stop Drifting and Get the Life You Want,N/A,Nonfiction,3,£12.55,2026-04-13 23:54:17
Les Fleurs du Mal,N/A,Poetry,5,£29.04,2026-04-13 23:54:18
Left Behind (Left Behind #1),N/A,Default,2,£40.72,2026-04-13 23:54:20
Kill 'Em and Leave: Searching for James Brown and the American Soul,N/A,Music,5,£45.05,2026-04-13 23:54:21
Kierkegaard: A Christian Missionary to Christians,N/A,Philosophy,1,£47.13,2026-04-13 23:54:22
John Vassos: Industrial Design for Modern Life,N/A,Default,4,£20.22,2026-04-13 23:54:24
I'll Give You the Sun,N/A,Default,1,£56.48,2026-04-13 23:54:25
I Will Find You,N/A,Nonfiction,1,£44.21,2026-04-13 23:54:27
Hystopia: A Novel,N/A,Fiction,4,£21.96,2026-04-13 23:54:28
Howl and Other Poems,N/A,Poetry,2,£40.45,2026-04-13 23:54:30
History of Beauty,N/A,Art,4,£10.29,2026-04-13 23:54:31
Heaven is for Real: A Little Boy's Astounding Story of His Trip to Heaven and Back,N/A,Default,2,£52.86,2026-04-13 23:54:33
Future Shock (Future Shock #1),N/A,Young Adult,5,£55.65,2026-04-13 23:54:34
Ender's Game (The Ender Quintet #1),N/A,Default,1,£43.64,2026-04-13 23:54:36
Diary of a Citizen Scientist: Chasing Tiger Beetles and Other New Ways of Engaging the World,N/A,Science,1,£28.41,2026-04-13 23:54:37
Death by Leisure: A Cautionary Tale,N/A,Default,4,£37.51,2026-04-13 23:54:39
Brilliant Beacons: A History of the American Lighthouse,N/A,History,3,£11.45,2026-04-13 23:54:41
Brazen: The Courage to Find the You That's Been Hiding,N/A,Nonfiction,2,£19.22,2026-04-13 23:54:42
Between the World and Me,N/A,Nonfiction,4,£56.91,2026-04-13 23:54:44
Being Mortal: Medicine and What Matters in the End,N/A,Nonfiction,4,£55.06,2026-04-13 23:54:45
"A Murder Over a Girl: Justice, Gender, Junior High",N/A,Nonfiction,3,£13.20,2026-04-13 23:54:46
32 Yolks,N/A,Food and Drink,2,£53.63,2026-04-13 23:54:47
"""Most Blessed of the Patriarchs"": Thomas Jefferson and the Empire of the Imagination",N/A,History,5,£44.48,2026-04-13 23:54:49
You Are a Badass: How to Stop Doubting Your Greatness and Start Living an Awesome Life,N/A,Self Help,3,£12.08,2026-04-13 23:54:50
Wildlife of New York: A Five-Borough Coloring Book,N/A,Default,2,£22.14,2026-04-13 23:54:51
What Happened on Beale Street (Secrets of the South Mysteries #2),N/A,Mystery,5,£25.37,2026-04-13 23:54:53
Unreasonable Hope: Finding Faith in the God Who Brings Purpose to Your Pain,N/A,Spirituality,2,£46.33,2026-04-13 23:54:54
Under the Tuscan Sun,N/A,Travel,3,£37.33,2026-04-13 23:54:56
Toddlers Are A**holes: It's Not Your Fault,N/A,Humor,1,£25.55,2026-04-13 23:54:57
The Year of Living Biblically: One Man's Humble Quest to Follow the Bible as Literally as Possible,N/A,Default,1,£34.72,2026-04-13 23:54:59
The Whale,N/A,Childrens,4,£35.96,2026-04-13 23:55:03
The Story of Art,N/A,Art,4,£41.14,2026-04-13 23:55:05
The Origin of Species,N/A,Science,4,£10.01,2026-04-13 23:55:06
The Great Gatsby,N/A,Default,4,£36.05,2026-04-13 23:55:07
The Good Girl,N/A,Default,3,£49.03,2026-04-13 23:55:08
The Glass Castle,N/A,Add a comment,1,£16.24,2026-04-13 23:55:10
The Faith of Christopher Hitchens: The Restless Soul of the World's Most Notorious Atheist,N/A,Biography,1,£39.55,2026-04-13 23:55:11
The Drowning Girls,N/A,Add a comment,3,£35.67,2026-04-13 23:55:13
The Constant Princess (The Tudor Court #1),N/A,Historical Fiction,3,£16.62,2026-04-13 23:55:14
The Bourne Identity (Jason Bourne #1),N/A,Fiction,4,£42.78,2026-04-13 23:55:16
The Bachelor Girl's Guide to Murder (Herringford and Watts Mysteries #1),N/A,Mystery,5,£52.30,2026-04-13 23:55:17
The Art Book,N/A,Art,2,£32.34,2026-04-13 23:55:19
The 7 Habits of Highly Effective People: Powerful Lessons in Personal Change,N/A,Default,4,£33.17,2026-04-13 23:55:20
Team of Rivals: The Political Genius of Abraham Lincoln,N/A,Add a comment,5,£20.12,2026-04-13 23:55:22
Steal Like an Artist: 10 Things Nobody Told You About Being Creative,N/A,Default,2,£20.90,2026-04-13 23:55:23
"Sit, Stay, Love",N/A,Romance,3,£20.90,2026-04-13 23:55:24
Sister Dear,N/A,Fiction,4,£40.20,2026-04-13 23:55:25
"Shrunken Treasures: Literary Classics, Short, Sweet, and Silly",N/A,Childrens,3,£52.87,2026-04-13 23:55:27
"Rich Dad, Poor Dad",N/A,Business,1,£51.74,2026-04-13 23:55:29
Raymie Nightingale,N/A,Childrens,2,£34.41,2026-04-13 23:55:30
Playing from the Heart,N/A,Childrens,1,£32.38,2026-04-13 23:55:31
Nightstruck: A Novel,N/A,Young Adult,4,£50.35,2026-04-13 23:55:33
"Naturally Lean: 125 Nourishing Gluten-Free, Plant-Based Recipes--All Under 300 Calories",N/A,Food and Drink,5,£11.38,2026-04-13 23:55:34
Meternity,N/A,Womens Fiction,3,£43.58,2026-04-13 23:55:35
Memoirs of a Geisha,N/A,Fiction,3,£49.67,2026-04-13 23:55:37
Like Never Before (Walker Family #2),N/A,Christian Fiction,2,£28.77,2026-04-13 23:55:38
Life of Pi,N/A,Default,4,£13.22,2026-04-13 23:55:40
Leave This Song Behind: Teen Poetry at Its Best,N/A,Poetry,5,£51.17,2026-04-13 23:55:41
King's Folly (The Kinsman Chronicles #1),N/A,Fantasy,5,£39.61,2026-04-13 23:55:43
John Adams,N/A,Add a comment,4,£57.43,2026-04-13 23:55:44
How to Cook Everything Vegetarian: Simple Meatless Recipes for Great Food (How to Cook Everything),N/A,Food and Drink,4,£46.01,2026-04-13 23:55:46
How to Be a Domestic Goddess: Baking and the Art of Comfort Cooking,N/A,Food and Drink,2,£28.25,2026-04-13 23:55:47
Good in Bed (Cannie Shapiro #1),N/A,Add a comment,5,£37.05,2026-04-13 23:55:49
"Fruits Basket, Vol. 7 (Fruits Basket #7)",N/A,Sequential Art,1,£19.57,2026-04-13 23:55:50
For the Love: Fighting for Grace in a World of Impossible Standards,N/A,Nonfiction,3,£45.13,2026-04-13 23:55:52
Finding God in the Ruins: How God Redeems Pain,N/A,Nonfiction,2,£46.64,2026-04-13 23:55:53
Every Heart a Doorway (Every Heart A Doorway #1),N/A,Fantasy,5,£12.16,2026-04-13 23:55:54
Delivering the Truth (Quaker Midwife Mystery #1),N/A,Mystery,4,£20.89,2026-04-13 23:55:57
Counted With the Stars (Out from Egypt #1),N/A,Christian Fiction,5,£17.97,2026-04-13 23:55:59
"Chronicles, Vol. 1",N/A,Music,2,£52.60,2026-04-13 23:56:00
Blue Like Jazz: Nonreligious Thoughts on Christian Spirituality,N/A,Christian,1,£25.77,2026-04-13 23:56:02
Benjamin Franklin: An American Life,N/A,Biography,3,£48.19,2026-04-13 23:56:04
"At The Existentialist Café: Freedom, Being, and apricot cocktails with: Jean-Paul Sartre, Simone de Beauvoir, Albert Camus, Martin Heidegger, Edmund Husserl, Karl Jaspers, Maurice Merleau-Ponty and others",N/A,Philosophy,5,£29.93,2026-04-13 23:56:05
A Summer In Europe,N/A,Travel,2,£44.34,2026-04-13 23:56:06
A Short History of Nearly Everything,N/A,History,5,£52.40,2026-04-13 23:56:08
A Gathering of Shadows (Shades of Magic #2),N/A,Fantasy,4,£44.81,2026-04-13 23:56:09
The Sound Of Love,N/A,Default,5,£57.84,2026-04-13 23:56:10
The Rise and Fall of the Third Reich: A History of Nazi Germany,N/A,History,2,£39.67,2026-04-13 23:56:12
The Perks of Being a Wallflower,N/A,Default,3,£55.02,2026-04-13 23:56:13
The Mysterious Affair at Styles (Hercule Poirot #1),N/A,Mystery,4,£24.80,2026-04-13 23:56:15
The Man Who Mistook His Wife for a Hat and Other Clinical Tales,N/A,Nonfiction,4,£59.45,2026-04-13 23:56:16
The Makings of a Fatherless Child,N/A,Default,2,£31.58,2026-04-13 23:56:17
The Joy of Cooking,N/A,Add a comment,4,£43.27,2026-04-13 23:56:18
The Invention of Wings,N/A,Historical Fiction,1,£37.34,2026-04-13 23:56:20
The Hobbit (Middle-Earth Universe),N/A,Default,5,£17.80,2026-04-13 23:56:21
The Great Railway Bazaar,N/A,Travel,1,£30.54,2026-04-13 23:56:22
The Golden Compass (His Dark Materials #1),N/A,Add a comment,1,£18.77,2026-04-13 23:56:24
The God Delusion,N/A,Add a comment,3,£46.85,2026-04-13 23:56:25
The Girl You Left Behind (The Girl You Left Behind #1),N/A,Historical,1,£15.79,2026-04-13 23:56:27
The Fellowship of the Ring (The Lord of the Rings #1),N/A,Default,2,£10.27,2026-04-13 23:56:28
The Collected Poems of W.B. Yeats (The Collected Works of W.B. Yeats #1),N/A,Poetry,5,£15.42,2026-04-13 23:56:30
The Barefoot Contessa Cookbook,N/A,Food and Drink,5,£59.92,2026-04-13 23:56:31
Tell the Wolves I'm Home,N/A,Young Adult,2,£50.96,2026-04-13 23:56:32
Ship Leaves Harbor: Essays on Travel by a Recovering Journeyman,N/A,Default,3,£30.60,2026-04-13 23:56:33
Pride and Prejudice,N/A,Add a comment,4,£19.27,2026-04-13 23:56:35
Musicophilia: Tales of Music and the Brain,N/A,Default,1,£46.58,2026-04-13 23:56:36
Mere Christianity,N/A,Add a comment,3,£48.51,2026-04-13 23:56:37
Me Before You (Me Before You #1),N/A,Fiction,1,£19.02,2026-04-13 23:56:38
In the Woods (Dublin Murder Squad #1),N/A,Mystery,2,£38.38,2026-04-13 23:56:40
In Cold Blood,N/A,Nonfiction,4,£49.98,2026-04-13 23:56:41
How to Stop Worrying and Start Living,N/A,Self Help,5,£46.49,2026-04-13 23:56:42
Give It Back,N/A,Thriller,2,£18.32,2026-04-13 23:56:43
"Girl, Interrupted",N/A,Nonfiction,3,£42.14,2026-04-13 23:56:44
Fun Home: A Family Tragicomic,N/A,Add a comment,4,£56.59,2026-04-13 23:56:46
"Fruits Basket, Vol. 6 (Fruits Basket #6)",N/A,Sequential Art,4,£20.96,2026-04-13 23:56:47
Deception Point,N/A,Fiction,4,£40.32,2026-04-13 23:56:48
"Death Note, Vol. 6: Give-and-Take (Death Note #6)",N/A,Sequential Art,3,£36.39,2026-04-13 23:56:49
Catherine the Great: Portrait of a Woman,N/A,History,4,£58.55,2026-04-13 23:56:50
Better Homes and Gardens New Cook Book,N/A,Food and Drink,3,£39.61,2026-04-13 23:56:52
An Unquiet Mind: A Memoir of Moods and Madness,N/A,Psychology,3,£21.30,2026-04-13 23:56:53
A Year in Provence (Provence #1),N/A,Travel,4,£56.88,2026-04-13 23:56:54
World Without End (The Pillars of the Earth #2),N/A,Historical Fiction,4,£32.97,2026-04-13 23:56:55
"Will Grayson, Will Grayson (Will Grayson, Will Grayson)",N/A,Young Adult,4,£47.31,2026-04-13 23:56:56
Why Save the Bankers?: And Other Essays on Our Economic and Political Crisis,N/A,Nonfiction,2,£48.67,2026-04-13 23:56:58
Where She Went (If I Stay #2),N/A,Young Adult,4,£41.73,2026-04-13 23:56:59
What If?: Serious Scientific Answers to Absurd Hypothetical Questions,N/A,Default,4,£53.68,2026-04-13 23:57:00
Two Summers,N/A,Young Adult,1,£14.64,2026-04-13 23:57:01
This Is Your Brain on Music: The Science of a Human Obsession,N/A,Music,1,£38.40,2026-04-13 23:57:02
The Secret Garden,N/A,Classics,4,£15.08,2026-04-13 23:57:03
The Raven King (The Raven Cycle #4),N/A,Add a comment,2,£30.57,2026-04-13 23:57:05
The Raven Boys (The Raven Cycle #1),N/A,Fantasy,4,£57.74,2026-04-13 23:57:06
The Power Greens Cookbook: 140 Delicious Superfood Recipes,N/A,Food and Drink,5,£11.05,2026-04-13 23:57:08
The Metamorphosis,N/A,Classics,1,£28.58,2026-04-13 23:57:09
The Mathews Men: Seven Brothers and the War Against Hitler's U-boats,N/A,History,5,£42.91,2026-04-13 23:57:10
The Little Paris Bookshop,N/A,Fiction,3,£24.73,2026-04-13 23:57:11
The Hiding Place,N/A,History,4,£55.91,2026-04-13 23:57:13
The Grand Design,N/A,Science,3,£13.76,2026-04-13 23:57:14
The Firm,N/A,Fiction,3,£45.56,2026-04-13 23:57:15
The Fault in Our Stars,N/A,Default,1,£47.22,2026-04-13 23:57:16
The False Prince (The Ascendance Trilogy #1),N/A,Fantasy,5,£56.00,2026-04-13 23:57:17
The Expatriates,N/A,Fiction,2,£44.58,2026-04-13 23:57:18
The Dream Thieves (The Raven Cycle #2),N/A,Default,1,£34.50,2026-04-13 23:57:19
The Darkest Corners,N/A,Young Adult,5,£11.33,2026-04-13 23:57:20
The Crossover,N/A,Poetry,4,£38.77,2026-04-13 23:57:22
The 5th Wave (The 5th Wave #1),N/A,Default,2,£11.83,2026-04-13 23:57:23
Tell the Wind and Fire,N/A,Fantasy,3,£45.51,2026-04-13 23:57:25
Tell Me Three Things,N/A,Young Adult,1,£41.81,2026-04-13 23:57:26
Talking to Girls About Duran Duran: One Young Man's Quest for True Love and a Cooler Haircut,N/A,Nonfiction,4,£25.15,2026-04-13 23:57:27
Siddhartha,N/A,Fiction,5,£34.22,2026-04-13 23:57:28
Shiver (The Wolves of Mercy Falls #1),N/A,Default,5,£16.23,2026-04-13 23:57:30
Remember Me?,N/A,Default,3,£11.48,2026-04-13 23:57:31
Red Dragon (Hannibal Lecter #1),N/A,Horror,3,£23.37,2026-04-13 23:57:32
Peak: Secrets from the New Science of Expertise,N/A,Science,2,£16.28,2026-04-13 23:57:34
My Mother Was Nuts,N/A,Nonfiction,4,£31.63,2026-04-13 23:57:36
Mexican Today: New and Rediscovered Recipes for Contemporary Kitchens,N/A,Food and Drink,5,£24.91,2026-04-13 23:57:37
Maybe Something Beautiful: How Art Transformed a Neighborhood,N/A,Childrens,1,£22.54,2026-04-13 23:57:38
Lola and the Boy Next Door (Anna and the French Kiss #2),N/A,Young Adult,4,£23.63,2026-04-13 23:57:39
Logan Kade (Fallen Crest High #5.5),N/A,Academic,2,£13.12,2026-04-13 23:57:40
Last One Home (New Beginnings #1),N/A,Fiction,3,£59.98,2026-04-13 23:57:42
Killing Floor (Jack Reacher #1),N/A,Thriller,4,£31.49,2026-04-13 23:57:44
Kill the Boy Band,N/A,Young Adult,5,£15.52,2026-04-13 23:57:45
Isla and the Happily Ever After (Anna and the French Kiss #3),N/A,Young Adult,5,£48.13,2026-04-13 23:57:46
If I Stay (If I Stay #1),N/A,Default,5,£38.13,2026-04-13 23:57:47
I Know Why the Caged Bird Sings (Maya Angelou's Autobiography #1),N/A,Default,2,£36.55,2026-04-13 23:57:49
Harry Potter and the Deathly Hallows (Harry Potter #7),N/A,Default,1,£23.32,2026-04-13 23:57:50
"Fruits Basket, Vol. 5 (Fruits Basket #5)",N/A,Sequential Art,1,£16.33,2026-04-13 23:57:51
Foundation (Foundation (Publication Order) #1),N/A,Science Fiction,1,£32.42,2026-04-13 23:57:53
Fool Me Once,N/A,Default,1,£16.96,2026-04-13 23:57:55
Find Her (Detective D.D. Warren #8),N/A,Add a comment,1,£22.37,2026-04-13 23:57:56
Evicted: Poverty and Profit in the American City,N/A,Add a comment,1,£42.27,2026-04-13 23:57:57
Drama,N/A,Default,2,£38.70,2026-04-13 23:57:59
Dracula the Un-Dead,N/A,Horror,5,£35.63,2026-04-13 23:58:00
Digital Fortress,N/A,Fiction,5,£58.00,2026-04-13 23:58:02
"Death Note, Vol. 5: Whiteout (Death Note #5)",N/A,Sequential Art,1,£52.41,2026-04-13 23:58:03
"Data, A Love Story: How I Gamed Online Dating to Meet My Match",N/A,Nonfiction,3,£32.35,2026-04-13 23:58:05
Critique of Pure Reason,N/A,Philosophy,1,£20.75,2026-04-13 23:58:06
Booked,N/A,Poetry,5,£17.49,2026-04-13 23:58:08
"Blue Lily, Lily Blue (The Raven Cycle #3)",N/A,Default,5,£34.13,2026-04-13 23:58:09
Approval Junkie: Adventures in Caring Too Much,N/A,Autobiography,5,£58.81,2026-04-13 23:58:11
An Abundance of Katherines,N/A,Young Adult,5,£10.00,2026-04-13 23:58:12
America's War for the Greater Middle East: A Military History,N/A,History,2,£51.22,2026-04-13 23:58:14
Alight (The Generations Trilogy #2),N/A,Default,4,£58.59,2026-04-13 23:58:15
A Girl's Guide to Moving On (New Beginnings #2),N/A,Romance,1,£31.30,2026-04-13 23:58:17
A Game of Thrones (A Song of Ice and Fire #1),N/A,Add a comment,2,£46.42,2026-04-13 23:58:18
A Feast for Crows (A Song of Ice and Fire #4),N/A,Fantasy,4,£17.21,2026-04-13 23:58:19
A Clash of Kings (A Song of Ice and Fire #2),N/A,Add a comment,3,£10.79,2026-04-13 23:58:20
Vogue Colors A to Z: A Fashion Coloring Book,N/A,Default,4,£52.35,2026-04-13 23:58:22
The Shining (The Shining #1),N/A,Default,3,£27.88,2026-04-13 23:58:24
The Pilgrim's Progress,N/A,Classics,2,£50.26,2026-04-13 23:58:25
The Perfect Play (Play by Play #1),N/A,Romance,3,£59.99,2026-04-13 23:58:27
The Passion of Dolssa,N/A,Historical Fiction,5,£28.32,2026-04-13 23:58:28
The Jazz of Physics: The Secret Link Between Music and the Structure of the Universe,N/A,Nonfiction,3,£38.71,2026-04-13 23:58:30
The Hunger Games (The Hunger Games #1),N/A,Default,5,£29.85,2026-04-13 23:58:31
The Hound of the Baskervilles (Sherlock Holmes #5),N/A,Classics,2,£14.82,2026-04-13 23:58:33
The Gunning of America: Business and the Making of American Gun Culture,N/A,Nonfiction,4,£16.81,2026-04-13 23:58:34
The Geography of Bliss: One Grump's Search for the Happiest Places in the World,N/A,Nonfiction,2,£28.23,2026-04-13 23:58:35
The Demonists (Demonist #1),N/A,Fantasy,2,£52.11,2026-04-13 23:58:37
"The Demon Prince of Momochi House, Vol. 4 (The Demon Prince of Momochi House #4)",N/A,Sequential Art,2,£27.88,2026-04-13 23:58:39
The Bone Hunters (Lexy Vaughan & Steven Macaulay #2),N/A,Thriller,3,£59.71,2026-04-13 23:58:40
The Beast (Black Dagger Brotherhood #14),N/A,Fantasy,5,£46.08,2026-04-13 23:58:42
Some Women,N/A,Womens Fiction,5,£13.73,2026-04-13 23:58:43
Shopaholic Ties the Knot (Shopaholic #3),N/A,Womens Fiction,5,£48.39,2026-04-13 23:58:44
Paper and Fire (The Great Library #2),N/A,Fantasy,5,£49.45,2026-04-13 23:58:45
Outlander (Outlander #1),N/A,Default,5,£19.67,2026-04-13 23:58:48
"Orchestra of Exiles: The Story of Bronislaw Huberman, the Israel Philharmonic, and the One Thousand Jews He Saved from Nazi Horrors",N/A,Music,3,£12.36,2026-04-13 23:58:49
No One Here Gets Out Alive,N/A,Music,5,£20.02,2026-04-13 23:58:51
Night Shift (Night Shift #1-20),N/A,Horror,4,£12.75,2026-04-13 23:58:52
Needful Things,N/A,Horror,4,£47.51,2026-04-13 23:58:54
Mockingjay (The Hunger Games #3),N/A,Default,4,£20.44,2026-04-13 23:58:55
Misery,N/A,Horror,2,£34.79,2026-04-13 23:58:57
Little Women (Little Women #1),N/A,Classics,4,£28.07,2026-04-13 23:58:59
It,N/A,Horror,3,£25.01,2026-04-13 23:59:00
Harry Potter and the Sorcerer's Stone (Harry Potter #1),N/A,Default,3,£13.90,2026-04-13 23:59:01
Harry Potter and the Prisoner of Azkaban (Harry Potter #3),N/A,Young Adult,4,£24.17,2026-04-13 23:59:03
Harry Potter and the Order of the Phoenix (Harry Potter #5),N/A,Fantasy,4,£31.63,2026-04-13 23:59:04
Harry Potter and the Half-Blood Prince (Harry Potter #6),N/A,Fantasy,5,£48.75,2026-04-13 23:59:06
Harry Potter and the Chamber of Secrets (Harry Potter #2),N/A,Fantasy,1,£14.74,2026-04-13 23:59:07
Gone with the Wind,N/A,Classics,3,£32.49,2026-04-13 23:59:09
God Is Not Great: How Religion Poisons Everything,N/A,Nonfiction,1,£27.80,2026-04-13 23:59:10
Girl With a Pearl Earring,N/A,Historical Fiction,1,£26.77,2026-04-13 23:59:12
"Fruits Basket, Vol. 4 (Fruits Basket #4)",N/A,Sequential Art,4,£50.44,2026-04-13 23:59:13
Far From True (Promise Falls Trilogy #2),N/A,Thriller,2,£34.93,2026-04-13 23:59:14
Dark Lover (Black Dagger Brotherhood #1),N/A,Romance,1,£12.87,2026-04-13 23:59:16
Confessions of a Shopaholic (Shopaholic #1),N/A,Default,2,£48.94,2026-04-13 23:59:17
Changing the Game (Play by Play #2),N/A,Romance,3,£13.38,2026-04-13 23:59:19
Candide,N/A,Classics,3,£58.63,2026-04-13 23:59:20
Can You Keep a Secret?,N/A,Womens Fiction,1,£21.94,2026-04-13 23:59:22
Atlas Shrugged,N/A,Fiction,5,£26.58,2026-04-13 23:59:23
Animal Farm,N/A,Classics,3,£57.22,2026-04-13 23:59:24
A Walk to Remember,N/A,Romance,1,£56.43,2026-04-13 23:59:26
A New Earth: Awakening to Your Life's Purpose,N/A,Spirituality,5,£55.65,2026-04-13 23:59:28
"A History of God: The 4,000-Year Quest of Judaism, Christianity, and Islam",N/A,Religion,1,£27.62,2026-04-13 23:59:29
'Salem's Lot,N/A,Horror,4,£49.56,2026-04-13 23:59:31
Zero History (Blue Ant #3),N/A,Default,1,£34.77,2026-04-13 23:59:33
Wuthering Heights,N/A,Classics,3,£17.73,2026-04-13 23:59:34
World War Z: An Oral History of the Zombie War,N/A,Default,1,£21.80,2026-04-13 23:59:36
Wild: From Lost to Found on the Pacific Crest Trail,N/A,Default,3,£46.02,2026-04-13 23:59:37
"Where'd You Go, Bernadette",N/A,Default,1,£18.13,2026-04-13 23:59:39
When You Are Engulfed in Flames,N/A,Humor,5,£30.89,2026-04-13 23:59:40
We the People: The Modern-Day Figures Who Have Reshaped and Affirmed the Founding Fathers' Vision of America,N/A,Nonfiction,3,£31.95,2026-04-13 23:59:42
We Are All Completely Beside Ourselves,N/A,Contemporary,1,£24.04,2026-04-13 23:59:43
Walk the Edge (Thunder Road #2),N/A,Young Adult,3,£32.36,2026-04-13 23:59:46
Voyager (Outlander #3),N/A,Historical Fiction,5,£21.07,2026-04-13 23:59:49
Very Good Lives: The Fringe Benefits of Failure and the Importance of Imagination,N/A,Nonfiction,3,£50.66,2026-04-13 23:59:50
Vegan Vegetarian Omnivore: Dinner for Everyone at the Table,N/A,Food and Drink,2,£13.66,2026-04-13 23:59:51
"Unstuffed: Decluttering Your Home, Mind, and Soul",N/A,Nonfiction,1,£58.09,2026-04-13 23:59:53
Under the Banner of Heaven: A Story of Violent Faith,N/A,Nonfiction,1,£30.00,2026-04-13 23:59:54
Two Boys Kissing,N/A,Young Adult,2,£32.74,2026-04-13 23:59:56
Twilight (Twilight #1),N/A,Default,2,£41.93,2026-04-13 23:59:57
Twenties Girl,N/A,Womens Fiction,2,£42.80,2026-04-13 23:59:59
"Trespassing Across America: One Man's Epic, Never-Done-Before (and Sort of Illegal) Hike Across the Heartland",N/A,Nonfiction,1,£53.51,2026-04-14 00:00:00
Three-Martini Lunch,N/A,Fiction,3,£23.21,2026-04-14 00:00:01
"Thinking, Fast and Slow",N/A,Psychology,1,£21.14,2026-04-14 00:00:03
The Wild Robot,N/A,Childrens,3,£56.07,2026-04-14 00:00:04
"The Wicked + The Divine, Vol. 3: Commercial Suicide (The Wicked + The Divine)",N/A,Sequential Art,3,£14.41,2026-04-14 00:00:06
The Undomestic Goddess,N/A,Womens Fiction,4,£45.75,2026-04-14 00:00:07
The Travelers,N/A,Thriller,1,£15.77,2026-04-14 00:00:09
The Tipping Point: How Little Things Can Make a Big Difference,N/A,Add a comment,2,£10.02,2026-04-14 00:00:10
The Thing About Jellyfish,N/A,Childrens,1,£48.77,2026-04-14 00:00:12
The Stand,N/A,Horror,2,£57.86,2026-04-14 00:00:13
The Smitten Kitchen Cookbook,N/A,Food and Drink,1,£23.59,2026-04-14 00:00:15
The Silkworm (Cormoran Strike #2),N/A,Mystery,5,£23.05,2026-04-14 00:00:16
"The Sandman, Vol. 3: Dream Country (The Sandman (volumes) #3)",N/A,Sequential Art,5,£55.55,2026-04-14 00:00:17
The Rose & the Dagger (The Wrath and the Dawn #2),N/A,Fantasy,4,£58.64,2026-04-14 00:00:18
The Road to Little Dribbling: Adventures of an American in Britain (Notes From a Small Island #2),N/A,Travel,1,£23.21,2026-04-14 00:00:20
The Rise of Theodore Roosevelt (Theodore Roosevelt #1),N/A,Biography,3,£42.57,2026-04-14 00:00:21
The Restaurant at the End of the Universe (Hitchhiker's Guide to the Galaxy #2),N/A,Science Fiction,1,£10.92,2026-04-14 00:00:23
The Rest Is Noise: Listening to the Twentieth Century,N/A,Add a comment,1,£34.77,2026-04-14 00:00:24
The Red Tent,N/A,Historical Fiction,5,£35.66,2026-04-14 00:00:26
The Purpose Driven Life: What on Earth Am I Here for?,N/A,Add a comment,3,£37.19,2026-04-14 00:00:27
The Purest Hook (Second Circle Tattoos #3),N/A,Romance,1,£12.25,2026-04-14 00:00:29
The Picture of Dorian Gray,N/A,Classics,2,£29.70,2026-04-14 00:00:30
The Paris Wife,N/A,Default,3,£36.80,2026-04-14 00:00:32
The Obsession,N/A,Romance,1,£45.43,2026-04-14 00:00:33
The Nightingale,N/A,Fiction,4,£26.26,2026-04-14 00:00:35
The New Guy (and Other Senior Year Distractions),N/A,Young Adult,3,£44.92,2026-04-14 00:00:36
The Nanny Diaries (Nanny #1),N/A,Womens Fiction,5,£52.53,2026-04-14 00:00:38
The Name of God is Mercy,N/A,Nonfiction,2,£37.25,2026-04-14 00:00:40
The Maze Runner (The Maze Runner #1),N/A,Default,1,£20.93,2026-04-14 00:00:41
The Lover's Dictionary,N/A,Default,2,£58.09,2026-04-14 00:00:42
The Lonely Ones,N/A,Childrens,5,£43.59,2026-04-14 00:00:43
The Lean Startup: How Today's Entrepreneurs Use Continuous Innovation to Create Radically Successful Businesses,N/A,Business,3,£33.92,2026-04-14 00:00:44
The Last Painting of Sara de Vos,N/A,Historical Fiction,2,£55.55,2026-04-14 00:00:45
"The Land of 10,000 Madonnas",N/A,Young Adult,4,£29.64,2026-04-14 00:00:47
The Infinities,N/A,Fiction,1,£27.41,2026-04-14 00:00:48
The Husband's Secret,N/A,Fiction,5,£52.51,2026-04-14 00:00:49
The Hitchhiker's Guide to the Galaxy (Hitchhiker's Guide to the Galaxy #1),N/A,Add a comment,3,£47.80,2026-04-14 00:00:50
The Guns of August,N/A,History,2,£14.54,2026-04-14 00:00:51
The Guernsey Literary and Potato Peel Pie Society,N/A,Historical Fiction,1,£49.53,2026-04-14 00:00:53
The Goldfinch,N/A,Default,3,£43.58,2026-04-14 00:00:54
The Giver (The Giver Quartet #1),N/A,Default,1,£12.30,2026-04-14 00:00:55
The Girl with All the Gifts,N/A,Horror,3,£49.47,2026-04-14 00:00:57
The Girl Who Played with Fire (Millennium Trilogy #2),N/A,Default,2,£22.14,2026-04-14 00:00:58
The Girl Who Kicked the Hornet's Nest (Millennium Trilogy #3),N/A,Add a comment,1,£57.48,2026-04-14 00:01:00
The Exiled,N/A,Mystery,3,£43.45,2026-04-14 00:01:01
"The End of Faith: Religion, Terror, and the Future of Reason",N/A,Add a comment,4,£22.13,2026-04-14 00:01:02
"The Elegant Universe: Superstrings, Hidden Dimensions, and the Quest for the Ultimate Theory",N/A,Science,4,£13.03,2026-04-14 00:01:05
"The Disappearing Spoon: And Other True Tales of Madness, Love, and the History of the World from the Periodic Table of the Elements",N/A,Science,5,£57.35,2026-04-14 00:01:06
The Devil Wears Prada (The Devil Wears Prada #1),N/A,Womens Fiction,1,£44.29,2026-04-14 00:01:07
The Demon-Haunted World: Science as a Candle in the Dark,N/A,Default,4,£52.25,2026-04-14 00:01:09
The Day the Crayons Came Home (Crayons),N/A,Childrens,5,£26.33,2026-04-14 00:01:10
The Da Vinci Code (Robert Langdon #2),N/A,Fiction,2,£22.96,2026-04-14 00:01:12
The Cuckoo's Calling (Cormoran Strike #1),N/A,Mystery,1,£19.21,2026-04-14 00:01:13
The Complete Stories and Poems (The Works of Edgar Allan Poe [Cameo Edition]),N/A,Classics,4,£26.78,2026-04-14 00:01:15
The Complete Poems,N/A,Add a comment,5,£41.32,2026-04-14 00:01:16
The Catcher in the Rye,N/A,Add a comment,1,£24.55,2026-04-14 00:01:18
The Cat in the Hat (Beginner Books B-1),N/A,Childrens,2,£16.26,2026-04-14 00:01:19
The Case for Christ (Cases for Christianity),N/A,Add a comment,1,£47.84,2026-04-14 00:01:21
The Book Thief,N/A,Default,2,£53.49,2026-04-14 00:01:22
The Book of Basketball: The NBA According to The Sports Guy,N/A,Sports and Games,5,£44.84,2026-04-14 00:01:23
The Blind Side: Evolution of a Game,N/A,Add a comment,5,£53.71,2026-04-14 00:01:25
The Autobiography of Malcolm X,N/A,Default,2,£23.43,2026-04-14 00:01:26
"The Art of Simple Food: Notes, Lessons, and Recipes from a Delicious Revolution",N/A,Food and Drink,3,£34.32,2026-04-14 00:01:28
The Art of Fielding,N/A,Fiction,1,£22.10,2026-04-14 00:01:30
"Surely You're Joking, Mr. Feynman!: Adventures of a Curious Character",N/A,Science,2,£25.83,2026-04-14 00:01:31
Stiff: The Curious Lives of Human Cadavers,N/A,Nonfiction,3,£36.74,2026-04-14 00:01:33
Spilled Milk: Based on a True Story,N/A,Nonfiction,1,£49.51,2026-04-14 00:01:34
Something Borrowed (Darcy & Rachel #1),N/A,Womens Fiction,5,£48.96,2026-04-14 00:01:35
Something Blue (Darcy & Rachel #2),N/A,Womens Fiction,1,£54.62,2026-04-14 00:01:36
Soldier (Talon #3),N/A,Fantasy,2,£24.72,2026-04-14 00:01:38
Shopaholic & Baby (Shopaholic #5),N/A,Default,2,£46.45,2026-04-14 00:01:39
Seven Days in the Art World,N/A,Add a comment,2,£52.33,2026-04-14 00:01:42
Seven Brief Lessons on Physics,N/A,Science,4,£30.60,2026-04-14 00:01:43
Scarlet (The Lunar Chronicles #2),N/A,Young Adult,4,£14.57,2026-04-14 00:01:45
Sarah's Key,N/A,Add a comment,1,£46.29,2026-04-14 00:01:47
"Saga, Volume 3 (Saga (Collected Editions) #3)",N/A,Sequential Art,5,£21.57,2026-04-14 00:01:48
Running with Scissors,N/A,Autobiography,4,£12.91,2026-04-14 00:01:49
Rogue Lawyer (Rogue Lawyer #1),N/A,Add a comment,3,£50.11,2026-04-14 00:01:50
"Rise of the Rocket Girls: The Women Who Propelled Us, from Missiles to the Moon to Mars",N/A,Nonfiction,4,£41.67,2026-04-14 00:01:51
Rework,N/A,Business,2,£44.88,2026-04-14 00:01:53
Reservations for Two,N/A,Romance,3,£11.10,2026-04-14 00:01:54
Red: The True Story of Red Riding Hood,N/A,Childrens,3,£28.54,2026-04-14 00:01:55
Ready Player One,N/A,Science Fiction,4,£19.07,2026-04-14 00:01:57
Quiet: The Power of Introverts in a World That Can't Stop Talking,N/A,Default,1,£43.55,2026-04-14 00:01:58
Prodigy: The Graphic Novel (Legend: The Graphic Novel #2),N/A,Sequential Art,3,£43.63,2026-04-14 00:01:59
Persepolis: The Story of a Childhood (Persepolis #1-2),N/A,Sequential Art,1,£39.13,2026-04-14 00:02:00
Packing for Mars: The Curious Science of Life in the Void,N/A,Default,2,£56.68,2026-04-14 00:02:01
Outliers: The Story of Success,N/A,Nonfiction,1,£14.16,2026-04-14 00:02:02
Original Fake,N/A,Sequential Art,3,£31.45,2026-04-14 00:02:03
Orange Is the New Black,N/A,Default,2,£24.61,2026-04-14 00:02:05
One for the Money (Stephanie Plum #1),N/A,Default,2,£32.87,2026-04-14 00:02:06
Notes from a Small Island (Notes From a Small Island #1),N/A,Nonfiction,1,£40.17,2026-04-14 00:02:07
Night (The Night Trilogy #1),N/A,Nonfiction,1,£13.51,2026-04-14 00:02:08
Neither Here nor There: Travels in Europe,N/A,Travel,3,£38.95,2026-04-14 00:02:09
Naked,N/A,Humor,3,£31.69,2026-04-14 00:02:10
Morning Star (Red Rising #3),N/A,Default,1,£29.40,2026-04-14 00:02:11
"Miracles from Heaven: A Little Girl, Her Journey to Heaven, and Her Amazing Story of Healing",N/A,Nonfiction,1,£57.83,2026-04-14 00:02:12
Midnight Riot (Peter Grant/ Rivers of London - books #1),N/A,Fantasy,2,£55.46,2026-04-14 00:02:13
Me Talk Pretty One Day,N/A,Autobiography,2,£57.60,2026-04-14 00:02:14
Manuscript Found in Accra,N/A,Add a comment,2,£34.98,2026-04-14 00:02:15
Lust & Wonder,N/A,Autobiography,2,£11.87,2026-04-14 00:02:16
Lila (Gilead #3),N/A,Fiction,3,£12.47,2026-04-14 00:02:18
"Life, the Universe and Everything (Hitchhiker's Guide to the Galaxy #3)",N/A,Science Fiction,2,£33.26,2026-04-14 00:02:20
Life Without a Recipe,N/A,Autobiography,5,£59.04,2026-04-14 00:02:21
Life After Life,N/A,Default,2,£26.13,2026-04-14 00:02:22
Letter to a Christian Nation,N/A,Nonfiction,1,£22.20,2026-04-14 00:02:23
Let's Pretend This Never Happened: A Mostly True Memoir,N/A,Nonfiction,1,£45.11,2026-04-14 00:02:24
Legend (Legend #1),N/A,Young Adult,4,£43.69,2026-04-14 00:02:26
"Lean In: Women, Work, and the Will to Lead",N/A,Default,1,£25.02,2026-04-14 00:02:27
"Lamb: The Gospel According to Biff, Christ's Childhood Pal",N/A,Humor,5,£55.50,2026-04-14 00:02:28
Lady Renegades (Rebel Belle #3),N/A,Young Adult,5,£53.04,2026-04-14 00:02:29
Jurassic Park (Jurassic Park #1),N/A,Fiction,1,£44.97,2026-04-14 00:02:30
It's Never Too Late to Begin Again: Discovering Creativity and Meaning at Midlife and Beyond,N/A,Nonfiction,1,£42.38,2026-04-14 00:02:34
Is Everyone Hanging Out Without Me? (And Other Concerns),N/A,Default,3,£20.11,2026-04-14 00:02:35
Into the Wild,N/A,Nonfiction,5,£56.70,2026-04-14 00:02:36
Inferno (Robert Langdon #4),N/A,Fiction,5,£41.00,2026-04-14 00:02:37
"In the Garden of Beasts: Love, Terror, and an American Family in Hitler's Berlin",N/A,Nonfiction,3,£28.85,2026-04-14 00:02:38
If I Run (If I Run #1),N/A,Christian Fiction,4,£49.97,2026-04-14 00:02:40
I've Got Your Number,N/A,Womens Fiction,1,£19.69,2026-04-14 00:02:41
I Am Malala: The Girl Who Stood Up for Education and Was Shot by the Taliban,N/A,Nonfiction,2,£28.88,2026-04-14 00:02:42
Hungry Girl Clean & Hungry: Easy All-Natural Recipes for Healthy Eating in the Real World,N/A,Food and Drink,3,£33.14,2026-04-14 00:02:44
"House of Lost Worlds: Dinosaurs, Dynasties, and the Story of Life on Earth",N/A,History,2,£43.70,2026-04-14 00:02:45
House of Leaves,N/A,Horror,1,£54.89,2026-04-14 00:02:46
Horrible Bear!,N/A,Childrens,2,£37.52,2026-04-14 00:02:48
Holidays on Ice,N/A,Humor,2,£51.07,2026-04-14 00:02:49
Heir to the Sky,N/A,Fantasy,4,£44.07,2026-04-14 00:02:51
Green Eggs and Ham (Beginner Books B-16),N/A,Childrens,4,£10.79,2026-04-14 00:02:52
"Grayson, Vol 3: Nemesis (Grayson #3)",N/A,Sequential Art,1,£42.72,2026-04-14 00:02:54
Gratitude,N/A,Nonfiction,5,£26.66,2026-04-14 00:02:55
Gone Girl,N/A,Default,5,£37.60,2026-04-14 00:02:57
Golden (Heart of Dread #3),N/A,Young Adult,4,£42.21,2026-04-14 00:02:58
Girl in the Blue Coat,N/A,Historical Fiction,2,£46.83,2026-04-14 00:02:59
"Fruits Basket, Vol. 3 (Fruits Basket #3)",N/A,Sequential Art,2,£45.17,2026-04-14 00:03:00
"Friday Night Lights: A Town, a Team, and a Dream",N/A,Sports and Games,3,£51.22,2026-04-14 00:03:01
Fire Bound (Sea Haven/Sisters of the Heart #5),N/A,Add a comment,4,£21.28,2026-04-14 00:03:02
Fifty Shades Freed (Fifty Shades #3),N/A,Adult Fiction,5,£15.36,2026-04-14 00:03:03
Fellside,N/A,Default,1,£38.62,2026-04-14 00:03:04
Extreme Prey (Lucas Davenport #26),N/A,Mystery,3,£25.40,2026-04-14 00:03:05
Eragon (The Inheritance Cycle #1),N/A,Fantasy,3,£43.87,2026-04-14 00:03:06
Eclipse (Twilight #3),N/A,Default,1,£18.74,2026-04-14 00:03:07
Dune (Dune #1),N/A,Science Fiction,1,£54.86,2026-04-14 00:03:08
Dracula,N/A,Default,3,£52.62,2026-04-14 00:03:10
Do Androids Dream of Electric Sheep? (Blade Runner #1),N/A,Science Fiction,1,£51.48,2026-04-14 00:03:11
Disrupted: My Misadventure in the Start-Up Bubble,N/A,Nonfiction,5,£15.28,2026-04-14 00:03:12
Dead Wake: The Last Crossing of the Lusitania,N/A,Default,5,£39.24,2026-04-14 00:03:13
"David and Goliath: Underdogs, Misfits, and the Art of Battling Giants",N/A,Default,1,£17.81,2026-04-14 00:03:14
Darkfever (Fever #1),N/A,Fantasy,1,£56.02,2026-04-14 00:03:15
Dark Places,N/A,Default,5,£23.90,2026-04-14 00:03:16
Crazy Rich Asians (Crazy Rich Asians #1),N/A,Fiction,5,£49.13,2026-04-14 00:03:17
Counting Thyme,N/A,Childrens,1,£10.62,2026-04-14 00:03:18
Cosmos,N/A,Add a comment,2,£36.17,2026-04-14 00:03:20
Civilization and Its Discontents,N/A,Psychology,2,£59.95,2026-04-14 00:03:21
Cinder (The Lunar Chronicles #1),N/A,Young Adult,1,£26.09,2026-04-14 00:03:22
Catastrophic Happiness: Finding Joy in Childhood's Messy Years,N/A,Parenting,2,£37.35,2026-04-14 00:03:23
Career of Evil (Cormoran Strike #3),N/A,Mystery,2,£24.72,2026-04-14 00:03:24
Breaking Dawn (Twilight #4),N/A,Default,5,£35.28,2026-04-14 00:03:27
Brave Enough,N/A,Nonfiction,5,£51.32,2026-04-14 00:03:28
Boy Meets Boy,N/A,Young Adult,3,£21.12,2026-04-14 00:03:32
"Born to Run: A Hidden Tribe, Superathletes, and the Greatest Race the World Has Never Seen",N/A,Nonfiction,2,£27.35,2026-04-14 00:03:33
Blink: The Power of Thinking Without Thinking,N/A,Nonfiction,5,£21.74,2026-04-14 00:03:34
Black Flags: The Rise of ISIS,N/A,Nonfiction,1,£40.87,2026-04-14 00:03:35
"Black Butler, Vol. 1 (Black Butler #1)",N/A,Sequential Art,1,£49.31,2026-04-14 00:03:36
Big Little Lies,N/A,Fiction,1,£22.11,2026-04-14 00:03:37
Between Shades of Gray,N/A,Historical Fiction,5,£20.79,2026-04-14 00:03:38
Best of My Love (Fool's Gold #20),N/A,Romance,2,£27.41,2026-04-14 00:03:39
Beowulf,N/A,Classics,2,£38.35,2026-04-14 00:03:40
Beautiful Creatures (Caster Chronicles #1),N/A,Default,5,£21.55,2026-04-14 00:03:41
Awkward,N/A,Sequential Art,2,£38.02,2026-04-14 00:03:42
Ash,N/A,Fantasy,4,£22.06,2026-04-14 00:03:43
Are We There Yet?,N/A,Childrens,3,£10.66,2026-04-14 00:03:44
Are We Smart Enough to Know How Smart Animals Are?,N/A,Nonfiction,1,£56.58,2026-04-14 00:03:46
Annie on My Mind,N/A,Young Adult,5,£36.83,2026-04-14 00:03:47
And Then There Were None,N/A,Classics,2,£35.01,2026-04-14 00:03:48
A Walk in the Woods: Rediscovering America on the Appalachian Trail,N/A,Nonfiction,4,£30.48,2026-04-14 00:03:49
A Visit from the Goon Squad,N/A,Default,5,£14.08,2026-04-14 00:03:51
A Storm of Swords (A Song of Ice and Fire #3),N/A,Fantasy,2,£31.22,2026-04-14 00:03:52
A Heartbreaking Work of Staggering Genius,N/A,Autobiography,5,£54.29,2026-04-14 00:03:53
8 Keys to Mental Health Through Exercise,N/A,Psychology,1,£31.04,2026-04-14 00:03:54
#GIRLBOSS,N/A,Add a comment,1,£50.96,2026-04-14 00:03:55
"The Suffragettes (Little Black Classics, #96)",N/A,Nonfiction,2,£11.89,2026-04-14 00:03:57
The Sense of an Ending,N/A,Add a comment,3,£31.38,2026-04-14 00:03:59
"The Sandman, Vol. 2: The Doll's House (The Sandman (volumes) #2)",N/A,Sequential Art,1,£54.81,2026-04-14 00:04:00
The Course of Love,N/A,Fiction,3,£16.78,2026-04-14 00:04:01
Sugar Rush (Offensive Line #2),N/A,Sports and Games,1,£24.42,2026-04-14 00:04:03
"Saga, Volume 2 (Saga (Collected Editions) #2)",N/A,Sequential Art,3,£11.75,2026-04-14 00:04:04
"Run, Spot, Run: The Ethics of Keeping Pets",N/A,Philosophy,1,£20.02,2026-04-14 00:04:05
New Moon (Twilight #2),N/A,Young Adult,4,£12.86,2026-04-14 00:04:06
Life,N/A,Music,5,£31.58,2026-04-14 00:04:08
Kindle Paperwhite User's Guide,N/A,Nonfiction,3,£34.00,2026-04-14 00:04:09
H is for Hawk,N/A,Nonfiction,5,£57.42,2026-04-14 00:04:10
Girl Online On Tour (Girl Online #2),N/A,Young Adult,1,£53.47,2026-04-14 00:04:12
"Fruits Basket, Vol. 2 (Fruits Basket #2)",N/A,Sequential Art,5,£11.64,2026-04-14 00:04:13
Diary of a Minecraft Zombie Book 1: A Scare of a Dare (An Unofficial Minecraft Book),N/A,Childrens,4,£52.88,2026-04-14 00:04:15
"Y: The Last Man, Vol. 1: Unmanned (Y: The Last Man #1)",N/A,Sequential Art,4,£18.51,2026-04-14 00:04:16
While You Were Mine,N/A,Historical Fiction,5,£41.32,2026-04-14 00:04:17
Where Lightning Strikes (Bleeding Stars #3),N/A,Romance,3,£39.77,2026-04-14 00:04:19
When I'm Gone,N/A,Fiction,3,£51.96,2026-04-14 00:04:20
Ways of Seeing,N/A,Art,5,£39.51,2026-04-14 00:04:22
"Vampire Knight, Vol. 1 (Vampire Knight #1)",N/A,Paranormal,1,£15.40,2026-04-14 00:04:23
Vampire Girl (Vampire Girl #1),N/A,Fantasy,2,£53.82,2026-04-14 00:04:24
Twenty Love Poems and a Song of Despair,N/A,Poetry,4,£30.95,2026-04-14 00:04:26
Travels with Charley: In Search of America,N/A,Nonfiction,5,£57.82,2026-04-14 00:04:27
Three Wishes (River of Time: California #1),N/A,Science Fiction,2,£44.18,2026-04-14 00:04:28
This One Moment (Pushing Limits #1),N/A,Romance,1,£48.71,2026-04-14 00:04:29
The Zombie Room,N/A,Default,5,£19.69,2026-04-14 00:04:31
"The Wicked + The Divine, Vol. 1: The Faust Act (The Wicked + The Divine)",N/A,Sequential Art,2,£36.52,2026-04-14 00:04:32
The Tumor,N/A,Nonfiction,5,£41.56,2026-04-14 00:04:34
The Story of Hong Gildong,N/A,Classics,4,£43.19,2026-04-14 00:04:35
The Silent Wife,N/A,Fiction,5,£12.34,2026-04-14 00:04:37
The Silent Twin (Detective Jennifer Knight #3),N/A,Fantasy,3,£36.25,2026-04-14 00:04:38
The Selfish Gene,N/A,Science,1,£29.45,2026-04-14 00:04:39
The Secret Healer,N/A,Historical Fiction,3,£34.56,2026-04-14 00:04:40
"The Sandman, Vol. 1: Preludes and Nocturnes (The Sandman (volumes) #1)",N/A,Sequential Art,3,£54.12,2026-04-14 00:04:42
The Republic,N/A,Add a comment,3,£33.78,2026-04-14 00:04:43
The Odyssey,N/A,Add a comment,3,£29.64,2026-04-14 00:04:45
The No. 1 Ladies' Detective Agency (No. 1 Ladies' Detective Agency #1),N/A,Mystery,4,£57.70,2026-04-14 00:04:47
The Nicomachean Ethics,N/A,Philosophy,1,£36.34,2026-04-14 00:04:48
The Name of the Wind (The Kingkiller Chronicle #1),N/A,Default,3,£50.59,2026-04-14 00:04:50
The Mirror & the Maze (The Wrath and the Dawn #1.5),N/A,Fantasy,1,£29.38,2026-04-14 00:04:51
The Little Prince,N/A,Classics,2,£45.42,2026-04-14 00:04:52
The Light of the Fireflies,N/A,Add a comment,1,£54.43,2026-04-14 00:04:53
The Last Girl (The Dominion Trilogy #1),N/A,Science Fiction,2,£36.26,2026-04-14 00:04:55
The Iliad,N/A,Add a comment,1,£16.16,2026-04-14 00:04:56
The Hook Up (Game On #1),N/A,New Adult,5,£36.29,2026-04-14 00:04:58
The Haters,N/A,Young Adult,5,£27.89,2026-04-14 00:04:59
The Girl You Lost,N/A,Mystery,5,£12.29,2026-04-14 00:05:01
The Girl In The Ice (DCI Erika Foster #1),N/A,Mystery,3,£15.85,2026-04-14 00:05:02
The End of the Jesus Era (An Investigation #1),N/A,Nonfiction,1,£14.40,2026-04-14 00:05:04
The Edge of Reason (Bridget Jones #2),N/A,Womens Fiction,4,£19.18,2026-04-14 00:05:05
The Complete Maus (Maus #1-2),N/A,Sequential Art,3,£10.64,2026-04-14 00:05:07
The Communist Manifesto,N/A,Add a comment,3,£14.76,2026-04-14 00:05:08
The Bhagavad Gita,N/A,Religion,3,£57.49,2026-04-14 00:05:10
The Bette Davis Club,N/A,Fiction,3,£30.66,2026-04-14 00:05:11
The Art of Not Breathing,N/A,Young Adult,4,£40.83,2026-04-14 00:05:13
Taking Shots (Assassins #1),N/A,Default,2,£18.88,2026-04-14 00:05:14
Starlark,N/A,Historical Fiction,3,£25.83,2026-04-14 00:05:15
"Skip Beat!, Vol. 01 (Skip Beat! #1)",N/A,Sequential Art,3,£42.12,2026-04-14 00:05:17
Sister Sable (The Mad Queen #1),N/A,Fantasy,3,£13.33,2026-04-14 00:05:18
Shatter Me (Shatter Me #1),N/A,Default,1,£42.40,2026-04-14 00:05:20
Shameless,N/A,New Adult,3,£58.35,2026-04-14 00:05:21
Shadow Rites (Jane Yellowrock #10),N/A,Fantasy,4,£21.72,2026-04-14 00:05:23
Settling the Score (The Summer Games #1),N/A,Sports and Games,2,£44.91,2026-04-14 00:05:24
Sense and Sensibility,N/A,Classics,1,£37.46,2026-04-14 00:05:26
"Saga, Volume 1 (Saga (Collected Editions) #1)",N/A,Sequential Art,1,£28.48,2026-04-14 00:05:29
"Rhythm, Chord & Malykhin",N/A,Romance,2,£28.34,2026-04-14 00:05:30
"Rat Queens, Vol. 1: Sass & Sorcery (Rat Queens (Collected Editions) #1-5)",N/A,Sequential Art,5,£46.96,2026-04-14 00:05:31
Paradise Lost (Paradise #1),N/A,Default,1,£24.96,2026-04-14 00:05:33
"Paper Girls, Vol. 1 (Paper Girls #1-5)",N/A,Sequential Art,4,£21.71,2026-04-14 00:05:34
"Ouran High School Host Club, Vol. 1 (Ouran High School Host Club #1)",N/A,Sequential Art,3,£29.87,2026-04-14 00:05:35
Origins (Alphas 0.5),N/A,Fantasy,1,£28.99,2026-04-14 00:05:37
One Second (Seven #7),N/A,Fantasy,2,£52.94,2026-04-14 00:05:38
On the Road (Duluoz Legend),N/A,Default,3,£32.36,2026-04-14 00:05:39
Old Records Never Die: One Man's Quest for His Vinyl and His Past,N/A,Music,2,£55.66,2026-04-14 00:05:41
Off Sides (Off #1),N/A,New Adult,5,£39.45,2026-04-14 00:05:42
Of Mice and Men,N/A,Classics,2,£47.11,2026-04-14 00:05:44
Myriad (Prentor #1),N/A,Fantasy,4,£58.75,2026-04-14 00:05:45
My Perfect Mistake (Over the Top #1),N/A,Romance,2,£38.92,2026-04-14 00:05:47
"Ms. Marvel, Vol. 1: No Normal (Ms. Marvel (2014-2015) #1)",N/A,Sequential Art,4,£39.39,2026-04-14 00:05:48
Meditations,N/A,Philosophy,2,£25.89,2026-04-14 00:05:50
Matilda,N/A,Childrens,1,£28.34,2026-04-14 00:05:51
Lost Among the Living,N/A,Historical Fiction,4,£27.70,2026-04-14 00:05:53
Lord of the Flies,N/A,Add a comment,3,£24.89,2026-04-14 00:05:54
Listen to Me (Fusion #1),N/A,Romance,3,£58.99,2026-04-14 00:05:56
Kitchens of the Great Midwest,N/A,Fiction,5,£57.20,2026-04-14 00:05:57
Jane Eyre,N/A,Default,5,£38.43,2026-04-14 00:05:59
Imperfect Harmony,N/A,Romance,4,£34.74,2026-04-14 00:06:00
Icing (Aces Hockey #2),N/A,Sports and Games,4,£40.44,2026-04-14 00:06:01
"Hawkeye, Vol. 1: My Life as a Weapon (Hawkeye #1)",N/A,Sequential Art,3,£45.24,2026-04-14 00:06:03
Having the Barbarian's Baby (Ice Planet Barbarians #7.5),N/A,Science Fiction,4,£34.96,2026-04-14 00:06:05
"Giant Days, Vol. 1 (Giant Days #1-4)",N/A,Sequential Art,4,£56.76,2026-04-14 00:06:07
"Fruits Basket, Vol. 1 (Fruits Basket #1)",N/A,Sequential Art,5,£40.28,2026-04-14 00:06:08
Frankenstein,N/A,Default,2,£38.00,2026-04-14 00:06:10
Forever Rockers (The Rocker #12),N/A,Music,3,£28.80,2026-04-14 00:06:12
Fighting Fate (Fighting #6),N/A,Romance,3,£39.24,2026-04-14 00:06:13
Emma,N/A,Classics,2,£32.93,2026-04-14 00:06:16
"Eat, Pray, Love",N/A,Nonfiction,3,£51.32,2026-04-14 00:06:17
Deep Under (Walker Security #1),N/A,Romance,5,£47.09,2026-04-14 00:06:19
Choosing Our Religion: The Spiritual Lives of America's Nones,N/A,Religion,4,£28.42,2026-04-14 00:06:20
Charlie and the Chocolate Factory (Charlie Bucket #1),N/A,Childrens,3,£22.85,2026-04-14 00:06:22
Charity's Cross (Charles Towne Belles #4),N/A,Romance,1,£41.24,2026-04-14 00:06:23
Bright Lines,N/A,Fiction,5,£39.07,2026-04-14 00:06:24
Bridget Jones's Diary (Bridget Jones #1),N/A,Womens Fiction,1,£29.82,2026-04-14 00:06:25
Bounty (Colorado Mountain #7),N/A,Romance,4,£37.26,2026-04-14 00:06:27
Blood Defense (Samantha Brinkman #1),N/A,Mystery,3,£20.30,2026-04-14 00:06:28
"Bleach, Vol. 1: Strawberry and the Soul Reapers (Bleach #1)",N/A,Sequential Art,5,£34.65,2026-04-14 00:06:30
Beyond Good and Evil,N/A,Philosophy,1,£43.38,2026-04-14 00:06:31
Alice in Wonderland (Alice's Adventures in Wonderland #1),N/A,Classics,1,£55.53,2026-04-14 00:06:33
"Ajin: Demi-Human, Volume 1 (Ajin: Demi-Human #1)",N/A,Sequential Art,4,£57.06,2026-04-14 00:06:34
A Spy's Devotion (The Regency Spies of London #1),N/A,Historical Fiction,5,£16.97,2026-04-14 00:06:35
1st to Die (Women's Murder Club #1),N/A,Mystery,1,£53.98,2026-04-14 00:06:37
"1,000 Places to See Before You Die",N/A,Travel,5,£26.08,2026-04-14 00:06:38
A Light in the Attic,N/A,Poetry,3,£51.77,2026-04-14 09:33:11
Tipping the Velvet,N/A,Historical Fiction,1,£53.74,2026-04-14 09:33:12
Soumission,N/A,Fiction,1,£50.10,2026-04-14 09:33:13
Sharp Objects,N/A,Mystery,4,£47.82,2026-04-14 09:33:15
Sapiens: A Brief History of Humankind,N/A,History,5,£54.23,2026-04-14 09:33:16
The Requiem Red,N/A,Young Adult,1,£22.65,2026-04-14 09:33:18
The Dirty Little Secrets of Getting Your Dream Job,N/A,Business,4,£33.34,2026-04-14 09:33:19
"The Coming Woman: A Novel Based on the Life of the Infamous Feminist, Victoria Woodhull",N/A,Default,3,£17.93,2026-04-14 09:33:20
The Boys in the Boat: Nine Americans and Their Epic Quest for Gold at the 1936 Berlin Olympics,N/A,Default,4,£22.60,2026-04-14 09:33:22
The Black Maria,N/A,Poetry,1,£52.15,2026-04-14 09:33:23
"Starving Hearts (Triangular Trade Trilogy, #1)",N/A,Default,2,£13.99,2026-04-14 09:33:24
Shakespeare's Sonnets,N/A,Poetry,4,£20.66,2026-04-14 09:33:25
Set Me Free,N/A,Young Adult,5,£17.46,2026-04-14 09:33:26
Scott Pilgrim's Precious Little Life (Scott Pilgrim #1),N/A,Sequential Art,5,£52.29,2026-04-14 09:33:28
Rip it Up and Start Again,N/A,Music,5,£35.02,2026-04-14 09:33:29
"Our Band Could Be Your Life: Scenes from the American Indie Underground, 1981-1991",N/A,Music,3,£57.25,2026-04-14 09:33:30
Olio,N/A,Poetry,1,£23.88,2026-04-14 09:33:31
Mesaerion: The Best Science Fiction Stories 1800-1849,N/A,Science Fiction,1,£37.59,2026-04-14 09:33:33
Libertarianism for Beginners,N/A,Politics,2,£51.33,2026-04-14 09:33:34
It's Only the Himalayas,N/A,Travel,2,£45.17,2026-04-14 09:33:35
In Her Wake,N/A,Thriller,1,£12.84,2026-04-14 09:33:36
How Music Works,N/A,Music,2,£37.32,2026-04-14 09:33:37
"Foolproof Preserving: A Guide to Small Batch Jams, Jellies, Pickles, Condiments, and More: A Foolproof Guide to Making Small Batch Jams, Jellies, Pickles, Condiments, and More",N/A,Food and Drink,3,£30.52,2026-04-14 09:33:38
Chase Me (Paris Nights #2),N/A,Romance,5,£25.27,2026-04-14 09:33:39
Black Dust,N/A,Romance,5,£34.53,2026-04-14 09:33:40
Birdsong: A Story in Pictures,N/A,Childrens,3,£54.64,2026-04-14 09:33:42
America's Cradle of Quarterbacks: Western Pennsylvania's Football Factory from Johnny Unitas to Joe Montana,N/A,Default,3,£22.50,2026-04-14 09:33:43
Aladdin and His Wonderful Lamp,N/A,Default,3,£53.13,2026-04-14 09:33:44
Worlds Elsewhere: Journeys Around Shakespeare’s Globe,N/A,Nonfiction,5,£40.30,2026-04-14 09:33:45
Wall and Piece,N/A,Art,4,£44.18,2026-04-14 09:33:46
The Four Agreements: A Practical Guide to Personal Freedom,N/A,Spirituality,5,£17.66,2026-04-14 09:33:47
The Five Love Languages: How to Express Heartfelt Commitment to Your Mate,N/A,Nonfiction,3,£31.05,2026-04-14 09:33:49
The Elephant Tree,N/A,Thriller,5,£23.82,2026-04-14 09:33:50
The Bear and the Piano,N/A,Childrens,1,£36.89,2026-04-14 09:33:51
Sophie's World,N/A,Philosophy,5,£15.94,2026-04-14 09:33:52
Penny Maybe,N/A,Default,3,£33.29,2026-04-14 09:33:53
Maude (1883-1993):She Grew Up with the country,N/A,Default,2,£18.02,2026-04-14 09:33:54
"In a Dark, Dark Wood",N/A,Mystery,1,£19.63,2026-04-14 09:33:55
Behind Closed Doors,N/A,Thriller,4,£52.22,2026-04-14 09:33:56
You can't bury them all: Poems,N/A,Poetry,2,£33.63,2026-04-14 09:33:58
Slow States of Collapse: Poems,N/A,Poetry,3,£57.31,2026-04-14 09:33:59
Reasons to Stay Alive,N/A,Nonfiction,2,£26.41,2026-04-14 09:34:00
Private Paris (Private #10),N/A,Fiction,5,£47.61,2026-04-14 09:34:01
#HigherSelfie: Wake Up Your Life. Free Your Soul. Find Your Tribe.,N/A,Nonfiction,5,£23.11,2026-04-14 09:34:02
Without Borders (Wanderlove #1),N/A,New Adult,2,£45.07,2026-04-14 09:34:04
When We Collided,N/A,Contemporary,1,£31.77,2026-04-14 09:34:05
"We Love You, Charlie Freeman",N/A,Fiction,5,£50.27,2026-04-14 09:34:06
Untitled Collection: Sabbath Poems 2014,N/A,Poetry,4,£14.27,2026-04-14 09:34:14
"Unseen City: The Majesty of Pigeons, the Discreet Charm of Snails & Other Wonders of the Urban Wilderness",N/A,Nonfiction,4,£44.18,2026-04-14 09:34:15
Unicorn Tracks,N/A,Fantasy,3,£18.78,2026-04-14 09:34:16
"Unbound: How Eight Technologies Made Us Human, Transformed Society, and Brought Our World to the Brink",N/A,History,1,£25.52,2026-04-14 09:34:18
Tsubasa: WoRLD CHRoNiCLE 2 (Tsubasa WoRLD CHRoNiCLE #2),N/A,Sequential Art,1,£16.28,2026-04-14 09:34:19
Throwing Rocks at the Google Bus: How Growth Became the Enemy of Prosperity,N/A,Nonfiction,3,£31.12,2026-04-14 09:34:21
This One Summer,N/A,Sequential Art,4,£19.49,2026-04-14 09:34:22
Thirst,N/A,Fiction,5,£17.27,2026-04-14 09:34:23
The Torch Is Passed: A Harding Family Story,N/A,Add a comment,1,£19.09,2026-04-14 09:34:25
The Secret of Dreadwillow Carse,N/A,Childrens,1,£56.13,2026-04-14 09:34:26
"The Pioneer Woman Cooks: Dinnertime: Comfort Classics, Freezer Food, 16-Minute Meals, and Other Delicious Ways to Solve Supper!",N/A,Food and Drink,1,£56.41,2026-04-14 09:34:28
The Past Never Ends,N/A,Mystery,4,£56.50,2026-04-14 09:34:29
The Natural History of Us (The Fine Art of Pretending #2),N/A,Young Adult,3,£45.22,2026-04-14 09:34:30
The Nameless City (The Nameless City #1),N/A,Sequential Art,4,£38.16,2026-04-14 09:34:31
The Murder That Never Was (Forensic Instincts #5),N/A,Fiction,3,£54.11,2026-04-14 09:34:33
The Most Perfect Thing: Inside (and Outside) a Bird's Egg,N/A,Science,4,£42.96,2026-04-14 09:34:34
"The Mindfulness and Acceptance Workbook for Anxiety: A Guide to Breaking Free from Anxiety, Phobias, and Worry Using Acceptance and Commitment Therapy",N/A,Add a comment,4,£23.89,2026-04-14 09:34:36
The Life-Changing Magic of Tidying Up: The Japanese Art of Decluttering and Organizing,N/A,Nonfiction,3,£16.77,2026-04-14 09:34:39
"The Inefficiency Assassin: Time Management Tactics for Working Smarter, Not Longer",N/A,Default,5,£20.59,2026-04-14 09:34:40
The Gutsy Girl: Escapades for Your Life of Epic Adventure,N/A,Nonfiction,1,£37.13,2026-04-14 09:34:41
The Electric Pencil: Drawings from Inside State Hospital No. 3,N/A,Nonfiction,1,£56.06,2026-04-14 09:34:43
The Death of Humanity: and the Case for Life,N/A,Philosophy,4,£58.11,2026-04-14 09:34:44
"The Bulletproof Diet: Lose up to a Pound a Day, Reclaim Energy and Focus, Upgrade Your Life",N/A,Health,3,£49.05,2026-04-14 09:34:45
The Art Forger,N/A,Add a comment,3,£40.76,2026-04-14 09:34:46
The Age of Genius: The Seventeenth Century and the Birth of the Modern Mind,N/A,History,1,£19.73,2026-04-14 09:34:48
The Activist's Tao Te Ching: Ancient Advice for a Modern Revolution,N/A,Spirituality,5,£32.24,2026-04-14 09:34:49
Spark Joy: An Illustrated Master Class on the Art of Organizing and Tidying Up,N/A,Nonfiction,4,£41.83,2026-04-14 09:34:51
Soul Reader,N/A,Default,2,£39.58,2026-04-14 09:34:52
Security,N/A,Horror,2,£39.25,2026-04-14 09:34:54
"Saga, Volume 6 (Saga (Collected Editions) #6)",N/A,Fantasy,3,£25.02,2026-04-14 09:34:55
"Saga, Volume 5 (Saga (Collected Editions) #5)",N/A,Sequential Art,2,£51.04,2026-04-14 09:34:56
Reskilling America: Learning to Labor in the Twenty-First Century,N/A,Nonfiction,2,£19.83,2026-04-14 09:34:57
"Rat Queens, Vol. 3: Demons (Rat Queens (Collected Editions) #11-15)",N/A,Sequential Art,3,£50.40,2026-04-14 09:34:59
"Princess Jellyfish 2-in-1 Omnibus, Vol. 01 (Princess Jellyfish 2-in-1 Omnibus #1)",N/A,Sequential Art,5,£13.61,2026-04-14 09:35:00
Princess Between Worlds (Wide-Awake Princess #5),N/A,Fantasy,5,£13.34,2026-04-14 09:35:02
"Pop Gun War, Volume 1: Gift",N/A,Sequential Art,1,£18.97,2026-04-14 09:35:03
"Political Suicide: Missteps, Peccadilloes, Bad Calls, Backroom Hijinx, Sordid Pasts, Rotten Breaks, and Just Plain Dumb Mistakes in the Annals of American Politics",N/A,History,2,£36.28,2026-04-14 09:35:04
Patience,N/A,Sequential Art,3,£10.16,2026-04-14 09:35:06
"Outcast, Vol. 1: A Darkness Surrounds Him (Outcast #1)",N/A,Sequential Art,4,£15.44,2026-04-14 09:35:07
orange: The Complete Collection 1 (orange: The Complete Collection #1),N/A,Sequential Art,1,£48.41,2026-04-14 09:35:09
Online Marketing for Busy Authors: A Step-By-Step Guide,N/A,Self Help,1,£46.35,2026-04-14 09:35:10
On a Midnight Clear,N/A,Add a comment,3,£14.07,2026-04-14 09:35:11
Obsidian (Lux #1),N/A,Young Adult,2,£14.86,2026-04-14 09:35:12
My Paris Kitchen: Recipes and Stories,N/A,Food and Drink,2,£33.37,2026-04-14 09:35:13
Masks and Shadows,N/A,Fantasy,2,£56.40,2026-04-14 09:35:15
"Mama Tried: Traditional Italian Cooking for the Screwed, Crude, Vegan, and Tattooed",N/A,Food and Drink,4,£14.02,2026-04-14 09:35:16
"Lumberjanes, Vol. 2: Friendship to the Max (Lumberjanes #5-8)",N/A,Sequential Art,2,£46.91,2026-04-14 09:35:18
"Lumberjanes, Vol. 1: Beware the Kitten Holy (Lumberjanes #1-4)",N/A,Sequential Art,3,£45.61,2026-04-14 09:35:19
Lumberjanes Vol. 3: A Terrible Plan (Lumberjanes #9-12),N/A,Sequential Art,2,£19.92,2026-04-14 09:35:21
"Layered: Baking, Building, and Styling Spectacular Cakes",N/A,Food and Drink,1,£40.11,2026-04-14 09:35:22
Judo: Seven Steps to Black Belt (an Introductory Guide for Beginners),N/A,Add a comment,2,£53.90,2026-04-14 09:35:23
Join,N/A,Science Fiction,5,£35.67,2026-04-14 09:35:25
In the Country We Love: My Family Divided,N/A,Nonfiction,4,£22.00,2026-04-14 09:35:26
Immunity: How Elie Metchnikoff Changed the Course of Modern Medicine,N/A,Science,5,£57.36,2026-04-14 09:35:27
"I Hate Fairyland, Vol. 1: Madly Ever After (I Hate Fairyland (Compilations) #1-5)",N/A,Sequential Art,2,£29.17,2026-04-14 09:35:29
I am a Hero Omnibus Volume 1,N/A,Sequential Art,3,£54.63,2026-04-14 09:35:30
How to Be Miserable: 40 Strategies You Already Use,N/A,Self Help,1,£46.03,2026-04-14 09:35:32
Her Backup Boyfriend (The Sorensen Family #1),N/A,Romance,1,£33.97,2026-04-14 09:35:34
"Giant Days, Vol. 2 (Giant Days #5-8)",N/A,Sequential Art,2,£22.11,2026-04-14 09:35:36
Forever and Forever: The Courtship of Henry Longfellow and Fanny Appleton,N/A,Historical Fiction,3,£29.69,2026-04-14 09:35:37
First and First (Five Boroughs #3),N/A,Romance,4,£15.97,2026-04-14 09:35:39
Fifty Shades Darker (Fifty Shades #2),N/A,Romance,1,£21.96,2026-04-14 09:35:40
Everydata: The Misinformation Hidden in the Little Data You Consume Every Day,N/A,Nonfiction,2,£54.35,2026-04-14 09:35:41
"Don't Be a Jerk: And Other Practical Advice from Dogen, Japan's Greatest Zen Master",N/A,Religion,2,£37.97,2026-04-14 09:35:43
Danganronpa Volume 1,N/A,Sequential Art,4,£51.99,2026-04-14 09:35:44
Crown of Midnight (Throne of Glass #2),N/A,Fantasy,3,£43.29,2026-04-14 09:35:45
"Codename Baboushka, Volume 1: The Conclave of Death",N/A,Sequential Art,4,£36.72,2026-04-14 09:35:47
Camp Midnight,N/A,Sequential Art,4,£17.08,2026-04-14 09:35:48
Call the Nurse: True Stories of a Country Nurse on a Scottish Isle,N/A,Nonfiction,5,£29.14,2026-04-14 09:35:50
Burning,N/A,Young Adult,3,£28.81,2026-04-14 09:35:51
Bossypants,N/A,Default,2,£49.46,2026-04-14 09:35:54
"Bitch Planet, Vol. 1: Extraordinary Machine (Bitch Planet (Collected Editions))",N/A,Sequential Art,2,£37.92,2026-04-14 09:35:55
"Avatar: The Last Airbender: Smoke and Shadow, Part 3 (Smoke and Shadow #3)",N/A,Fantasy,2,£28.09,2026-04-14 09:35:56
Algorithms to Live By: The Computer Science of Human Decisions,N/A,Nonfiction,1,£30.81,2026-04-14 09:35:58
A World of Flavor: Your Gluten Free Passport,N/A,Default,1,£42.95,2026-04-14 09:35:59
"A Piece of Sky, a Grain of Rice: A Memoir in Four Meditations",N/A,Default,5,£56.76,2026-04-14 09:36:01
A Murder in Time,N/A,Mystery,1,£16.64,2026-04-14 09:36:02
A Flight of Arrows (The Pathfinders #2),N/A,Historical Fiction,5,£55.53,2026-04-14 09:36:04
A Fierce and Subtle Poison,N/A,Young Adult,4,£28.13,2026-04-14 09:36:05
A Court of Thorns and Roses (A Court of Thorns and Roses #1),N/A,Fantasy,1,£52.37,2026-04-14 09:36:06
(Un)Qualified: How God Uses Broken People to Do Big Things,N/A,Christian,5,£54.00,2026-04-14 09:36:08
You Are What You Love: The Spiritual Power of Habit,N/A,Religion,4,£21.87,2026-04-14 09:36:09
"William Shakespeare's Star Wars: Verily, A New Hope (William Shakespeare's Star Wars #4)",N/A,Science Fiction,4,£43.30,2026-04-14 09:36:10
Tuesday Nights in 1980,N/A,Fiction,2,£21.04,2026-04-14 09:36:11
Tracing Numbers on a Train,N/A,Default,3,£41.60,2026-04-14 09:36:12
Throne of Glass (Throne of Glass #1),N/A,Fantasy,3,£35.07,2026-04-14 09:36:14
Thomas Jefferson and the Tripoli Pirates: The Forgotten War That Changed American History,N/A,History,1,£59.64,2026-04-14 09:36:15
Thirteen Reasons Why,N/A,Default,1,£52.72,2026-04-14 09:36:17
The White Cat and the Monk: A Retelling of the Poem “Pangur Bán”,N/A,Childrens,4,£58.08,2026-04-14 09:36:18
The Wedding Dress,N/A,Romance,1,£24.12,2026-04-14 09:36:20
The Vacationers,N/A,Fiction,4,£42.15,2026-04-14 09:36:23
The Third Wave: An Entrepreneur’s Vision of the Future,N/A,Business,5,£12.61,2026-04-14 09:36:24
The Stranger,N/A,Philosophy,4,£17.44,2026-04-14 09:36:26
The Shadow Hero (The Shadow Hero),N/A,Sequential Art,1,£33.14,2026-04-14 09:36:27
The Secret (The Secret #1),N/A,Default,4,£27.37,2026-04-14 09:36:29
The Regional Office Is Under Attack!,N/A,Fiction,5,£51.36,2026-04-14 09:36:30
The Psychopath Test: A Journey Through the Madness Industry,N/A,Default,2,£36.00,2026-04-14 09:36:31
The Project,N/A,Science Fiction,1,£10.65,2026-04-14 09:36:33
The Power of Now: A Guide to Spiritual Enlightenment,N/A,Nonfiction,2,£43.54,2026-04-14 09:36:34
The Omnivore's Dilemma: A Natural History of Four Meals,N/A,Nonfiction,2,£38.21,2026-04-14 09:36:36
The Nerdy Nummies Cookbook: Sweet Treats for the Geek in All of Us,N/A,Food and Drink,5,£37.34,2026-04-14 09:36:37
The Murder of Roger Ackroyd (Hercule Poirot #4),N/A,Mystery,4,£44.10,2026-04-14 09:36:38
The Mistake (Off-Campus #2),N/A,New Adult,3,£43.29,2026-04-14 09:36:40
The Matchmaker's Playbook (Wingmen Inc. #1),N/A,New Adult,1,£55.85,2026-04-14 09:36:41
The Love and Lemons Cookbook: An Apple-to-Zucchini Celebration of Impromptu Cooking,N/A,Food and Drink,2,£37.60,2026-04-14 09:36:43
The Long Shadow of Small Ghosts: Murder and Memory in an American City,N/A,Crime,1,£10.97,2026-04-14 09:36:44
The Kite Runner,N/A,Default,4,£41.82,2026-04-14 09:36:46
The House by the Lake,N/A,Historical Fiction,1,£36.95,2026-04-14 09:36:47
The Glittering Court (The Glittering Court #1),N/A,Fantasy,1,£44.28,2026-04-14 09:36:49
The Girl on the Train,N/A,Default,2,£55.02,2026-04-14 09:36:50
The Genius of Birds,N/A,Nonfiction,1,£17.24,2026-04-14 09:36:51
The Emerald Mystery,N/A,Default,2,£23.15,2026-04-14 09:36:53
The Cookies & Cups Cookbook: 125+ sweet & savory recipes reminding you to Always Eat Dessert First,N/A,Food and Drink,1,£41.25,2026-04-14 09:36:54
The Bridge to Consciousness: I'm Writing the Bridge Between Science and Our Old and New Beliefs.,N/A,Default,3,£32.00,2026-04-14 09:36:56
The Artist's Way: A Spiritual Path to Higher Creativity,N/A,Nonfiction,5,£38.49,2026-04-14 09:36:57
The Art of War,N/A,Default,5,£33.34,2026-04-14 09:36:59
The Argonauts,N/A,Autobiography,2,£10.93,2026-04-14 09:37:00
The 10% Entrepreneur: Live Your Startup Dream Without Quitting Your Day Job,N/A,Business,3,£27.55,2026-04-14 09:37:02
Suddenly in Love (Lake Haven #1),N/A,Romance,2,£55.99,2026-04-14 09:37:04
Something More Than This,N/A,Romance,4,£16.24,2026-04-14 09:37:05
Soft Apocalypse,N/A,Science Fiction,2,£26.12,2026-04-14 09:37:06
So You've Been Publicly Shamed,N/A,Nonfiction,2,£12.23,2026-04-14 09:37:07
Shoe Dog: A Memoir by the Creator of NIKE,N/A,Business,2,£23.99,2026-04-14 09:37:09
"Shobu Samurai, Project Aryoku (#3)",N/A,Add a comment,3,£29.06,2026-04-14 09:37:10
Secrets and Lace (Fatal Hearts #1),N/A,Default,1,£20.27,2026-04-14 09:37:12
Scarlett Epstein Hates It Here,N/A,Young Adult,5,£43.55,2026-04-14 09:37:13
Romero and Juliet: A Tragic Tale of Love and Zombies,N/A,Default,1,£36.94,2026-04-14 09:37:14
Redeeming Love,N/A,Christian Fiction,5,£20.47,2026-04-14 09:37:15
Poses for Artists Volume 1 - Dynamic and Sitting Poses: An Essential Reference for Figure Drawing and the Human Form,N/A,Default,1,£41.06,2026-04-14 09:37:16
Poems That Make Grown Women Cry,N/A,Poetry,4,£14.19,2026-04-14 09:37:17
"Nightingale, Sing",N/A,Young Adult,1,£38.28,2026-04-14 09:37:18
Night Sky with Exit Wounds,N/A,Poetry,1,£41.05,2026-04-14 09:37:19
Mrs. Houdini,N/A,Historical Fiction,5,£30.25,2026-04-14 09:37:21
Modern Romance,N/A,Add a comment,5,£28.26,2026-04-14 09:37:22
Miss Peregrine’s Home for Peculiar Children (Miss Peregrine’s Peculiar Children #1),N/A,Default,1,£10.76,2026-04-14 09:37:23
Louisa: The Extraordinary Life of Mrs. Adams,N/A,Biography,2,£16.85,2026-04-14 09:37:24
Little Red,N/A,Childrens,3,£13.47,2026-04-14 09:37:25
Library of Souls (Miss Peregrine’s Peculiar Children #3),N/A,Young Adult,5,£48.56,2026-04-14 09:37:26
Large Print Heart of the Pride,N/A,Default,2,£19.15,2026-04-14 09:37:27
I Had a Nice Time And Other Lies...: How to find love & sh*t like that,N/A,Womens Fiction,4,£57.36,2026-04-14 09:37:28
Hollow City (Miss Peregrine’s Peculiar Children #2),N/A,Fantasy,1,£42.98,2026-04-14 09:37:30
Grumbles,N/A,Default,2,£22.16,2026-04-14 09:37:31
Full Moon over Noah’s Ark: An Odyssey to Mount Ararat and Beyond,N/A,Travel,4,£49.43,2026-04-14 09:37:32
Frostbite (Vampire Academy #2),N/A,Young Adult,5,£29.99,2026-04-14 09:37:33
Follow You Home,N/A,Horror,1,£21.36,2026-04-14 09:37:34
First Steps for New Christians (Print Edition),N/A,Default,1,£29.00,2026-04-14 09:37:35
Finders Keepers (Bill Hodges Trilogy #2),N/A,Fiction,5,£53.53,2026-04-14 09:37:36
"Fables, Vol. 1: Legends in Exile (Fables #1)",N/A,Sequential Art,4,£41.62,2026-04-14 09:37:37
Eureka Trivia 6.0,N/A,Default,4,£54.59,2026-04-14 09:37:38
Drive: The Surprising Truth About What Motivates Us,N/A,Default,4,£34.95,2026-04-14 09:37:39
Done Rubbed Out (Reightman & Bailey #1),N/A,Default,5,£37.72,2026-04-14 09:37:41
Doing It Over (Most Likely To #1),N/A,Romance,3,£35.61,2026-04-14 09:37:42
"Deliciously Ella Every Day: Quick and Easy Recipes for Gluten-Free Snacks, Packed Lunches, and Simple Meals",N/A,Food and Drink,3,£42.16,2026-04-14 09:37:43
Dark Notes,N/A,Erotica,5,£19.19,2026-04-14 09:37:44
"Daring Greatly: How the Courage to Be Vulnerable Transforms the Way We Live, Love, Parent, and Lead",N/A,Nonfiction,3,£19.43,2026-04-14 09:37:45
Close to You,N/A,Christian Fiction,4,£49.46,2026-04-14 09:37:46
Chasing Heaven: What Dying Taught Me About Living,N/A,Spirituality,2,£37.80,2026-04-14 09:37:47
Big Magic: Creative Living Beyond Fear,N/A,Nonfiction,3,£30.80,2026-04-14 09:37:49
Becoming Wise: An Inquiry into the Mystery and Art of Living,N/A,Nonfiction,2,£27.43,2026-04-14 09:37:50
Beauty Restored (Riley Family Legacy Novellas #3),N/A,Default,2,£11.11,2026-04-14 09:37:51
Batman: The Long Halloween (Batman),N/A,Sequential Art,2,£36.50,2026-04-14 09:37:52
Batman: The Dark Knight Returns (Batman),N/A,Sequential Art,5,£15.38,2026-04-14 09:37:53
Ayumi's Violin,N/A,Default,2,£15.48,2026-04-14 09:37:54
Anonymous,N/A,Default,4,£46.82,2026-04-14 09:37:55
Amy Meets the Saints and Sages,N/A,Default,3,£18.46,2026-04-14 09:37:56
Amid the Chaos,N/A,Cultural,1,£36.58,2026-04-14 09:37:57
Amatus,N/A,Default,5,£50.54,2026-04-14 09:37:58
Agnostic: A Spirited Manifesto,N/A,Nonfiction,5,£12.51,2026-04-14 09:37:59
Zealot: The Life and Times of Jesus of Nazareth,N/A,History,3,£24.70,2026-04-14 09:38:00
You (You #1),N/A,Thriller,5,£43.61,2026-04-14 09:38:01
"Wonder Woman: Earth One, Volume One (Wonder Woman: Earth One #1)",N/A,Sequential Art,4,£37.34,2026-04-14 09:38:03
Wild Swans,N/A,Young Adult,2,£14.36,2026-04-14 09:38:04
Why the Right Went Wrong: Conservatism--From Goldwater to the Tea Party and Beyond,N/A,Politics,4,£52.65,2026-04-14 09:38:05
Whole Lotta Creativity Going On: 60 Fun and Unusual Exercises to Awaken and Strengthen Your Creativity,N/A,Nonfiction,4,£38.20,2026-04-14 09:38:06
What's It Like in Space?: Stories from Astronauts Who've Been There,N/A,Nonfiction,2,£19.60,2026-04-14 09:38:07
"We Are Robin, Vol. 1: The Vigilante Business (We Are Robin #1)",N/A,Sequential Art,1,£53.90,2026-04-14 09:38:08
Walt Disney's Alice in Wonderland,N/A,Childrens,5,£12.96,2026-04-14 09:38:09
V for Vendetta (V for Vendetta Complete),N/A,Default,4,£37.10,2026-04-14 09:38:11
Until Friday Night (The Field Party #1),N/A,Young Adult,2,£46.31,2026-04-14 09:38:12
"Unbroken: A World War II Story of Survival, Resilience, and Redemption",N/A,Default,2,£45.95,2026-04-14 09:38:13
Twenty Yawns,N/A,Childrens,2,£22.08,2026-04-14 09:38:14
Through the Woods,N/A,Sequential Art,2,£25.38,2026-04-14 09:38:15
This Is Where It Ends,N/A,Young Adult,2,£27.12,2026-04-14 09:38:16
The Year of Magical Thinking,N/A,Nonfiction,2,£43.04,2026-04-14 09:38:17
The Wright Brothers,N/A,Default,4,£56.80,2026-04-14 09:38:18
The White Queen (The Cousins' War #1),N/A,Add a comment,5,£25.91,2026-04-14 09:38:19
The Wedding Pact (The O'Malleys #2),N/A,Romance,3,£32.61,2026-04-14 09:38:20
The Time Keeper,N/A,Fiction,5,£27.88,2026-04-14 09:38:21
The Testament of Mary,N/A,Fiction,4,£52.67,2026-04-14 09:38:22
The Star-Touched Queen,N/A,Fantasy,5,£46.02,2026-04-14 09:38:23
The Songs of the Gods,N/A,Default,5,£44.48,2026-04-14 09:38:24
The Song of Achilles,N/A,Add a comment,5,£37.40,2026-04-14 09:38:25
The Rosie Project (Don Tillman #1),N/A,Default,1,£54.04,2026-04-14 09:38:26
The Power of Habit: Why We Do What We Do in Life and Business,N/A,Default,3,£16.88,2026-04-14 09:38:27
The Marriage of Opposites,N/A,Historical Fiction,4,£28.08,2026-04-14 09:38:28
The Lucifer Effect: Understanding How Good People Turn Evil,N/A,Psychology,1,£10.40,2026-04-14 09:38:29
The Long Haul (Diary of a Wimpy Kid #9),N/A,Humor,1,£44.07,2026-04-14 09:38:30
The Loney,N/A,Horror,1,£23.40,2026-04-14 09:38:31
The Literature Book (Big Ideas Simply Explained),N/A,Nonfiction,3,£17.43,2026-04-14 09:38:32
The Last Mile (Amos Decker #2),N/A,Mystery,2,£54.21,2026-04-14 09:38:34
The Immortal Life of Henrietta Lacks,N/A,Add a comment,2,£40.67,2026-04-14 09:38:35
The Hidden Oracle (The Trials of Apollo #1),N/A,Fantasy,2,£52.26,2026-04-14 09:38:36
The Help Yourself Cookbook for Kids: 60 Easy Plant-Based Recipes Kids Can Make to Stay Healthy and Save the Earth,N/A,Food and Drink,3,£28.77,2026-04-14 09:38:37
The Guilty (Will Robie #4),N/A,Thriller,2,£13.82,2026-04-14 09:38:38
The First Hostage (J.B. Collins #2),N/A,Fiction,3,£25.85,2026-04-14 09:38:39
The Dovekeepers,N/A,Add a comment,1,£48.78,2026-04-14 09:38:40
The Darkest Lie,N/A,Young Adult,5,£35.35,2026-04-14 09:38:41
The Bane Chronicles (The Bane Chronicles #1-11),N/A,Fantasy,4,£44.73,2026-04-14 09:38:42
The Bad-Ass Librarians of Timbuktu: And Their Race to Save the World’s Most Precious Manuscripts,N/A,Nonfiction,1,£15.77,2026-04-14 09:38:43
The 14th Colony (Cotton Malone #11),N/A,Thriller,1,£39.24,2026-04-14 09:38:44
That Darkness (Gardiner and Renner #1),N/A,Mystery,1,£13.92,2026-04-14 09:38:45
Tastes Like Fear (DI Marnie Rome #3),N/A,Mystery,1,£10.69,2026-04-14 09:38:46
Take Me with You,N/A,Fiction,3,£45.21,2026-04-14 09:38:47
Swell: A Year of Waves,N/A,Nonfiction,1,£45.58,2026-04-14 09:38:48
Superman Vol. 1: Before Truth (Superman by Gene Luen Yang #1),N/A,Sequential Art,5,£11.89,2026-04-14 09:38:49
Still Life with Bread Crumbs,N/A,Fiction,3,£26.41,2026-04-14 09:38:50
Steve Jobs,N/A,Default,5,£39.50,2026-04-14 09:38:51
Sorting the Beef from the Bull: The Science of Food Fraud Forensics,N/A,Science,4,£44.74,2026-04-14 09:38:53
Someone Like You (The Harrisons #2),N/A,Contemporary,5,£52.79,2026-04-14 09:38:54
"So Cute It Hurts!!, Vol. 6 (So Cute It Hurts!! #6)",N/A,Sequential Art,4,£35.43,2026-04-14 09:38:55
Shtum,N/A,Fiction,4,£55.84,2026-04-14 09:38:56
See America: A Celebration of Our National Parks & Treasured Sites,N/A,Travel,3,£48.87,2026-04-14 09:38:57
salt.,N/A,Poetry,4,£46.78,2026-04-14 09:38:58
Robin War,N/A,Sequential Art,3,£47.82,2026-04-14 09:38:59
"Red Hood/Arsenal, Vol. 1: Open for Business (Red Hood/Arsenal #1)",N/A,Sequential Art,2,£25.48,2026-04-14 09:39:00
Rain Fish,N/A,Childrens,3,£23.57,2026-04-14 09:39:01
"Quarter Life Poetry: Poems for the Young, Broke and Hangry",N/A,Poetry,5,£50.89,2026-04-14 09:39:02
Pet Sematary,N/A,Horror,3,£10.56,2026-04-14 09:39:03
"Overload: How to Unplug, Unwind, and Unleash Yourself from the Pressure of Stress",N/A,Self Help,3,£52.15,2026-04-14 09:39:04
Once Was a Time,N/A,Childrens,2,£18.28,2026-04-14 09:39:06
Old School (Diary of a Wimpy Kid #10),N/A,Humor,5,£11.83,2026-04-14 09:39:07
No Dream Is Too High: Life Lessons From a Man Who Walked on the Moon,N/A,Nonfiction,2,£21.95,2026-04-14 09:39:08
"Naruto (3-in-1 Edition), Vol. 14: Includes Vols. 40, 41 & 42 (Naruto: Omnibus #14)",N/A,Sequential Art,2,£38.39,2026-04-14 09:39:09
My Name Is Lucy Barton,N/A,Fiction,1,£41.56,2026-04-14 09:39:10
My Mrs. Brown,N/A,Fiction,3,£24.48,2026-04-14 09:39:11
My Kind of Crazy,N/A,Young Adult,1,£40.36,2026-04-14 09:39:12
Mr. Mercedes (Bill Hodges Trilogy #1),N/A,Fiction,1,£28.90,2026-04-14 09:39:13
More Than Music (Chasing the Dream #1),N/A,Add a comment,2,£37.61,2026-04-14 09:39:14
Made to Stick: Why Some Ideas Survive and Others Die,N/A,Business,5,£38.85,2026-04-14 09:39:15
Luis Paints the World,N/A,Childrens,3,£53.95,2026-04-14 09:39:16
Luckiest Girl Alive,N/A,Default,3,£49.83,2026-04-14 09:39:17
Lowriders to the Center of the Earth (Lowriders in Space #2),N/A,Sequential Art,2,£51.51,2026-04-14 09:39:18
Love Is a Mix Tape (Music #1),N/A,Music,1,£18.03,2026-04-14 09:39:19
Looking for Lovely: Collecting the Moments that Matter,N/A,Nonfiction,5,£29.14,2026-04-14 09:39:21
"Living Leadership by Insight: A Good Leader Achieves, a Great Leader Builds Monuments",N/A,Default,4,£46.91,2026-04-14 09:39:22
Let It Out: A Journey Through Journaling,N/A,Nonfiction,5,£26.79,2026-04-14 09:39:23
Lady Midnight (The Dark Artifices #1),N/A,Default,5,£16.28,2026-04-14 09:39:24
"It's All Easy: Healthy, Delicious Weeknight Meals in under 30 Minutes",N/A,Food and Drink,1,£19.55,2026-04-14 09:39:25
Island of Dragons (Unwanteds #7),N/A,Fantasy,1,£29.65,2026-04-14 09:39:26
I Know What I'm Doing -- and Other Lies I Tell Myself: Dispatches from a Life Under Construction,N/A,Humor,4,£25.98,2026-04-14 09:39:27
I Am Pilgrim (Pilgrim #1),N/A,Fiction,4,£10.60,2026-04-14 09:39:28
"Hyperbole and a Half: Unfortunate Situations, Flawed Coping Mechanisms, Mayhem, and Other Things That Happened",N/A,Humor,5,£14.75,2026-04-14 09:39:29
"Hush, Hush (Hush, Hush #1)",N/A,Default,3,£47.02,2026-04-14 09:39:30
Hold Your Breath (Search and Rescue #1),N/A,Romance,1,£28.82,2026-04-14 09:39:32
Hamilton: The Revolution,N/A,Nonfiction,3,£58.79,2026-04-14 09:39:33
Greek Mythic History,N/A,Default,5,£10.23,2026-04-14 09:39:34
God: The Most Unpleasant Character in All Fiction,N/A,Religion,5,£30.03,2026-04-14 09:39:35
Glory over Everything: Beyond The Kitchen House,N/A,Historical Fiction,3,£45.84,2026-04-14 09:39:36
Feathers: Displays of Brilliant Plumage,N/A,Art,3,£49.05,2026-04-14 09:39:37
"Far & Away: Places on the Brink of Change: Seven Continents, Twenty-Five Years",N/A,Nonfiction,4,£15.06,2026-04-14 09:39:38
Every Last Word,N/A,Default,3,£46.47,2026-04-14 09:39:39
Eligible (The Austen Project #4),N/A,Fiction,3,£27.09,2026-04-14 09:39:40
El Deafo,N/A,Sequential Art,5,£57.62,2026-04-14 09:39:42
Eight Hundred Grapes,N/A,Fiction,4,£14.39,2026-04-14 09:39:43
"Eaternity: More than 150 Deliciously Easy Vegan Recipes for a Long, Healthy, Satisfied, Joyful Life",N/A,Nonfiction,5,£51.75,2026-04-14 09:39:44
"Eat Fat, Get Thin",N/A,Health,2,£54.07,2026-04-14 09:39:45
Don't Get Caught,N/A,Young Adult,1,£55.35,2026-04-14 09:39:46
Doctor Sleep (The Shining #2),N/A,Horror,2,£40.12,2026-04-14 09:39:47
Demigods & Magicians: Percy and Annabeth Meet the Kanes (Percy Jackson & Kane Chronicles Crossover #1-3),N/A,Fantasy,5,£37.51,2026-04-14 09:39:48
Dear Mr. Knightley,N/A,Fiction,5,£11.21,2026-04-14 09:39:49
Daily Fantasy Sports,N/A,Default,1,£36.58,2026-04-14 09:39:50
Crazy Love: Overwhelmed by a Relentless God,N/A,Christian,2,£47.72,2026-04-14 09:39:51
Cometh the Hour (The Clifton Chronicles #6),N/A,Fiction,3,£25.01,2026-04-14 09:39:53
Code Name Verity (Code Name Verity #1),N/A,Add a comment,4,£22.13,2026-04-14 09:39:54
Clockwork Angel (The Infernal Devices #1),N/A,Default,1,£44.14,2026-04-14 09:39:55
City of Glass (The Mortal Instruments #3),N/A,Fantasy,4,£56.02,2026-04-14 09:39:56
City of Fallen Angels (The Mortal Instruments #4),N/A,Default,4,£11.23,2026-04-14 09:39:57
City of Bones (The Mortal Instruments #1),N/A,Default,1,£43.28,2026-04-14 09:39:58
City of Ashes (The Mortal Instruments #2),N/A,Default,1,£47.27,2026-04-14 09:39:59
Cell,N/A,Add a comment,4,£20.29,2026-04-14 09:40:00
Catching Jordan (Hundred Oaks),N/A,Young Adult,3,£50.83,2026-04-14 09:40:01
"Carry On, Warrior: Thoughts on Life Unarmed",N/A,Default,3,£31.85,2026-04-14 09:40:02
Carrie,N/A,Default,2,£46.23,2026-04-14 09:40:04
Buying In: The Secret Dialogue Between What We Buy and Who We Are,N/A,Nonfiction,4,£37.80,2026-04-14 09:40:05
Brain on Fire: My Month of Madness,N/A,Nonfiction,5,£49.32,2026-04-14 09:40:06
Batman: Europa,N/A,Sequential Art,2,£32.01,2026-04-14 09:40:07
Barefoot Contessa Back to Basics,N/A,Food and Drink,1,£28.01,2026-04-14 09:40:08
Barefoot Contessa at Home: Everyday Recipes You'll Make Over and Over Again,N/A,Food and Drink,5,£50.62,2026-04-14 09:40:09
Balloon Animals,N/A,Fiction,3,£17.03,2026-04-14 09:40:10
Art Ops Vol. 1,N/A,Sequential Art,3,£48.80,2026-04-14 09:40:11
Aristotle and Dante Discover the Secrets of the Universe (Aristotle and Dante Discover the Secrets of the Universe #1),N/A,Young Adult,4,£58.14,2026-04-14 09:40:12
Angels Walking (Angels Walking #1),N/A,Add a comment,2,£34.20,2026-04-14 09:40:14
Angels & Demons (Robert Langdon #1),N/A,Default,3,£51.48,2026-04-14 09:40:15
All the Light We Cannot See,N/A,Historical,5,£29.87,2026-04-14 09:40:16
"Adulthood Is a Myth: A ""Sarah's Scribbles"" Collection",N/A,Sequential Art,2,£10.90,2026-04-14 09:40:17
Abstract City,N/A,Nonfiction,5,£56.37,2026-04-14 09:40:18
A Time of Torment (Charlie Parker #14),N/A,Mystery,5,£48.35,2026-04-14 09:40:19
A Study in Scarlet (Sherlock Holmes #1),N/A,Mystery,2,£16.73,2026-04-14 09:40:20
"A Series of Catastrophes and Miracles: A True Story of Love, Science, and Cancer",N/A,Add a comment,2,£56.48,2026-04-14 09:40:21
A People's History of the United States,N/A,Add a comment,2,£40.79,2026-04-14 09:40:22
A Man Called Ove,N/A,Fiction,1,£39.72,2026-04-14 09:40:24
A Distant Mirror: The Calamitous 14th Century,N/A,History,3,£14.58,2026-04-14 09:40:25
A Brush of Wings (Angels Walking #3),N/A,Add a comment,1,£55.51,2026-04-14 09:40:26
1491: New Revelations of the Americas Before Columbus,N/A,History,3,£21.80,2026-04-14 09:40:27
"The Three Searches, Meaning, and the Story",N/A,Default,3,£13.33,2026-04-14 09:40:28
Searching for Meaning in Gailana,N/A,Fantasy,1,£38.73,2026-04-14 09:40:29
Rook,N/A,Add a comment,4,£37.86,2026-04-14 09:40:30
My Kitchen Year: 136 Recipes That Saved My Life,N/A,Food and Drink,2,£11.53,2026-04-14 09:40:31
13 Hours: The Inside Account of What Really Happened In Benghazi,N/A,Nonfiction,1,£27.06,2026-04-14 09:40:32
Will You Won't You Want Me?,N/A,Womens Fiction,3,£13.86,2026-04-14 09:40:33
Tipping Point for Planet Earth: How Close Are We to the Edge?,N/A,Science,1,£37.55,2026-04-14 09:40:34
The Star-Touched Queen,N/A,Fantasy,5,£32.30,2026-04-14 09:40:36
The Silent Sister (Riley MacPherson #1),N/A,Fiction,5,£46.29,2026-04-14 09:40:37
The Midnight Watch: A Novel of the Titanic and the Californian,N/A,Add a comment,1,£26.20,2026-04-14 09:40:38
The Lonely City: Adventures in the Art of Being Alone,N/A,Nonfiction,2,£33.26,2026-04-14 09:40:39
The Gray Rhino: How to Recognize and Act on the Obvious Dangers We Ignore,N/A,Add a comment,4,£59.15,2026-04-14 09:40:40
The Golden Condom: And Other Essays on Love Lost and Found,N/A,Psychology,1,£39.43,2026-04-14 09:40:41
The Epidemic (The Program 0.6),N/A,Young Adult,5,£14.44,2026-04-14 09:40:42
The Dinner Party,N/A,Fiction,2,£56.54,2026-04-14 09:40:43
The Diary of a Young Girl,N/A,Nonfiction,3,£59.90,2026-04-14 09:40:44
The Children,N/A,Add a comment,3,£11.88,2026-04-14 09:40:46
Stars Above (The Lunar Chronicles #4.5),N/A,Young Adult,2,£48.05,2026-04-14 09:40:47
Snatched: How A Drug Queen Went Undercover for the DEA and Was Kidnapped By Colombian Guerillas,N/A,Nonfiction,3,£21.21,2026-04-14 09:40:48
Raspberry Pi Electronics Projects for the Evil Genius,N/A,Default,4,£49.67,2026-04-14 09:40:49
Quench Your Own Thirst: Business Lessons Learned Over a Beer or Two,N/A,Business,1,£43.14,2026-04-14 09:40:50
Psycho: Sanitarium (Psycho #1.5),N/A,Horror,5,£36.97,2026-04-14 09:40:51
Poisonous (Max Revere Novels #3),N/A,Mystery,3,£26.80,2026-04-14 09:40:52
One with You (Crossfire #5),N/A,Add a comment,4,£15.71,2026-04-14 09:40:53
No Love Allowed (Dodge Cove #1),N/A,Young Adult,4,£54.65,2026-04-14 09:40:54
Murder at the 42nd Street Library (Raymond Ambler #1),N/A,Mystery,4,£54.36,2026-04-14 09:40:55
Most Wanted,N/A,Mystery,3,£35.28,2026-04-14 09:40:57
"Love, Lies and Spies",N/A,Historical Fiction,2,£20.55,2026-04-14 09:40:58
How to Speak Golf: An Illustrated Guide to Links Lingo,N/A,Default,5,£58.32,2026-04-14 09:40:59
Hide Away (Eve Duncan #20),N/A,Mystery,1,£11.84,2026-04-14 09:41:00
Furiously Happy: A Funny Book About Horrible Things,N/A,Nonfiction,4,£41.46,2026-04-14 09:41:01
Everyday Italian: 125 Simple and Delicious Recipes,N/A,Food and Drink,5,£20.10,2026-04-14 09:41:02
Equal Is Unfair: America's Misguided Fight Against Income Inequality,N/A,Politics,1,£56.86,2026-04-14 09:41:03
Eleanor & Park,N/A,Default,5,£56.51,2026-04-14 09:41:04
Dirty (Dive Bar #1),N/A,Romance,4,£40.83,2026-04-14 09:41:05
Can You Keep a Secret? (Fear Street Relaunch #4),N/A,Horror,1,£48.64,2026-04-14 09:41:06
Boar Island (Anna Pigeon #19),N/A,Mystery,3,£59.48,2026-04-14 09:41:07
A Paris Apartment,N/A,Historical Fiction,4,£39.01,2026-04-14 09:41:09
"A la Mode: 120 Recipes in 60 Pairings: Pies, Tarts, Cakes, Crisps, and More Topped with Ice Cream, Gelato, Frozen Custard, and More",N/A,Food and Drink,1,£38.77,2026-04-14 09:41:10
Troublemaker: Surviving Hollywood and Scientology,N/A,Default,2,£48.39,2026-04-14 09:41:11
The Widow,N/A,Mystery,2,£27.26,2026-04-14 09:41:12
"The Sleep Revolution: Transforming Your Life, One Night at a Time",N/A,Nonfiction,4,£11.68,2026-04-14 09:41:13
The Improbability of Love,N/A,Fiction,1,£59.45,2026-04-14 09:41:14
The Art of Startup Fundraising,N/A,Business,3,£21.00,2026-04-14 09:41:15
Take Me Home Tonight (Rock Star Romance #3),N/A,Romance,3,£53.98,2026-04-14 09:41:16
Sleeping Giants (Themis Files #1),N/A,Science Fiction,1,£48.74,2026-04-14 09:41:17
"Setting the World on Fire: The Brief, Astonishing Life of St. Catherine of Siena",N/A,Biography,2,£21.15,2026-04-14 09:41:19
Playing with Fire,N/A,Mystery,3,£13.71,2026-04-14 09:41:20
Off the Hook (Fishing for Trouble #1),N/A,Romance,3,£47.67,2026-04-14 09:41:21
Mothering Sunday,N/A,Fiction,2,£13.34,2026-04-14 09:41:22
"Mother, Can You Not?",N/A,Nonfiction,5,£16.89,2026-04-14 09:41:23
M Train,N/A,Autobiography,1,£27.18,2026-04-14 09:41:24
Lilac Girls,N/A,Historical Fiction,2,£17.28,2026-04-14 09:41:25
Lies and Other Acts of Love,N/A,Fiction,1,£45.14,2026-04-14 09:41:26
Lab Girl,N/A,Autobiography,1,£40.85,2026-04-14 09:41:27
Keep Me Posted,N/A,Womens Fiction,4,£20.46,2026-04-14 09:41:28
It Didn't Start with You: How Inherited Family Trauma Shapes Who We Are and How to End the Cycle,N/A,Psychology,3,£56.27,2026-04-14 09:41:29
Grey (Fifty Shades #4),N/A,Womens Fiction,4,£48.49,2026-04-14 09:41:30
"Exit, Pursued by a Bear",N/A,Young Adult,4,£51.34,2026-04-14 09:41:32
Daredevils,N/A,Fiction,3,£16.34,2026-04-14 09:41:33
Cravings: Recipes for What You Want to Eat,N/A,Food and Drink,3,£20.50,2026-04-14 09:41:34
Born for This: How to Find the Work You Were Meant to Do,N/A,Business,5,£21.59,2026-04-14 09:41:35
Arena,N/A,Science Fiction,4,£21.36,2026-04-14 09:41:36
Adultery,N/A,Default,5,£20.88,2026-04-14 09:41:37
A Mother's Reckoning: Living in the Aftermath of Tragedy,N/A,Nonfiction,3,£19.53,2026-04-14 09:41:38
A Gentleman's Position (Society of Gentlemen #3),N/A,Romance,5,£14.75,2026-04-14 09:41:39
11/22/63,N/A,Fiction,3,£48.48,2026-04-14 09:41:40
"10% Happier: How I Tamed the Voice in My Head, Reduced Stress Without Losing My Edge, and Found Self-Help That Actually Works",N/A,Nonfiction,2,£24.57,2026-04-14 09:41:42
10-Day Green Smoothie Cleanse: Lose Up to 15 Pounds in 10 Days!,N/A,Health,5,£49.71,2026-04-14 09:41:43
Without Shame,N/A,Add a comment,5,£48.27,2026-04-14 09:41:44
Watchmen,N/A,Add a comment,4,£58.05,2026-04-14 09:41:45
Unlimited Intuition Now,N/A,Default,4,£58.87,2026-04-14 09:41:46
Underlying Notes,N/A,Default,2,£11.82,2026-04-14 09:41:47
The Shack,N/A,Fiction,1,£28.03,2026-04-14 09:41:48
The New Brand You: Your New Image Makes the Sale for You,N/A,Default,5,£44.05,2026-04-14 09:41:49
"The Moosewood Cookbook: Recipes from Moosewood Restaurant, Ithaca, New York",N/A,Food and Drink,4,£12.34,2026-04-14 09:41:50
The Flowers Lied,N/A,Default,2,£16.68,2026-04-14 09:41:52
"The Fabric of the Cosmos: Space, Time, and the Texture of Reality",N/A,Science,1,£55.91,2026-04-14 09:41:53
The Book of Mormon,N/A,Religion,3,£24.57,2026-04-14 09:41:54
The Art and Science of Low Carbohydrate Living,N/A,Health,5,£52.98,2026-04-14 09:41:55
The Alien Club,N/A,Young Adult,1,£54.40,2026-04-14 09:41:56
Suzie Snowflake: One beautiful flake (a self-esteem story),N/A,Novels,5,£54.81,2026-04-14 09:41:57
Nap-a-Roo,N/A,Childrens,1,£25.08,2026-04-14 09:41:58
"NaNo What Now? Finding your editing process, revising your NaNoWriMo book and building a writing career through publishing and beyond",N/A,Default,4,£10.41,2026-04-14 09:41:59
Modern Day Fables,N/A,Default,2,£47.44,2026-04-14 09:42:00
If I Gave You God's Phone Number....: Searching for Spirituality in America,N/A,Spirituality,1,£20.91,2026-04-14 09:42:02
"Fruits Basket, Vol. 9 (Fruits Basket #9)",N/A,Sequential Art,4,£33.95,2026-04-14 09:42:03
Dress Your Family in Corduroy and Denim,N/A,Humor,3,£43.68,2026-04-14 09:42:04
Don't Forget Steven,N/A,Young Adult,1,£33.23,2026-04-14 09:42:05
Chernobyl 01:23:40: The Incredible True Story of the World's Worst Nuclear Disaster,N/A,Nonfiction,2,£35.92,2026-04-14 09:42:06
Art and Fear: Observations on the Perils (and Rewards) of Artmaking,N/A,Art,4,£48.63,2026-04-14 09:42:07
A Shard of Ice (The Black Symphony Saga #1),N/A,Fantasy,3,£56.63,2026-04-14 09:42:08
A Hero's Curse (The Unseen Chronicles #1),N/A,Add a comment,3,£50.49,2026-04-14 09:42:09
23 Degrees South: A Tropical Tale of Changing Whether...,N/A,Add a comment,2,£35.79,2026-04-14 09:42:10
"Zero to One: Notes on Startups, or How to Build the Future",N/A,Nonfiction,3,£34.06,2026-04-14 09:42:12
Why Not Me?,N/A,Nonfiction,1,£17.76,2026-04-14 09:42:13
When Breath Becomes Air,N/A,Nonfiction,2,£39.36,2026-04-14 09:42:14
Vagabonding: An Uncommon Guide to the Art of Long-Term World Travel,N/A,Travel,2,£36.94,2026-04-14 09:42:15
The Unlikely Pilgrimage of Harold Fry (Harold Fry #1),N/A,Default,5,£43.62,2026-04-14 09:42:16
The New Drawing on the Right Side of the Brain,N/A,Art,3,£43.02,2026-04-14 09:42:17
"The Midnight Assassin: Panic, Scandal, and the Hunt for America's First Serial Killer",N/A,Nonfiction,4,£28.45,2026-04-14 09:42:18
The Martian (The Martian #1),N/A,Default,2,£41.39,2026-04-14 09:42:19
The High Mountains of Portugal,N/A,Fiction,1,£51.15,2026-04-14 09:42:21
The Grownup,N/A,Short Stories,1,£35.88,2026-04-14 09:42:22
The E-Myth Revisited: Why Most Small Businesses Don't Work and What to Do About It,N/A,Business,1,£36.91,2026-04-14 09:42:23
South of Sunshine,N/A,Young Adult,1,£28.93,2026-04-14 09:42:24
Smarter Faster Better: The Secrets of Being Productive in Life and Business,N/A,Nonfiction,5,£38.89,2026-04-14 09:42:25
Silence in the Dark (Logan Point #4),N/A,Suspense,3,£58.33,2026-04-14 09:42:26
Shadows of the Past (Logan Point #1),N/A,Christian Fiction,5,£39.67,2026-04-14 09:42:27
Roller Girl,N/A,Sequential Art,5,£14.10,2026-04-14 09:42:28
Rising Strong,N/A,Nonfiction,3,£21.82,2026-04-14 09:42:29
Proofs of God: Classical Arguments from Tertullian to Barth,N/A,Philosophy,1,£54.21,2026-04-14 09:42:30
Please Kill Me: The Uncensored Oral History of Punk,N/A,Music,4,£31.19,2026-04-14 09:42:31
Out of Print: City Lights Spotlight No. 14,N/A,Poetry,5,£53.64,2026-04-14 09:42:32
My Life Next Door (My Life Next Door ),N/A,Young Adult,5,£36.39,2026-04-14 09:42:33
Miller's Valley,N/A,Fiction,2,£58.54,2026-04-14 09:42:35
Man's Search for Meaning,N/A,Nonfiction,3,£29.48,2026-04-14 09:42:36
"Love That Boy: What Two Presidents, Eight Road Trips, and My Son Taught Me About a Parent's Expectations",N/A,Nonfiction,2,£25.06,2026-04-14 09:42:37
Living Forward: A Proven Plan to Stop Drifting and Get the Life You Want,N/A,Nonfiction,3,£12.55,2026-04-14 09:42:38
Les Fleurs du Mal,N/A,Poetry,5,£29.04,2026-04-14 09:42:39
Left Behind (Left Behind #1),N/A,Default,2,£40.72,2026-04-14 09:42:40
Kill 'Em and Leave: Searching for James Brown and the American Soul,N/A,Music,5,£45.05,2026-04-14 09:42:41
Kierkegaard: A Christian Missionary to Christians,N/A,Philosophy,1,£47.13,2026-04-14 09:42:42
John Vassos: Industrial Design for Modern Life,N/A,Default,4,£20.22,2026-04-14 09:42:44
I'll Give You the Sun,N/A,Default,1,£56.48,2026-04-14 09:42:45
I Will Find You,N/A,Nonfiction,1,£44.21,2026-04-14 09:42:46
Hystopia: A Novel,N/A,Fiction,4,£21.96,2026-04-14 09:42:47
Howl and Other Poems,N/A,Poetry,2,£40.45,2026-04-14 09:42:48
History of Beauty,N/A,Art,4,£10.29,2026-04-14 09:42:49
Heaven is for Real: A Little Boy's Astounding Story of His Trip to Heaven and Back,N/A,Default,2,£52.86,2026-04-14 09:42:50
Future Shock (Future Shock #1),N/A,Young Adult,5,£55.65,2026-04-14 09:42:51
Ender's Game (The Ender Quintet #1),N/A,Default,1,£43.64,2026-04-14 09:42:52
Diary of a Citizen Scientist: Chasing Tiger Beetles and Other New Ways of Engaging the World,N/A,Science,1,£28.41,2026-04-14 09:42:54
Death by Leisure: A Cautionary Tale,N/A,Default,4,£37.51,2026-04-14 09:42:55
Brilliant Beacons: A History of the American Lighthouse,N/A,History,3,£11.45,2026-04-14 09:42:56
Brazen: The Courage to Find the You That's Been Hiding,N/A,Nonfiction,2,£19.22,2026-04-14 09:42:57
Between the World and Me,N/A,Nonfiction,4,£56.91,2026-04-14 09:42:58
Being Mortal: Medicine and What Matters in the End,N/A,Nonfiction,4,£55.06,2026-04-14 09:42:59
"A Murder Over a Girl: Justice, Gender, Junior High",N/A,Nonfiction,3,£13.20,2026-04-14 09:43:00
32 Yolks,N/A,Food and Drink,2,£53.63,2026-04-14 09:43:01
"""Most Blessed of the Patriarchs"": Thomas Jefferson and the Empire of the Imagination",N/A,History,5,£44.48,2026-04-14 09:43:02
You Are a Badass: How to Stop Doubting Your Greatness and Start Living an Awesome Life,N/A,Self Help,3,£12.08,2026-04-14 09:43:03
Wildlife of New York: A Five-Borough Coloring Book,N/A,Default,2,£22.14,2026-04-14 09:43:04
What Happened on Beale Street (Secrets of the South Mysteries #2),N/A,Mystery,5,£25.37,2026-04-14 09:43:06
Unreasonable Hope: Finding Faith in the God Who Brings Purpose to Your Pain,N/A,Spirituality,2,£46.33,2026-04-14 09:43:07
Under the Tuscan Sun,N/A,Travel,3,£37.33,2026-04-14 09:43:08
Toddlers Are A**holes: It's Not Your Fault,N/A,Humor,1,£25.55,2026-04-14 09:43:09
The Year of Living Biblically: One Man's Humble Quest to Follow the Bible as Literally as Possible,N/A,Default,1,£34.72,2026-04-14 09:43:10
The Whale,N/A,Childrens,4,£35.96,2026-04-14 09:43:11
The Story of Art,N/A,Art,4,£41.14,2026-04-14 09:43:12
The Origin of Species,N/A,Science,4,£10.01,2026-04-14 09:43:13
The Great Gatsby,N/A,Default,4,£36.05,2026-04-14 09:43:14
The Good Girl,N/A,Default,3,£49.03,2026-04-14 09:43:15
The Glass Castle,N/A,Add a comment,1,£16.24,2026-04-14 09:43:16
The Faith of Christopher Hitchens: The Restless Soul of the World's Most Notorious Atheist,N/A,Biography,1,£39.55,2026-04-14 09:43:18
The Drowning Girls,N/A,Add a comment,3,£35.67,2026-04-14 09:43:19
The Constant Princess (The Tudor Court #1),N/A,Historical Fiction,3,£16.62,2026-04-14 09:43:20
The Bourne Identity (Jason Bourne #1),N/A,Fiction,4,£42.78,2026-04-14 09:43:21
The Bachelor Girl's Guide to Murder (Herringford and Watts Mysteries #1),N/A,Mystery,5,£52.30,2026-04-14 09:43:22
The Art Book,N/A,Art,2,£32.34,2026-04-14 09:43:23
The 7 Habits of Highly Effective People: Powerful Lessons in Personal Change,N/A,Default,4,£33.17,2026-04-14 09:43:24
Team of Rivals: The Political Genius of Abraham Lincoln,N/A,Add a comment,5,£20.12,2026-04-14 09:43:25
Steal Like an Artist: 10 Things Nobody Told You About Being Creative,N/A,Default,2,£20.90,2026-04-14 09:43:26
"Sit, Stay, Love",N/A,Romance,3,£20.90,2026-04-14 09:43:28
Sister Dear,N/A,Fiction,4,£40.20,2026-04-14 09:43:29
"Shrunken Treasures: Literary Classics, Short, Sweet, and Silly",N/A,Childrens,3,£52.87,2026-04-14 09:43:30
"Rich Dad, Poor Dad",N/A,Business,1,£51.74,2026-04-14 09:43:31
Raymie Nightingale,N/A,Childrens,2,£34.41,2026-04-14 09:43:32
Playing from the Heart,N/A,Childrens,1,£32.38,2026-04-14 09:43:33
Nightstruck: A Novel,N/A,Young Adult,4,£50.35,2026-04-14 09:43:34
"Naturally Lean: 125 Nourishing Gluten-Free, Plant-Based Recipes--All Under 300 Calories",N/A,Food and Drink,5,£11.38,2026-04-14 09:43:36
Meternity,N/A,Womens Fiction,3,£43.58,2026-04-14 09:43:37
Memoirs of a Geisha,N/A,Fiction,3,£49.67,2026-04-14 09:43:38
Like Never Before (Walker Family #2),N/A,Christian Fiction,2,£28.77,2026-04-14 09:43:39
Life of Pi,N/A,Default,4,£13.22,2026-04-14 09:43:40
Leave This Song Behind: Teen Poetry at Its Best,N/A,Poetry,5,£51.17,2026-04-14 09:43:41
King's Folly (The Kinsman Chronicles #1),N/A,Fantasy,5,£39.61,2026-04-14 09:43:42
John Adams,N/A,Add a comment,4,£57.43,2026-04-14 09:43:43
How to Cook Everything Vegetarian: Simple Meatless Recipes for Great Food (How to Cook Everything),N/A,Food and Drink,4,£46.01,2026-04-14 09:43:44
How to Be a Domestic Goddess: Baking and the Art of Comfort Cooking,N/A,Food and Drink,2,£28.25,2026-04-14 09:43:46
Good in Bed (Cannie Shapiro #1),N/A,Add a comment,5,£37.05,2026-04-14 09:43:47
"Fruits Basket, Vol. 7 (Fruits Basket #7)",N/A,Sequential Art,1,£19.57,2026-04-14 09:43:48
For the Love: Fighting for Grace in a World of Impossible Standards,N/A,Nonfiction,3,£45.13,2026-04-14 09:43:49
Finding God in the Ruins: How God Redeems Pain,N/A,Nonfiction,2,£46.64,2026-04-14 09:43:50
Every Heart a Doorway (Every Heart A Doorway #1),N/A,Fantasy,5,£12.16,2026-04-14 09:43:51
Delivering the Truth (Quaker Midwife Mystery #1),N/A,Mystery,4,£20.89,2026-04-14 09:43:52
Counted With the Stars (Out from Egypt #1),N/A,Christian Fiction,5,£17.97,2026-04-14 09:43:53
"Chronicles, Vol. 1",N/A,Music,2,£52.60,2026-04-14 09:43:54
Blue Like Jazz: Nonreligious Thoughts on Christian Spirituality,N/A,Christian,1,£25.77,2026-04-14 09:43:55
Benjamin Franklin: An American Life,N/A,Biography,3,£48.19,2026-04-14 09:43:56
"At The Existentialist Café: Freedom, Being, and apricot cocktails with: Jean-Paul Sartre, Simone de Beauvoir, Albert Camus, Martin Heidegger, Edmund Husserl, Karl Jaspers, Maurice Merleau-Ponty and others",N/A,Philosophy,5,£29.93,2026-04-14 09:43:57
A Summer In Europe,N/A,Travel,2,£44.34,2026-04-14 09:43:58
A Short History of Nearly Everything,N/A,History,5,£52.40,2026-04-14 09:43:59
A Gathering of Shadows (Shades of Magic #2),N/A,Fantasy,4,£44.81,2026-04-14 09:44:00
The Sound Of Love,N/A,Default,5,£57.84,2026-04-14 09:44:02
The Rise and Fall of the Third Reich: A History of Nazi Germany,N/A,History,2,£39.67,2026-04-14 09:44:03
The Perks of Being a Wallflower,N/A,Default,3,£55.02,2026-04-14 09:44:04
The Mysterious Affair at Styles (Hercule Poirot #1),N/A,Mystery,4,£24.80,2026-04-14 09:44:05
The Man Who Mistook His Wife for a Hat and Other Clinical Tales,N/A,Nonfiction,4,£59.45,2026-04-14 09:44:06
The Makings of a Fatherless Child,N/A,Default,2,£31.58,2026-04-14 09:44:07
The Joy of Cooking,N/A,Add a comment,4,£43.27,2026-04-14 09:44:08
The Invention of Wings,N/A,Historical Fiction,1,£37.34,2026-04-14 09:44:09
The Hobbit (Middle-Earth Universe),N/A,Default,5,£17.80,2026-04-14 09:44:10
The Great Railway Bazaar,N/A,Travel,1,£30.54,2026-04-14 09:44:12
The Golden Compass (His Dark Materials #1),N/A,Add a comment,1,£18.77,2026-04-14 09:44:13
The God Delusion,N/A,Add a comment,3,£46.85,2026-04-14 09:44:14
The Girl You Left Behind (The Girl You Left Behind #1),N/A,Historical,1,£15.79,2026-04-14 09:44:15
The Fellowship of the Ring (The Lord of the Rings #1),N/A,Default,2,£10.27,2026-04-14 09:44:16
The Collected Poems of W.B. Yeats (The Collected Works of W.B. Yeats #1),N/A,Poetry,5,£15.42,2026-04-14 09:44:17
The Barefoot Contessa Cookbook,N/A,Food and Drink,5,£59.92,2026-04-14 09:44:18
Tell the Wolves I'm Home,N/A,Young Adult,2,£50.96,2026-04-14 09:44:19
Ship Leaves Harbor: Essays on Travel by a Recovering Journeyman,N/A,Default,3,£30.60,2026-04-14 09:44:20
Pride and Prejudice,N/A,Add a comment,4,£19.27,2026-04-14 09:44:21
Musicophilia: Tales of Music and the Brain,N/A,Default,1,£46.58,2026-04-14 09:44:22
Mere Christianity,N/A,Add a comment,3,£48.51,2026-04-14 09:44:24
Me Before You (Me Before You #1),N/A,Fiction,1,£19.02,2026-04-14 09:44:25
In the Woods (Dublin Murder Squad #1),N/A,Mystery,2,£38.38,2026-04-14 09:44:26
In Cold Blood,N/A,Nonfiction,4,£49.98,2026-04-14 09:44:27
How to Stop Worrying and Start Living,N/A,Self Help,5,£46.49,2026-04-14 09:44:28
Give It Back,N/A,Thriller,2,£18.32,2026-04-14 09:44:29
"Girl, Interrupted",N/A,Nonfiction,3,£42.14,2026-04-14 09:44:30
Fun Home: A Family Tragicomic,N/A,Add a comment,4,£56.59,2026-04-14 09:44:31
"Fruits Basket, Vol. 6 (Fruits Basket #6)",N/A,Sequential Art,4,£20.96,2026-04-14 09:44:32
Deception Point,N/A,Fiction,4,£40.32,2026-04-14 09:44:33
"Death Note, Vol. 6: Give-and-Take (Death Note #6)",N/A,Sequential Art,3,£36.39,2026-04-14 09:44:34
Catherine the Great: Portrait of a Woman,N/A,History,4,£58.55,2026-04-14 09:44:36
Better Homes and Gardens New Cook Book,N/A,Food and Drink,3,£39.61,2026-04-14 09:44:37
An Unquiet Mind: A Memoir of Moods and Madness,N/A,Psychology,3,£21.30,2026-04-14 09:44:38
A Year in Provence (Provence #1),N/A,Travel,4,£56.88,2026-04-14 09:44:39
World Without End (The Pillars of the Earth #2),N/A,Historical Fiction,4,£32.97,2026-04-14 09:44:40
"Will Grayson, Will Grayson (Will Grayson, Will Grayson)",N/A,Young Adult,4,£47.31,2026-04-14 09:44:41
Why Save the Bankers?: And Other Essays on Our Economic and Political Crisis,N/A,Nonfiction,2,£48.67,2026-04-14 09:44:42
Where She Went (If I Stay #2),N/A,Young Adult,4,£41.73,2026-04-14 09:44:43
What If?: Serious Scientific Answers to Absurd Hypothetical Questions,N/A,Default,4,£53.68,2026-04-14 09:44:44
Two Summers,N/A,Young Adult,1,£14.64,2026-04-14 09:44:45
This Is Your Brain on Music: The Science of a Human Obsession,N/A,Music,1,£38.40,2026-04-14 09:44:47
The Secret Garden,N/A,Classics,4,£15.08,2026-04-14 09:44:48
The Raven King (The Raven Cycle #4),N/A,Add a comment,2,£30.57,2026-04-14 09:44:49
The Raven Boys (The Raven Cycle #1),N/A,Fantasy,4,£57.74,2026-04-14 09:44:50
The Power Greens Cookbook: 140 Delicious Superfood Recipes,N/A,Food and Drink,5,£11.05,2026-04-14 09:44:51
The Metamorphosis,N/A,Classics,1,£28.58,2026-04-14 09:44:52
The Mathews Men: Seven Brothers and the War Against Hitler's U-boats,N/A,History,5,£42.91,2026-04-14 09:44:53
The Little Paris Bookshop,N/A,Fiction,3,£24.73,2026-04-14 09:44:54
The Hiding Place,N/A,History,4,£55.91,2026-04-14 09:44:56
The Grand Design,N/A,Science,3,£13.76,2026-04-14 09:44:57
The Firm,N/A,Fiction,3,£45.56,2026-04-14 09:44:58
The Fault in Our Stars,N/A,Default,1,£47.22,2026-04-14 09:44:59
The False Prince (The Ascendance Trilogy #1),N/A,Fantasy,5,£56.00,2026-04-14 09:45:00
The Expatriates,N/A,Fiction,2,£44.58,2026-04-14 09:45:01
The Dream Thieves (The Raven Cycle #2),N/A,Default,1,£34.50,2026-04-14 09:45:02
The Darkest Corners,N/A,Young Adult,5,£11.33,2026-04-14 09:45:03
The Crossover,N/A,Poetry,4,£38.77,2026-04-14 09:45:05
The 5th Wave (The 5th Wave #1),N/A,Default,2,£11.83,2026-04-14 09:45:06
Tell the Wind and Fire,N/A,Fantasy,3,£45.51,2026-04-14 09:45:07
Tell Me Three Things,N/A,Young Adult,1,£41.81,2026-04-14 09:45:08
Talking to Girls About Duran Duran: One Young Man's Quest for True Love and a Cooler Haircut,N/A,Nonfiction,4,£25.15,2026-04-14 09:45:09
Siddhartha,N/A,Fiction,5,£34.22,2026-04-14 09:45:10
Shiver (The Wolves of Mercy Falls #1),N/A,Default,5,£16.23,2026-04-14 09:45:11
Remember Me?,N/A,Default,3,£11.48,2026-04-14 09:45:12
Red Dragon (Hannibal Lecter #1),N/A,Horror,3,£23.37,2026-04-14 09:45:13
Peak: Secrets from the New Science of Expertise,N/A,Science,2,£16.28,2026-04-14 09:45:14
My Mother Was Nuts,N/A,Nonfiction,4,£31.63,2026-04-14 09:45:16
Mexican Today: New and Rediscovered Recipes for Contemporary Kitchens,N/A,Food and Drink,5,£24.91,2026-04-14 09:45:17
Maybe Something Beautiful: How Art Transformed a Neighborhood,N/A,Childrens,1,£22.54,2026-04-14 09:45:18
Lola and the Boy Next Door (Anna and the French Kiss #2),N/A,Young Adult,4,£23.63,2026-04-14 09:45:19
Logan Kade (Fallen Crest High #5.5),N/A,Academic,2,£13.12,2026-04-14 09:45:20
Last One Home (New Beginnings #1),N/A,Fiction,3,£59.98,2026-04-14 09:45:21
Killing Floor (Jack Reacher #1),N/A,Thriller,4,£31.49,2026-04-14 09:45:22
Kill the Boy Band,N/A,Young Adult,5,£15.52,2026-04-14 09:45:23
Isla and the Happily Ever After (Anna and the French Kiss #3),N/A,Young Adult,5,£48.13,2026-04-14 09:45:24
If I Stay (If I Stay #1),N/A,Default,5,£38.13,2026-04-14 09:45:26
I Know Why the Caged Bird Sings (Maya Angelou's Autobiography #1),N/A,Default,2,£36.55,2026-04-14 09:45:27
Harry Potter and the Deathly Hallows (Harry Potter #7),N/A,Default,1,£23.32,2026-04-14 09:45:28
"Fruits Basket, Vol. 5 (Fruits Basket #5)",N/A,Sequential Art,1,£16.33,2026-04-14 09:45:29
Foundation (Foundation (Publication Order) #1),N/A,Science Fiction,1,£32.42,2026-04-14 09:45:30
Fool Me Once,N/A,Default,1,£16.96,2026-04-14 09:45:31
Find Her (Detective D.D. Warren #8),N/A,Add a comment,1,£22.37,2026-04-14 09:45:32
Evicted: Poverty and Profit in the American City,N/A,Add a comment,1,£42.27,2026-04-14 09:45:33
Drama,N/A,Default,2,£38.70,2026-04-14 09:45:35
Dracula the Un-Dead,N/A,Horror,5,£35.63,2026-04-14 09:45:36
Digital Fortress,N/A,Fiction,5,£58.00,2026-04-14 09:45:37
"Death Note, Vol. 5: Whiteout (Death Note #5)",N/A,Sequential Art,1,£52.41,2026-04-14 09:45:38
"Data, A Love Story: How I Gamed Online Dating to Meet My Match",N/A,Nonfiction,3,£32.35,2026-04-14 09:45:39
Critique of Pure Reason,N/A,Philosophy,1,£20.75,2026-04-14 09:45:40
Booked,N/A,Poetry,5,£17.49,2026-04-14 09:45:41
"Blue Lily, Lily Blue (The Raven Cycle #3)",N/A,Default,5,£34.13,2026-04-14 09:45:42
Approval Junkie: Adventures in Caring Too Much,N/A,Autobiography,5,£58.81,2026-04-14 09:45:43
An Abundance of Katherines,N/A,Young Adult,5,£10.00,2026-04-14 09:45:44
America's War for the Greater Middle East: A Military History,N/A,History,2,£51.22,2026-04-14 09:45:46
Alight (The Generations Trilogy #2),N/A,Default,4,£58.59,2026-04-14 09:45:47
A Girl's Guide to Moving On (New Beginnings #2),N/A,Romance,1,£31.30,2026-04-14 09:45:48
A Game of Thrones (A Song of Ice and Fire #1),N/A,Add a comment,2,£46.42,2026-04-14 09:45:49
A Feast for Crows (A Song of Ice and Fire #4),N/A,Fantasy,4,£17.21,2026-04-14 09:45:50
A Clash of Kings (A Song of Ice and Fire #2),N/A,Add a comment,3,£10.79,2026-04-14 09:45:51
Vogue Colors A to Z: A Fashion Coloring Book,N/A,Default,4,£52.35,2026-04-14 09:45:52
The Shining (The Shining #1),N/A,Default,3,£27.88,2026-04-14 09:45:53
The Pilgrim's Progress,N/A,Classics,2,£50.26,2026-04-14 09:45:54
The Perfect Play (Play by Play #1),N/A,Romance,3,£59.99,2026-04-14 09:45:55
The Passion of Dolssa,N/A,Historical Fiction,5,£28.32,2026-04-14 09:45:56
The Jazz of Physics: The Secret Link Between Music and the Structure of the Universe,N/A,Nonfiction,3,£38.71,2026-04-14 09:45:58
The Hunger Games (The Hunger Games #1),N/A,Default,5,£29.85,2026-04-14 09:45:59
The Hound of the Baskervilles (Sherlock Holmes #5),N/A,Classics,2,£14.82,2026-04-14 09:46:00
The Gunning of America: Business and the Making of American Gun Culture,N/A,Nonfiction,4,£16.81,2026-04-14 09:46:01
The Geography of Bliss: One Grump's Search for the Happiest Places in the World,N/A,Nonfiction,2,£28.23,2026-04-14 09:46:02
The Demonists (Demonist #1),N/A,Fantasy,2,£52.11,2026-04-14 09:46:03
"The Demon Prince of Momochi House, Vol. 4 (The Demon Prince of Momochi House #4)",N/A,Sequential Art,2,£27.88,2026-04-14 09:46:04
The Bone Hunters (Lexy Vaughan & Steven Macaulay #2),N/A,Thriller,3,£59.71,2026-04-14 09:46:05
The Beast (Black Dagger Brotherhood #14),N/A,Fantasy,5,£46.08,2026-04-14 09:46:06
Some Women,N/A,Womens Fiction,5,£13.73,2026-04-14 09:46:07
Shopaholic Ties the Knot (Shopaholic #3),N/A,Womens Fiction,5,£48.39,2026-04-14 09:46:08
Paper and Fire (The Great Library #2),N/A,Fantasy,5,£49.45,2026-04-14 09:46:09
Outlander (Outlander #1),N/A,Default,5,£19.67,2026-04-14 09:46:11
"Orchestra of Exiles: The Story of Bronislaw Huberman, the Israel Philharmonic, and the One Thousand Jews He Saved from Nazi Horrors",N/A,Music,3,£12.36,2026-04-14 09:46:12
No One Here Gets Out Alive,N/A,Music,5,£20.02,2026-04-14 09:46:13
Night Shift (Night Shift #1-20),N/A,Horror,4,£12.75,2026-04-14 09:46:14
Needful Things,N/A,Horror,4,£47.51,2026-04-14 09:46:15
Mockingjay (The Hunger Games #3),N/A,Default,4,£20.44,2026-04-14 09:46:16
Misery,N/A,Horror,2,£34.79,2026-04-14 09:46:17
Little Women (Little Women #1),N/A,Classics,4,£28.07,2026-04-14 09:46:18
It,N/A,Horror,3,£25.01,2026-04-14 09:46:20
Harry Potter and the Sorcerer's Stone (Harry Potter #1),N/A,Default,3,£13.90,2026-04-14 09:46:21
Harry Potter and the Prisoner of Azkaban (Harry Potter #3),N/A,Young Adult,4,£24.17,2026-04-14 09:46:22
Harry Potter and the Order of the Phoenix (Harry Potter #5),N/A,Fantasy,4,£31.63,2026-04-14 09:46:23
Harry Potter and the Half-Blood Prince (Harry Potter #6),N/A,Fantasy,5,£48.75,2026-04-14 09:46:24
Harry Potter and the Chamber of Secrets (Harry Potter #2),N/A,Fantasy,1,£14.74,2026-04-14 09:46:25
Gone with the Wind,N/A,Classics,3,£32.49,2026-04-14 09:46:26
God Is Not Great: How Religion Poisons Everything,N/A,Nonfiction,1,£27.80,2026-04-14 09:46:27
Girl With a Pearl Earring,N/A,Historical Fiction,1,£26.77,2026-04-14 09:46:28
"Fruits Basket, Vol. 4 (Fruits Basket #4)",N/A,Sequential Art,4,£50.44,2026-04-14 09:46:30
Far From True (Promise Falls Trilogy #2),N/A,Thriller,2,£34.93,2026-04-14 09:46:31
Dark Lover (Black Dagger Brotherhood #1),N/A,Romance,1,£12.87,2026-04-14 09:46:32
Confessions of a Shopaholic (Shopaholic #1),N/A,Default,2,£48.94,2026-04-14 09:46:33
Changing the Game (Play by Play #2),N/A,Romance,3,£13.38,2026-04-14 09:46:34
Candide,N/A,Classics,3,£58.63,2026-04-14 09:46:35
Can You Keep a Secret?,N/A,Womens Fiction,1,£21.94,2026-04-14 09:46:36
Atlas Shrugged,N/A,Fiction,5,£26.58,2026-04-14 09:46:37
Animal Farm,N/A,Classics,3,£57.22,2026-04-14 09:46:38
A Walk to Remember,N/A,Romance,1,£56.43,2026-04-14 09:46:39
A New Earth: Awakening to Your Life's Purpose,N/A,Spirituality,5,£55.65,2026-04-14 09:46:40
"A History of God: The 4,000-Year Quest of Judaism, Christianity, and Islam",N/A,Religion,1,£27.62,2026-04-14 09:46:42
'Salem's Lot,N/A,Horror,4,£49.56,2026-04-14 09:46:43
Zero History (Blue Ant #3),N/A,Default,1,£34.77,2026-04-14 09:46:44
Wuthering Heights,N/A,Classics,3,£17.73,2026-04-14 09:46:45
World War Z: An Oral History of the Zombie War,N/A,Default,1,£21.80,2026-04-14 09:46:46
Wild: From Lost to Found on the Pacific Crest Trail,N/A,Default,3,£46.02,2026-04-14 09:46:47
"Where'd You Go, Bernadette",N/A,Default,1,£18.13,2026-04-14 09:46:48
When You Are Engulfed in Flames,N/A,Humor,5,£30.89,2026-04-14 09:46:49
We the People: The Modern-Day Figures Who Have Reshaped and Affirmed the Founding Fathers' Vision of America,N/A,Nonfiction,3,£31.95,2026-04-14 09:46:50
We Are All Completely Beside Ourselves,N/A,Contemporary,1,£24.04,2026-04-14 09:46:52
Walk the Edge (Thunder Road #2),N/A,Young Adult,3,£32.36,2026-04-14 09:46:53
Voyager (Outlander #3),N/A,Historical Fiction,5,£21.07,2026-04-14 09:46:54
Very Good Lives: The Fringe Benefits of Failure and the Importance of Imagination,N/A,Nonfiction,3,£50.66,2026-04-14 09:46:55
Vegan Vegetarian Omnivore: Dinner for Everyone at the Table,N/A,Food and Drink,2,£13.66,2026-04-14 09:46:56
"Unstuffed: Decluttering Your Home, Mind, and Soul",N/A,Nonfiction,1,£58.09,2026-04-14 09:46:57
Under the Banner of Heaven: A Story of Violent Faith,N/A,Nonfiction,1,£30.00,2026-04-14 09:46:58
Two Boys Kissing,N/A,Young Adult,2,£32.74,2026-04-14 09:46:59
Twilight (Twilight #1),N/A,Default,2,£41.93,2026-04-14 09:47:01
Twenties Girl,N/A,Womens Fiction,2,£42.80,2026-04-14 09:47:02
"Trespassing Across America: One Man's Epic, Never-Done-Before (and Sort of Illegal) Hike Across the Heartland",N/A,Nonfiction,1,£53.51,2026-04-14 09:47:03
Three-Martini Lunch,N/A,Fiction,3,£23.21,2026-04-14 09:47:04
"Thinking, Fast and Slow",N/A,Psychology,1,£21.14,2026-04-14 09:47:05
The Wild Robot,N/A,Childrens,3,£56.07,2026-04-14 09:47:06
"The Wicked + The Divine, Vol. 3: Commercial Suicide (The Wicked + The Divine)",N/A,Sequential Art,3,£14.41,2026-04-14 09:47:07
The Undomestic Goddess,N/A,Womens Fiction,4,£45.75,2026-04-14 09:47:08
The Travelers,N/A,Thriller,1,£15.77,2026-04-14 09:47:09
The Tipping Point: How Little Things Can Make a Big Difference,N/A,Add a comment,2,£10.02,2026-04-14 09:47:11
The Thing About Jellyfish,N/A,Childrens,1,£48.77,2026-04-14 09:47:12
The Stand,N/A,Horror,2,£57.86,2026-04-14 09:47:13
The Smitten Kitchen Cookbook,N/A,Food and Drink,1,£23.59,2026-04-14 09:47:14
The Silkworm (Cormoran Strike #2),N/A,Mystery,5,£23.05,2026-04-14 09:47:15
"The Sandman, Vol. 3: Dream Country (The Sandman (volumes) #3)",N/A,Sequential Art,5,£55.55,2026-04-14 09:47:16
The Rose & the Dagger (The Wrath and the Dawn #2),N/A,Fantasy,4,£58.64,2026-04-14 09:47:17
The Road to Little Dribbling: Adventures of an American in Britain (Notes From a Small Island #2),N/A,Travel,1,£23.21,2026-04-14 09:47:18
The Rise of Theodore Roosevelt (Theodore Roosevelt #1),N/A,Biography,3,£42.57,2026-04-14 09:47:20
The Restaurant at the End of the Universe (Hitchhiker's Guide to the Galaxy #2),N/A,Science Fiction,1,£10.92,2026-04-14 09:47:21
The Rest Is Noise: Listening to the Twentieth Century,N/A,Add a comment,1,£34.77,2026-04-14 09:47:22
The Red Tent,N/A,Historical Fiction,5,£35.66,2026-04-14 09:47:23
The Purpose Driven Life: What on Earth Am I Here for?,N/A,Add a comment,3,£37.19,2026-04-14 09:47:24
The Purest Hook (Second Circle Tattoos #3),N/A,Romance,1,£12.25,2026-04-14 09:47:25
The Picture of Dorian Gray,N/A,Classics,2,£29.70,2026-04-14 09:47:26
The Paris Wife,N/A,Default,3,£36.80,2026-04-14 09:47:27
The Obsession,N/A,Romance,1,£45.43,2026-04-14 09:47:28
The Nightingale,N/A,Fiction,4,£26.26,2026-04-14 09:47:29
The New Guy (and Other Senior Year Distractions),N/A,Young Adult,3,£44.92,2026-04-14 09:47:30
The Nanny Diaries (Nanny #1),N/A,Womens Fiction,5,£52.53,2026-04-14 09:47:32
The Name of God is Mercy,N/A,Nonfiction,2,£37.25,2026-04-14 09:47:33
The Maze Runner (The Maze Runner #1),N/A,Default,1,£20.93,2026-04-14 09:47:34
The Lover's Dictionary,N/A,Default,2,£58.09,2026-04-14 09:47:35
The Lonely Ones,N/A,Childrens,5,£43.59,2026-04-14 09:47:36
The Lean Startup: How Today's Entrepreneurs Use Continuous Innovation to Create Radically Successful Businesses,N/A,Business,3,£33.92,2026-04-14 09:47:37
The Last Painting of Sara de Vos,N/A,Historical Fiction,2,£55.55,2026-04-14 09:47:38
"The Land of 10,000 Madonnas",N/A,Young Adult,4,£29.64,2026-04-14 09:47:39
The Infinities,N/A,Fiction,1,£27.41,2026-04-14 09:47:40
The Husband's Secret,N/A,Fiction,5,£52.51,2026-04-14 09:47:42
The Hitchhiker's Guide to the Galaxy (Hitchhiker's Guide to the Galaxy #1),N/A,Add a comment,3,£47.80,2026-04-14 09:47:43
The Guns of August,N/A,History,2,£14.54,2026-04-14 09:47:44
The Guernsey Literary and Potato Peel Pie Society,N/A,Historical Fiction,1,£49.53,2026-04-14 09:47:45
The Goldfinch,N/A,Default,3,£43.58,2026-04-14 09:47:46
The Giver (The Giver Quartet #1),N/A,Default,1,£12.30,2026-04-14 09:47:47
The Girl with All the Gifts,N/A,Horror,3,£49.47,2026-04-14 09:47:48
The Girl Who Played with Fire (Millennium Trilogy #2),N/A,Default,2,£22.14,2026-04-14 09:47:49
The Girl Who Kicked the Hornet's Nest (Millennium Trilogy #3),N/A,Add a comment,1,£57.48,2026-04-14 09:47:50
The Exiled,N/A,Mystery,3,£43.45,2026-04-14 09:47:51
"The End of Faith: Religion, Terror, and the Future of Reason",N/A,Add a comment,4,£22.13,2026-04-14 09:47:53
"The Elegant Universe: Superstrings, Hidden Dimensions, and the Quest for the Ultimate Theory",N/A,Science,4,£13.03,2026-04-14 09:47:54
"The Disappearing Spoon: And Other True Tales of Madness, Love, and the History of the World from the Periodic Table of the Elements",N/A,Science,5,£57.35,2026-04-14 09:47:55
The Devil Wears Prada (The Devil Wears Prada #1),N/A,Womens Fiction,1,£44.29,2026-04-14 09:47:56
The Demon-Haunted World: Science as a Candle in the Dark,N/A,Default,4,£52.25,2026-04-14 09:47:57
The Day the Crayons Came Home (Crayons),N/A,Childrens,5,£26.33,2026-04-14 09:47:58
The Da Vinci Code (Robert Langdon #2),N/A,Fiction,2,£22.96,2026-04-14 09:47:59
The Cuckoo's Calling (Cormoran Strike #1),N/A,Mystery,1,£19.21,2026-04-14 09:48:00
The Complete Stories and Poems (The Works of Edgar Allan Poe [Cameo Edition]),N/A,Classics,4,£26.78,2026-04-14 09:48:01
The Complete Poems,N/A,Add a comment,5,£41.32,2026-04-14 09:48:02
The Catcher in the Rye,N/A,Add a comment,1,£24.55,2026-04-14 09:48:04
The Cat in the Hat (Beginner Books B-1),N/A,Childrens,2,£16.26,2026-04-14 09:48:05
The Case for Christ (Cases for Christianity),N/A,Add a comment,1,£47.84,2026-04-14 09:48:06
The Book Thief,N/A,Default,2,£53.49,2026-04-14 09:48:07
The Book of Basketball: The NBA According to The Sports Guy,N/A,Sports and Games,5,£44.84,2026-04-14 09:48:08
The Blind Side: Evolution of a Game,N/A,Add a comment,5,£53.71,2026-04-14 09:48:09
The Autobiography of Malcolm X,N/A,Default,2,£23.43,2026-04-14 09:48:10
"The Art of Simple Food: Notes, Lessons, and Recipes from a Delicious Revolution",N/A,Food and Drink,3,£34.32,2026-04-14 09:48:11
The Art of Fielding,N/A,Fiction,1,£22.10,2026-04-14 09:48:12
"Surely You're Joking, Mr. Feynman!: Adventures of a Curious Character",N/A,Science,2,£25.83,2026-04-14 09:48:14
Stiff: The Curious Lives of Human Cadavers,N/A,Nonfiction,3,£36.74,2026-04-14 09:48:15
Spilled Milk: Based on a True Story,N/A,Nonfiction,1,£49.51,2026-04-14 09:48:16
Something Borrowed (Darcy & Rachel #1),N/A,Womens Fiction,5,£48.96,2026-04-14 09:48:17
Something Blue (Darcy & Rachel #2),N/A,Womens Fiction,1,£54.62,2026-04-14 09:48:18
Soldier (Talon #3),N/A,Fantasy,2,£24.72,2026-04-14 09:48:19
Shopaholic & Baby (Shopaholic #5),N/A,Default,2,£46.45,2026-04-14 09:48:20
Seven Days in the Art World,N/A,Add a comment,2,£52.33,2026-04-14 09:48:21
Seven Brief Lessons on Physics,N/A,Science,4,£30.60,2026-04-14 09:48:23
Scarlet (The Lunar Chronicles #2),N/A,Young Adult,4,£14.57,2026-04-14 09:48:24
Sarah's Key,N/A,Add a comment,1,£46.29,2026-04-14 09:48:25
"Saga, Volume 3 (Saga (Collected Editions) #3)",N/A,Sequential Art,5,£21.57,2026-04-14 09:48:26
Running with Scissors,N/A,Autobiography,4,£12.91,2026-04-14 09:48:27
Rogue Lawyer (Rogue Lawyer #1),N/A,Add a comment,3,£50.11,2026-04-14 09:48:28
"Rise of the Rocket Girls: The Women Who Propelled Us, from Missiles to the Moon to Mars",N/A,Nonfiction,4,£41.67,2026-04-14 09:48:29
Rework,N/A,Business,2,£44.88,2026-04-14 09:48:30
Reservations for Two,N/A,Romance,3,£11.10,2026-04-14 09:48:32
Red: The True Story of Red Riding Hood,N/A,Childrens,3,£28.54,2026-04-14 09:48:33
Ready Player One,N/A,Science Fiction,4,£19.07,2026-04-14 09:48:34
Quiet: The Power of Introverts in a World That Can't Stop Talking,N/A,Default,1,£43.55,2026-04-14 09:48:35
Prodigy: The Graphic Novel (Legend: The Graphic Novel #2),N/A,Sequential Art,3,£43.63,2026-04-14 09:48:36
Persepolis: The Story of a Childhood (Persepolis #1-2),N/A,Sequential Art,1,£39.13,2026-04-14 09:48:37
Packing for Mars: The Curious Science of Life in the Void,N/A,Default,2,£56.68,2026-04-14 09:48:39
Outliers: The Story of Success,N/A,Nonfiction,1,£14.16,2026-04-14 09:48:40
Original Fake,N/A,Sequential Art,3,£31.45,2026-04-14 09:48:41
Orange Is the New Black,N/A,Default,2,£24.61,2026-04-14 09:48:42
One for the Money (Stephanie Plum #1),N/A,Default,2,£32.87,2026-04-14 09:48:43
Notes from a Small Island (Notes From a Small Island #1),N/A,Nonfiction,1,£40.17,2026-04-14 09:48:44
Night (The Night Trilogy #1),N/A,Nonfiction,1,£13.51,2026-04-14 09:48:45
Neither Here nor There: Travels in Europe,N/A,Travel,3,£38.95,2026-04-14 09:48:46
Naked,N/A,Humor,3,£31.69,2026-04-14 09:48:47
Morning Star (Red Rising #3),N/A,Default,1,£29.40,2026-04-14 09:48:49
"Miracles from Heaven: A Little Girl, Her Journey to Heaven, and Her Amazing Story of Healing",N/A,Nonfiction,1,£57.83,2026-04-14 09:48:50
Midnight Riot (Peter Grant/ Rivers of London - books #1),N/A,Fantasy,2,£55.46,2026-04-14 09:48:51
Me Talk Pretty One Day,N/A,Autobiography,2,£57.60,2026-04-14 09:48:52
Manuscript Found in Accra,N/A,Add a comment,2,£34.98,2026-04-14 09:48:53
Lust & Wonder,N/A,Autobiography,2,£11.87,2026-04-14 09:48:54
Lila (Gilead #3),N/A,Fiction,3,£12.47,2026-04-14 09:48:55
"Life, the Universe and Everything (Hitchhiker's Guide to the Galaxy #3)",N/A,Science Fiction,2,£33.26,2026-04-14 09:48:56
Life Without a Recipe,N/A,Autobiography,5,£59.04,2026-04-14 09:48:57
Life After Life,N/A,Default,2,£26.13,2026-04-14 09:48:58
Letter to a Christian Nation,N/A,Nonfiction,1,£22.20,2026-04-14 09:48:59
Let's Pretend This Never Happened: A Mostly True Memoir,N/A,Nonfiction,1,£45.11,2026-04-14 09:49:01
Legend (Legend #1),N/A,Young Adult,4,£43.69,2026-04-14 09:49:02
"Lean In: Women, Work, and the Will to Lead",N/A,Default,1,£25.02,2026-04-14 09:49:03
"Lamb: The Gospel According to Biff, Christ's Childhood Pal",N/A,Humor,5,£55.50,2026-04-14 09:49:04
Lady Renegades (Rebel Belle #3),N/A,Young Adult,5,£53.04,2026-04-14 09:49:05
Jurassic Park (Jurassic Park #1),N/A,Fiction,1,£44.97,2026-04-14 09:49:06
It's Never Too Late to Begin Again: Discovering Creativity and Meaning at Midlife and Beyond,N/A,Nonfiction,1,£42.38,2026-04-14 09:49:07
Is Everyone Hanging Out Without Me? (And Other Concerns),N/A,Default,3,£20.11,2026-04-14 09:49:08
Into the Wild,N/A,Nonfiction,5,£56.70,2026-04-14 09:49:09
Inferno (Robert Langdon #4),N/A,Fiction,5,£41.00,2026-04-14 09:49:10
"In the Garden of Beasts: Love, Terror, and an American Family in Hitler's Berlin",N/A,Nonfiction,3,£28.85,2026-04-14 09:49:12
If I Run (If I Run #1),N/A,Christian Fiction,4,£49.97,2026-04-14 09:49:13
I've Got Your Number,N/A,Womens Fiction,1,£19.69,2026-04-14 09:49:14
I Am Malala: The Girl Who Stood Up for Education and Was Shot by the Taliban,N/A,Nonfiction,2,£28.88,2026-04-14 09:49:15
Hungry Girl Clean & Hungry: Easy All-Natural Recipes for Healthy Eating in the Real World,N/A,Food and Drink,3,£33.14,2026-04-14 09:49:16
"House of Lost Worlds: Dinosaurs, Dynasties, and the Story of Life on Earth",N/A,History,2,£43.70,2026-04-14 09:49:17
House of Leaves,N/A,Horror,1,£54.89,2026-04-14 09:49:18
Horrible Bear!,N/A,Childrens,2,£37.52,2026-04-14 09:49:20
Holidays on Ice,N/A,Humor,2,£51.07,2026-04-14 09:49:21
Heir to the Sky,N/A,Fantasy,4,£44.07,2026-04-14 09:49:22
Green Eggs and Ham (Beginner Books B-16),N/A,Childrens,4,£10.79,2026-04-14 09:49:23
"Grayson, Vol 3: Nemesis (Grayson #3)",N/A,Sequential Art,1,£42.72,2026-04-14 09:49:24
Gratitude,N/A,Nonfiction,5,£26.66,2026-04-14 09:49:25
Gone Girl,N/A,Default,5,£37.60,2026-04-14 09:49:26
Golden (Heart of Dread #3),N/A,Young Adult,4,£42.21,2026-04-14 09:49:27
Girl in the Blue Coat,N/A,Historical Fiction,2,£46.83,2026-04-14 09:49:28
"Fruits Basket, Vol. 3 (Fruits Basket #3)",N/A,Sequential Art,2,£45.17,2026-04-14 09:49:29
"Friday Night Lights: A Town, a Team, and a Dream",N/A,Sports and Games,3,£51.22,2026-04-14 09:49:31
Fire Bound (Sea Haven/Sisters of the Heart #5),N/A,Add a comment,4,£21.28,2026-04-14 09:49:32
Fifty Shades Freed (Fifty Shades #3),N/A,Adult Fiction,5,£15.36,2026-04-14 09:49:33
Fellside,N/A,Default,1,£38.62,2026-04-14 09:49:34
Extreme Prey (Lucas Davenport #26),N/A,Mystery,3,£25.40,2026-04-14 09:49:35
Eragon (The Inheritance Cycle #1),N/A,Fantasy,3,£43.87,2026-04-14 09:49:36
Eclipse (Twilight #3),N/A,Default,1,£18.74,2026-04-14 09:49:37
Dune (Dune #1),N/A,Science Fiction,1,£54.86,2026-04-14 09:49:38
Dracula,N/A,Default,3,£52.62,2026-04-14 09:49:39
Do Androids Dream of Electric Sheep? (Blade Runner #1),N/A,Science Fiction,1,£51.48,2026-04-14 09:49:41
Disrupted: My Misadventure in the Start-Up Bubble,N/A,Nonfiction,5,£15.28,2026-04-14 09:49:42
Dead Wake: The Last Crossing of the Lusitania,N/A,Default,5,£39.24,2026-04-14 09:49:43
"David and Goliath: Underdogs, Misfits, and the Art of Battling Giants",N/A,Default,1,£17.81,2026-04-14 09:49:44
Darkfever (Fever #1),N/A,Fantasy,1,£56.02,2026-04-14 09:49:45
Dark Places,N/A,Default,5,£23.90,2026-04-14 09:49:46
Crazy Rich Asians (Crazy Rich Asians #1),N/A,Fiction,5,£49.13,2026-04-14 09:49:47
Counting Thyme,N/A,Childrens,1,£10.62,2026-04-14 09:49:48
Cosmos,N/A,Add a comment,2,£36.17,2026-04-14 09:49:49
Civilization and Its Discontents,N/A,Psychology,2,£59.95,2026-04-14 09:49:51
Cinder (The Lunar Chronicles #1),N/A,Young Adult,1,£26.09,2026-04-14 09:49:52
Catastrophic Happiness: Finding Joy in Childhood's Messy Years,N/A,Parenting,2,£37.35,2026-04-14 09:49:53
Career of Evil (Cormoran Strike #3),N/A,Mystery,2,£24.72,2026-04-14 09:49:54
Breaking Dawn (Twilight #4),N/A,Default,5,£35.28,2026-04-14 09:49:55
Brave Enough,N/A,Nonfiction,5,£51.32,2026-04-14 09:49:56
Boy Meets Boy,N/A,Young Adult,3,£21.12,2026-04-14 09:49:57
"Born to Run: A Hidden Tribe, Superathletes, and the Greatest Race the World Has Never Seen",N/A,Nonfiction,2,£27.35,2026-04-14 09:49:58
Blink: The Power of Thinking Without Thinking,N/A,Nonfiction,5,£21.74,2026-04-14 09:49:59
Black Flags: The Rise of ISIS,N/A,Nonfiction,1,£40.87,2026-04-14 09:50:00
"Black Butler, Vol. 1 (Black Butler #1)",N/A,Sequential Art,1,£49.31,2026-04-14 09:50:01
Big Little Lies,N/A,Fiction,1,£22.11,2026-04-14 09:50:03
Between Shades of Gray,N/A,Historical Fiction,5,£20.79,2026-04-14 09:50:04
Best of My Love (Fool's Gold #20),N/A,Romance,2,£27.41,2026-04-14 09:50:05
Beowulf,N/A,Classics,2,£38.35,2026-04-14 09:50:06
Beautiful Creatures (Caster Chronicles #1),N/A,Default,5,£21.55,2026-04-14 09:50:07
Awkward,N/A,Sequential Art,2,£38.02,2026-04-14 09:50:08
Ash,N/A,Fantasy,4,£22.06,2026-04-14 09:50:09
Are We There Yet?,N/A,Childrens,3,£10.66,2026-04-14 09:50:10
Are We Smart Enough to Know How Smart Animals Are?,N/A,Nonfiction,1,£56.58,2026-04-14 09:50:11
Annie on My Mind,N/A,Young Adult,5,£36.83,2026-04-14 09:50:12
And Then There Were None,N/A,Classics,2,£35.01,2026-04-14 09:50:13
A Walk in the Woods: Rediscovering America on the Appalachian Trail,N/A,Nonfiction,4,£30.48,2026-04-14 09:50:14
A Visit from the Goon Squad,N/A,Default,5,£14.08,2026-04-14 09:50:15
A Storm of Swords (A Song of Ice and Fire #3),N/A,Fantasy,2,£31.22,2026-04-14 09:50:16
A Heartbreaking Work of Staggering Genius,N/A,Autobiography,5,£54.29,2026-04-14 09:50:17
8 Keys to Mental Health Through Exercise,N/A,Psychology,1,£31.04,2026-04-14 09:50:18
#GIRLBOSS,N/A,Add a comment,1,£50.96,2026-04-14 09:50:19
"The Suffragettes (Little Black Classics, #96)",N/A,Nonfiction,2,£11.89,2026-04-14 09:50:20
The Sense of an Ending,N/A,Add a comment,3,£31.38,2026-04-14 09:50:21
"The Sandman, Vol. 2: The Doll's House (The Sandman (volumes) #2)",N/A,Sequential Art,1,£54.81,2026-04-14 09:50:22
The Course of Love,N/A,Fiction,3,£16.78,2026-04-14 09:50:24
Sugar Rush (Offensive Line #2),N/A,Sports and Games,1,£24.42,2026-04-14 09:50:25
"Saga, Volume 2 (Saga (Collected Editions) #2)",N/A,Sequential Art,3,£11.75,2026-04-14 09:50:26
"Run, Spot, Run: The Ethics of Keeping Pets",N/A,Philosophy,1,£20.02,2026-04-14 09:50:27
New Moon (Twilight #2),N/A,Young Adult,4,£12.86,2026-04-14 09:50:28
Life,N/A,Music,5,£31.58,2026-04-14 09:50:29
Kindle Paperwhite User's Guide,N/A,Nonfiction,3,£34.00,2026-04-14 09:50:30
H is for Hawk,N/A,Nonfiction,5,£57.42,2026-04-14 09:50:31
Girl Online On Tour (Girl Online #2),N/A,Young Adult,1,£53.47,2026-04-14 09:50:32
"Fruits Basket, Vol. 2 (Fruits Basket #2)",N/A,Sequential Art,5,£11.64,2026-04-14 09:50:33
Diary of a Minecraft Zombie Book 1: A Scare of a Dare (An Unofficial Minecraft Book),N/A,Childrens,4,£52.88,2026-04-14 09:50:34
"Y: The Last Man, Vol. 1: Unmanned (Y: The Last Man #1)",N/A,Sequential Art,4,£18.51,2026-04-14 09:50:35
While You Were Mine,N/A,Historical Fiction,5,£41.32,2026-04-14 09:50:36
Where Lightning Strikes (Bleeding Stars #3),N/A,Romance,3,£39.77,2026-04-14 09:50:37
When I'm Gone,N/A,Fiction,3,£51.96,2026-04-14 09:50:39
Ways of Seeing,N/A,Art,5,£39.51,2026-04-14 09:50:40
"Vampire Knight, Vol. 1 (Vampire Knight #1)",N/A,Paranormal,1,£15.40,2026-04-14 09:50:41
Vampire Girl (Vampire Girl #1),N/A,Fantasy,2,£53.82,2026-04-14 09:50:42
Twenty Love Poems and a Song of Despair,N/A,Poetry,4,£30.95,2026-04-14 09:50:43
Travels with Charley: In Search of America,N/A,Nonfiction,5,£57.82,2026-04-14 09:50:44
Three Wishes (River of Time: California #1),N/A,Science Fiction,2,£44.18,2026-04-14 09:50:45
This One Moment (Pushing Limits #1),N/A,Romance,1,£48.71,2026-04-14 09:50:47
The Zombie Room,N/A,Default,5,£19.69,2026-04-14 09:50:48
"The Wicked + The Divine, Vol. 1: The Faust Act (The Wicked + The Divine)",N/A,Sequential Art,2,£36.52,2026-04-14 09:50:49
The Tumor,N/A,Nonfiction,5,£41.56,2026-04-14 09:50:50
The Story of Hong Gildong,N/A,Classics,4,£43.19,2026-04-14 09:50:51
The Silent Wife,N/A,Fiction,5,£12.34,2026-04-14 09:50:52
The Silent Twin (Detective Jennifer Knight #3),N/A,Fantasy,3,£36.25,2026-04-14 09:50:53
The Selfish Gene,N/A,Science,1,£29.45,2026-04-14 09:50:54
The Secret Healer,N/A,Historical Fiction,3,£34.56,2026-04-14 09:50:55
"The Sandman, Vol. 1: Preludes and Nocturnes (The Sandman (volumes) #1)",N/A,Sequential Art,3,£54.12,2026-04-14 09:50:56
The Republic,N/A,Add a comment,3,£33.78,2026-04-14 09:50:57
The Odyssey,N/A,Add a comment,3,£29.64,2026-04-14 09:50:58
The No. 1 Ladies' Detective Agency (No. 1 Ladies' Detective Agency #1),N/A,Mystery,4,£57.70,2026-04-14 09:51:00
The Nicomachean Ethics,N/A,Philosophy,1,£36.34,2026-04-14 09:51:01
The Name of the Wind (The Kingkiller Chronicle #1),N/A,Default,3,£50.59,2026-04-14 09:51:02
The Mirror & the Maze (The Wrath and the Dawn #1.5),N/A,Fantasy,1,£29.38,2026-04-14 09:51:03
The Little Prince,N/A,Classics,2,£45.42,2026-04-14 09:51:04
The Light of the Fireflies,N/A,Add a comment,1,£54.43,2026-04-14 09:51:05
The Last Girl (The Dominion Trilogy #1),N/A,Science Fiction,2,£36.26,2026-04-14 09:51:06
The Iliad,N/A,Add a comment,1,£16.16,2026-04-14 09:51:07
The Hook Up (Game On #1),N/A,New Adult,5,£36.29,2026-04-14 09:51:08
The Haters,N/A,Young Adult,5,£27.89,2026-04-14 09:51:09
The Girl You Lost,N/A,Mystery,5,£12.29,2026-04-14 09:51:11
The Girl In The Ice (DCI Erika Foster #1),N/A,Mystery,3,£15.85,2026-04-14 09:51:12
The End of the Jesus Era (An Investigation #1),N/A,Nonfiction,1,£14.40,2026-04-14 09:51:13
The Edge of Reason (Bridget Jones #2),N/A,Womens Fiction,4,£19.18,2026-04-14 09:51:14
The Complete Maus (Maus #1-2),N/A,Sequential Art,3,£10.64,2026-04-14 09:51:15
The Communist Manifesto,N/A,Add a comment,3,£14.76,2026-04-14 09:51:16
The Bhagavad Gita,N/A,Religion,3,£57.49,2026-04-14 09:51:17
The Bette Davis Club,N/A,Fiction,3,£30.66,2026-04-14 09:51:19
The Art of Not Breathing,N/A,Young Adult,4,£40.83,2026-04-14 09:51:20
Taking Shots (Assassins #1),N/A,Default,2,£18.88,2026-04-14 09:51:21
Starlark,N/A,Historical Fiction,3,£25.83,2026-04-14 09:51:22
"Skip Beat!, Vol. 01 (Skip Beat! #1)",N/A,Sequential Art,3,£42.12,2026-04-14 09:51:23
Sister Sable (The Mad Queen #1),N/A,Fantasy,3,£13.33,2026-04-14 09:51:24
Shatter Me (Shatter Me #1),N/A,Default,1,£42.40,2026-04-14 09:51:25
Shameless,N/A,New Adult,3,£58.35,2026-04-14 09:51:26
Shadow Rites (Jane Yellowrock #10),N/A,Fantasy,4,£21.72,2026-04-14 09:51:27
Settling the Score (The Summer Games #1),N/A,Sports and Games,2,£44.91,2026-04-14 09:51:29
Sense and Sensibility,N/A,Classics,1,£37.46,2026-04-14 09:51:30
"Saga, Volume 1 (Saga (Collected Editions) #1)",N/A,Sequential Art,1,£28.48,2026-04-14 09:51:31
"Rhythm, Chord & Malykhin",N/A,Romance,2,£28.34,2026-04-14 09:51:32
"Rat Queens, Vol. 1: Sass & Sorcery (Rat Queens (Collected Editions) #1-5)",N/A,Sequential Art,5,£46.96,2026-04-14 09:51:33
Paradise Lost (Paradise #1),N/A,Default,1,£24.96,2026-04-14 09:51:34
"Paper Girls, Vol. 1 (Paper Girls #1-5)",N/A,Sequential Art,4,£21.71,2026-04-14 09:51:35
"Ouran High School Host Club, Vol. 1 (Ouran High School Host Club #1)",N/A,Sequential Art,3,£29.87,2026-04-14 09:51:36
Origins (Alphas 0.5),N/A,Fantasy,1,£28.99,2026-04-14 09:51:37
One Second (Seven #7),N/A,Fantasy,2,£52.94,2026-04-14 09:51:38
On the Road (Duluoz Legend),N/A,Default,3,£32.36,2026-04-14 09:51:39
Old Records Never Die: One Man's Quest for His Vinyl and His Past,N/A,Music,2,£55.66,2026-04-14 09:51:41
Off Sides (Off #1),N/A,New Adult,5,£39.45,2026-04-14 09:51:42
Of Mice and Men,N/A,Classics,2,£47.11,2026-04-14 09:51:43
Myriad (Prentor #1),N/A,Fantasy,4,£58.75,2026-04-14 09:51:44
My Perfect Mistake (Over the Top #1),N/A,Romance,2,£38.92,2026-04-14 09:51:45
"Ms. Marvel, Vol. 1: No Normal (Ms. Marvel (2014-2015) #1)",N/A,Sequential Art,4,£39.39,2026-04-14 09:51:46
Meditations,N/A,Philosophy,2,£25.89,2026-04-14 09:51:47
Matilda,N/A,Childrens,1,£28.34,2026-04-14 09:51:48
Lost Among the Living,N/A,Historical Fiction,4,£27.70,2026-04-14 09:51:49
Lord of the Flies,N/A,Add a comment,3,£24.89,2026-04-14 09:51:50
Listen to Me (Fusion #1),N/A,Romance,3,£58.99,2026-04-14 09:51:52
Kitchens of the Great Midwest,N/A,Fiction,5,£57.20,2026-04-14 09:51:53
Jane Eyre,N/A,Default,5,£38.43,2026-04-14 09:51:54
Imperfect Harmony,N/A,Romance,4,£34.74,2026-04-14 09:51:55
Icing (Aces Hockey #2),N/A,Sports and Games,4,£40.44,2026-04-14 09:51:56
"Hawkeye, Vol. 1: My Life as a Weapon (Hawkeye #1)",N/A,Sequential Art,3,£45.24,2026-04-14 09:51:57
Having the Barbarian's Baby (Ice Planet Barbarians #7.5),N/A,Science Fiction,4,£34.96,2026-04-14 09:51:58
"Giant Days, Vol. 1 (Giant Days #1-4)",N/A,Sequential Art,4,£56.76,2026-04-14 09:51:59
"Fruits Basket, Vol. 1 (Fruits Basket #1)",N/A,Sequential Art,5,£40.28,2026-04-14 09:52:00
Frankenstein,N/A,Default,2,£38.00,2026-04-14 09:52:02
Forever Rockers (The Rocker #12),N/A,Music,3,£28.80,2026-04-14 09:52:03
Fighting Fate (Fighting #6),N/A,Romance,3,£39.24,2026-04-14 09:52:04
Emma,N/A,Classics,2,£32.93,2026-04-14 09:52:05
"Eat, Pray, Love",N/A,Nonfiction,3,£51.32,2026-04-14 09:52:06
Deep Under (Walker Security #1),N/A,Romance,5,£47.09,2026-04-14 09:52:07
Choosing Our Religion: The Spiritual Lives of America's Nones,N/A,Religion,4,£28.42,2026-04-14 09:52:08
Charlie and the Chocolate Factory (Charlie Bucket #1),N/A,Childrens,3,£22.85,2026-04-14 09:52:09
Charity's Cross (Charles Towne Belles #4),N/A,Romance,1,£41.24,2026-04-14 09:52:10
Bright Lines,N/A,Fiction,5,£39.07,2026-04-14 09:52:11
Bridget Jones's Diary (Bridget Jones #1),N/A,Womens Fiction,1,£29.82,2026-04-14 09:52:12
Bounty (Colorado Mountain #7),N/A,Romance,4,£37.26,2026-04-14 09:52:14
Blood Defense (Samantha Brinkman #1),N/A,Mystery,3,£20.30,2026-04-14 09:52:15
"Bleach, Vol. 1: Strawberry and the Soul Reapers (Bleach #1)",N/A,Sequential Art,5,£34.65,2026-04-14 09:52:16
Beyond Good and Evil,N/A,Philosophy,1,£43.38,2026-04-14 09:52:17
Alice in Wonderland (Alice's Adventures in Wonderland #1),N/A,Classics,1,£55.53,2026-04-14 09:52:18
"Ajin: Demi-Human, Volume 1 (Ajin: Demi-Human #1)",N/A,Sequential Art,4,£57.06,2026-04-14 09:52:19
A Spy's Devotion (The Regency Spies of London #1),N/A,Historical Fiction,5,£16.97,2026-04-14 09:52:20
1st to Die (Women's Murder Club #1),N/A,Mystery,1,£53.98,2026-04-14 09:52:21
"1,000 Places to See Before You Die",N/A,Travel,5,£26.08,2026-04-14 09:52:22
A Light in the Attic,N/A,Poetry,3,£51.77,2026-05-19 14:47:34
Tipping the Velvet,N/A,Historical Fiction,1,£53.74,2026-05-19 14:47:35
Soumission,N/A,Fiction,1,£50.10,2026-05-19 14:47:36
Sharp Objects,N/A,Mystery,4,£47.82,2026-05-19 14:47:37
Sapiens: A Brief History of Humankind,N/A,History,5,£54.23,2026-05-19 14:47:38
The Requiem Red,N/A,Young Adult,1,£22.65,2026-05-19 14:47:39
The Dirty Little Secrets of Getting Your Dream Job,N/A,Business,4,£33.34,2026-05-19 14:47:40
"The Coming Woman: A Novel Based on the Life of the Infamous Feminist, Victoria Woodhull",N/A,Default,3,£17.93,2026-05-19 14:47:42
The Boys in the Boat: Nine Americans and Their Epic Quest for Gold at the 1936 Berlin Olympics,N/A,Default,4,£22.60,2026-05-19 14:47:43
The Black Maria,N/A,Poetry,1,£52.15,2026-05-19 14:47:44
"Starving Hearts (Triangular Trade Trilogy, #1)",N/A,Default,2,£13.99,2026-05-19 14:47:45
Shakespeare's Sonnets,N/A,Poetry,4,£20.66,2026-05-19 14:47:46
Set Me Free,N/A,Young Adult,5,£17.46,2026-05-19 14:47:47
Scott Pilgrim's Precious Little Life (Scott Pilgrim #1),N/A,Sequential Art,5,£52.29,2026-05-19 14:47:48
Rip it Up and Start Again,N/A,Music,5,£35.02,2026-05-19 14:47:50
"Our Band Could Be Your Life: Scenes from the American Indie Underground, 1981-1991",N/A,Music,3,£57.25,2026-05-19 14:47:51
Olio,N/A,Poetry,1,£23.88,2026-05-19 14:47:52
Mesaerion: The Best Science Fiction Stories 1800-1849,N/A,Science Fiction,1,£37.59,2026-05-19 14:47:53
Libertarianism for Beginners,N/A,Politics,2,£51.33,2026-05-19 14:47:54
It's Only the Himalayas,N/A,Travel,2,£45.17,2026-05-19 14:47:55
In Her Wake,N/A,Thriller,1,£12.84,2026-05-19 14:47:56
How Music Works,N/A,Music,2,£37.32,2026-05-19 14:47:58
"Foolproof Preserving: A Guide to Small Batch Jams, Jellies, Pickles, Condiments, and More: A Foolproof Guide to Making Small Batch Jams, Jellies, Pickles, Condiments, and More",N/A,Food and Drink,3,£30.52,2026-05-19 14:47:59
Chase Me (Paris Nights #2),N/A,Romance,5,£25.27,2026-05-19 14:48:00
Black Dust,N/A,Romance,5,£34.53,2026-05-19 14:48:01
Birdsong: A Story in Pictures,N/A,Childrens,3,£54.64,2026-05-19 14:48:02
America's Cradle of Quarterbacks: Western Pennsylvania's Football Factory from Johnny Unitas to Joe Montana,N/A,Default,3,£22.50,2026-05-19 14:48:03
Aladdin and His Wonderful Lamp,N/A,Default,3,£53.13,2026-05-19 14:48:04
Worlds Elsewhere: Journeys Around Shakespeare’s Globe,N/A,Nonfiction,5,£40.30,2026-05-19 14:48:06
Wall and Piece,N/A,Art,4,£44.18,2026-05-19 14:48:07
The Four Agreements: A Practical Guide to Personal Freedom,N/A,Spirituality,5,£17.66,2026-05-19 14:48:08
The Five Love Languages: How to Express Heartfelt Commitment to Your Mate,N/A,Nonfiction,3,£31.05,2026-05-19 14:48:09
The Elephant Tree,N/A,Thriller,5,£23.82,2026-05-19 14:48:10
The Bear and the Piano,N/A,Childrens,1,£36.89,2026-05-19 14:48:11
Sophie's World,N/A,Philosophy,5,£15.94,2026-05-19 14:48:12
Penny Maybe,N/A,Default,3,£33.29,2026-05-19 14:48:14
Maude (1883-1993):She Grew Up with the country,N/A,Default,2,£18.02,2026-05-19 14:48:15
"In a Dark, Dark Wood",N/A,Mystery,1,£19.63,2026-05-19 14:48:16
Behind Closed Doors,N/A,Thriller,4,£52.22,2026-05-19 14:48:17
You can't bury them all: Poems,N/A,Poetry,2,£33.63,2026-05-19 14:48:18
Slow States of Collapse: Poems,N/A,Poetry,3,£57.31,2026-05-19 14:48:19
Reasons to Stay Alive,N/A,Nonfiction,2,£26.41,2026-05-19 14:48:21
Private Paris (Private #10),N/A,Fiction,5,£47.61,2026-05-19 14:48:22
#HigherSelfie: Wake Up Your Life. Free Your Soul. Find Your Tribe.,N/A,Nonfiction,5,£23.11,2026-05-19 14:48:23
Without Borders (Wanderlove #1),N/A,New Adult,2,£45.07,2026-05-19 14:48:24
When We Collided,N/A,Contemporary,1,£31.77,2026-05-19 14:48:25
"We Love You, Charlie Freeman",N/A,Fiction,5,£50.27,2026-05-19 14:48:26
Untitled Collection: Sabbath Poems 2014,N/A,Poetry,4,£14.27,2026-05-19 14:48:27
"Unseen City: The Majesty of Pigeons, the Discreet Charm of Snails & Other Wonders of the Urban Wilderness",N/A,Nonfiction,4,£44.18,2026-05-19 14:48:28
Unicorn Tracks,N/A,Fantasy,3,£18.78,2026-05-19 14:48:30
"Unbound: How Eight Technologies Made Us Human, Transformed Society, and Brought Our World to the Brink",N/A,History,1,£25.52,2026-05-19 14:48:31
Tsubasa: WoRLD CHRoNiCLE 2 (Tsubasa WoRLD CHRoNiCLE #2),N/A,Sequential Art,1,£16.28,2026-05-19 14:48:33
Throwing Rocks at the Google Bus: How Growth Became the Enemy of Prosperity,N/A,Nonfiction,3,£31.12,2026-05-19 14:48:34
This One Summer,N/A,Sequential Art,4,£19.49,2026-05-19 14:48:35
Thirst,N/A,Fiction,5,£17.27,2026-05-19 14:48:36
The Torch Is Passed: A Harding Family Story,N/A,Add a comment,1,£19.09,2026-05-19 14:48:37
The Secret of Dreadwillow Carse,N/A,Childrens,1,£56.13,2026-05-19 14:48:38
"The Pioneer Woman Cooks: Dinnertime: Comfort Classics, Freezer Food, 16-Minute Meals, and Other Delicious Ways to Solve Supper!",N/A,Food and Drink,1,£56.41,2026-05-19 14:48:39
The Past Never Ends,N/A,Mystery,4,£56.50,2026-05-19 14:48:41
The Natural History of Us (The Fine Art of Pretending #2),N/A,Young Adult,3,£45.22,2026-05-19 14:48:42
The Nameless City (The Nameless City #1),N/A,Sequential Art,4,£38.16,2026-05-19 14:48:44
The Murder That Never Was (Forensic Instincts #5),N/A,Fiction,3,£54.11,2026-05-19 14:48:45
The Most Perfect Thing: Inside (and Outside) a Bird's Egg,N/A,Science,4,£42.96,2026-05-19 14:48:46
"The Mindfulness and Acceptance Workbook for Anxiety: A Guide to Breaking Free from Anxiety, Phobias, and Worry Using Acceptance and Commitment Therapy",N/A,Add a comment,4,£23.89,2026-05-19 14:48:47
The Life-Changing Magic of Tidying Up: The Japanese Art of Decluttering and Organizing,N/A,Nonfiction,3,£16.77,2026-05-19 14:48:48
"The Inefficiency Assassin: Time Management Tactics for Working Smarter, Not Longer",N/A,Default,5,£20.59,2026-05-19 14:48:49
The Gutsy Girl: Escapades for Your Life of Epic Adventure,N/A,Nonfiction,1,£37.13,2026-05-19 14:48:50
The Electric Pencil: Drawings from Inside State Hospital No. 3,N/A,Nonfiction,1,£56.06,2026-05-19 14:48:52
The Death of Humanity: and the Case for Life,N/A,Philosophy,4,£58.11,2026-05-19 14:48:53
"The Bulletproof Diet: Lose up to a Pound a Day, Reclaim Energy and Focus, Upgrade Your Life",N/A,Health,3,£49.05,2026-05-19 14:48:54
The Art Forger,N/A,Add a comment,3,£40.76,2026-05-19 14:48:55
The Age of Genius: The Seventeenth Century and the Birth of the Modern Mind,N/A,History,1,£19.73,2026-05-19 14:48:56
The Activist's Tao Te Ching: Ancient Advice for a Modern Revolution,N/A,Spirituality,5,£32.24,2026-05-19 14:48:57
Spark Joy: An Illustrated Master Class on the Art of Organizing and Tidying Up,N/A,Nonfiction,4,£41.83,2026-05-19 14:48:59
Soul Reader,N/A,Default,2,£39.58,2026-05-19 14:49:00
Security,N/A,Horror,2,£39.25,2026-05-19 14:49:01
"Saga, Volume 6 (Saga (Collected Editions) #6)",N/A,Fantasy,3,£25.02,2026-05-19 14:49:02
"Saga, Volume 5 (Saga (Collected Editions) #5)",N/A,Sequential Art,2,£51.04,2026-05-19 14:49:04
Reskilling America: Learning to Labor in the Twenty-First Century,N/A,Nonfiction,2,£19.83,2026-05-19 14:49:05
"Rat Queens, Vol. 3: Demons (Rat Queens (Collected Editions) #11-15)",N/A,Sequential Art,3,£50.40,2026-05-19 14:49:06
"Princess Jellyfish 2-in-1 Omnibus, Vol. 01 (Princess Jellyfish 2-in-1 Omnibus #1)",N/A,Sequential Art,5,£13.61,2026-05-19 14:49:07
Princess Between Worlds (Wide-Awake Princess #5),N/A,Fantasy,5,£13.34,2026-05-19 14:49:08
"Pop Gun War, Volume 1: Gift",N/A,Sequential Art,1,£18.97,2026-05-19 14:49:09
"Political Suicide: Missteps, Peccadilloes, Bad Calls, Backroom Hijinx, Sordid Pasts, Rotten Breaks, and Just Plain Dumb Mistakes in the Annals of American Politics",N/A,History,2,£36.28,2026-05-19 14:49:10
Patience,N/A,Sequential Art,3,£10.16,2026-05-19 14:49:12
"Outcast, Vol. 1: A Darkness Surrounds Him (Outcast #1)",N/A,Sequential Art,4,£15.44,2026-05-19 14:49:13
orange: The Complete Collection 1 (orange: The Complete Collection #1),N/A,Sequential Art,1,£48.41,2026-05-19 14:49:14
Online Marketing for Busy Authors: A Step-By-Step Guide,N/A,Self Help,1,£46.35,2026-05-19 14:49:15
On a Midnight Clear,N/A,Add a comment,3,£14.07,2026-05-19 14:49:16
Obsidian (Lux #1),N/A,Young Adult,2,£14.86,2026-05-19 14:49:17
My Paris Kitchen: Recipes and Stories,N/A,Food and Drink,2,£33.37,2026-05-19 14:49:18
Masks and Shadows,N/A,Fantasy,2,£56.40,2026-05-19 14:49:20
"Mama Tried: Traditional Italian Cooking for the Screwed, Crude, Vegan, and Tattooed",N/A,Food and Drink,4,£14.02,2026-05-19 14:49:21
"Lumberjanes, Vol. 2: Friendship to the Max (Lumberjanes #5-8)",N/A,Sequential Art,2,£46.91,2026-05-19 14:49:22
"Lumberjanes, Vol. 1: Beware the Kitten Holy (Lumberjanes #1-4)",N/A,Sequential Art,3,£45.61,2026-05-19 14:49:23
Lumberjanes Vol. 3: A Terrible Plan (Lumberjanes #9-12),N/A,Sequential Art,2,£19.92,2026-05-19 14:49:24
"Layered: Baking, Building, and Styling Spectacular Cakes",N/A,Food and Drink,1,£40.11,2026-05-19 14:49:25
Judo: Seven Steps to Black Belt (an Introductory Guide for Beginners),N/A,Add a comment,2,£53.90,2026-05-19 14:49:26
Join,N/A,Science Fiction,5,£35.67,2026-05-19 14:49:28
In the Country We Love: My Family Divided,N/A,Nonfiction,4,£22.00,2026-05-19 14:49:29
Immunity: How Elie Metchnikoff Changed the Course of Modern Medicine,N/A,Science,5,£57.36,2026-05-19 14:49:30
"I Hate Fairyland, Vol. 1: Madly Ever After (I Hate Fairyland (Compilations) #1-5)",N/A,Sequential Art,2,£29.17,2026-05-19 14:49:31
I am a Hero Omnibus Volume 1,N/A,Sequential Art,3,£54.63,2026-05-19 14:49:32
How to Be Miserable: 40 Strategies You Already Use,N/A,Self Help,1,£46.03,2026-05-19 14:49:33
Her Backup Boyfriend (The Sorensen Family #1),N/A,Romance,1,£33.97,2026-05-19 14:49:34
"Giant Days, Vol. 2 (Giant Days #5-8)",N/A,Sequential Art,2,£22.11,2026-05-19 14:49:35
Forever and Forever: The Courtship of Henry Longfellow and Fanny Appleton,N/A,Historical Fiction,3,£29.69,2026-05-19 14:49:37
First and First (Five Boroughs #3),N/A,Romance,4,£15.97,2026-05-19 14:49:38
Fifty Shades Darker (Fifty Shades #2),N/A,Romance,1,£21.96,2026-05-19 14:49:39
Everydata: The Misinformation Hidden in the Little Data You Consume Every Day,N/A,Nonfiction,2,£54.35,2026-05-19 14:49:40
"Don't Be a Jerk: And Other Practical Advice from Dogen, Japan's Greatest Zen Master",N/A,Religion,2,£37.97,2026-05-19 14:49:41
Danganronpa Volume 1,N/A,Sequential Art,4,£51.99,2026-05-19 14:49:42
Crown of Midnight (Throne of Glass #2),N/A,Fantasy,3,£43.29,2026-05-19 14:49:44
"Codename Baboushka, Volume 1: The Conclave of Death",N/A,Sequential Art,4,£36.72,2026-05-19 14:49:45
Camp Midnight,N/A,Sequential Art,4,£17.08,2026-05-19 14:49:46
Call the Nurse: True Stories of a Country Nurse on a Scottish Isle,N/A,Nonfiction,5,£29.14,2026-05-19 14:49:47
Burning,N/A,Young Adult,3,£28.81,2026-05-19 14:49:48
Bossypants,N/A,Default,2,£49.46,2026-05-19 14:49:49
"Bitch Planet, Vol. 1: Extraordinary Machine (Bitch Planet (Collected Editions))",N/A,Sequential Art,2,£37.92,2026-05-19 14:49:50
"Avatar: The Last Airbender: Smoke and Shadow, Part 3 (Smoke and Shadow #3)",N/A,Fantasy,2,£28.09,2026-05-19 14:49:51
Algorithms to Live By: The Computer Science of Human Decisions,N/A,Nonfiction,1,£30.81,2026-05-19 14:49:52
A World of Flavor: Your Gluten Free Passport,N/A,Default,1,£42.95,2026-05-19 14:49:54
"A Piece of Sky, a Grain of Rice: A Memoir in Four Meditations",N/A,Default,5,£56.76,2026-05-19 14:49:55
A Murder in Time,N/A,Mystery,1,£16.64,2026-05-19 14:49:56
A Flight of Arrows (The Pathfinders #2),N/A,Historical Fiction,5,£55.53,2026-05-19 14:49:57
A Fierce and Subtle Poison,N/A,Young Adult,4,£28.13,2026-05-19 14:49:58
A Court of Thorns and Roses (A Court of Thorns and Roses #1),N/A,Fantasy,1,£52.37,2026-05-19 14:49:59
(Un)Qualified: How God Uses Broken People to Do Big Things,N/A,Christian,5,£54.00,2026-05-19 14:50:01
You Are What You Love: The Spiritual Power of Habit,N/A,Religion,4,£21.87,2026-05-19 14:50:02
"William Shakespeare's Star Wars: Verily, A New Hope (William Shakespeare's Star Wars #4)",N/A,Science Fiction,4,£43.30,2026-05-19 14:50:03
Tuesday Nights in 1980,N/A,Fiction,2,£21.04,2026-05-19 14:50:04
Tracing Numbers on a Train,N/A,Default,3,£41.60,2026-05-19 14:50:05
Throne of Glass (Throne of Glass #1),N/A,Fantasy,3,£35.07,2026-05-19 14:50:06
Thomas Jefferson and the Tripoli Pirates: The Forgotten War That Changed American History,N/A,History,1,£59.64,2026-05-19 14:50:07
Thirteen Reasons Why,N/A,Default,1,£52.72,2026-05-19 14:50:08
The White Cat and the Monk: A Retelling of the Poem “Pangur Bán”,N/A,Childrens,4,£58.08,2026-05-19 14:50:09
The Wedding Dress,N/A,Romance,1,£24.12,2026-05-19 14:50:10
The Vacationers,N/A,Fiction,4,£42.15,2026-05-19 14:50:11
The Third Wave: An Entrepreneur’s Vision of the Future,N/A,Business,5,£12.61,2026-05-19 14:50:12
The Stranger,N/A,Philosophy,4,£17.44,2026-05-19 14:50:13
The Shadow Hero (The Shadow Hero),N/A,Sequential Art,1,£33.14,2026-05-19 14:50:14
The Secret (The Secret #1),N/A,Default,4,£27.37,2026-05-19 14:50:16
The Regional Office Is Under Attack!,N/A,Fiction,5,£51.36,2026-05-19 14:50:17
The Psychopath Test: A Journey Through the Madness Industry,N/A,Default,2,£36.00,2026-05-19 14:50:18
The Project,N/A,Science Fiction,1,£10.65,2026-05-19 14:50:19
The Power of Now: A Guide to Spiritual Enlightenment,N/A,Nonfiction,2,£43.54,2026-05-19 14:50:20
The Omnivore's Dilemma: A Natural History of Four Meals,N/A,Nonfiction,2,£38.21,2026-05-19 14:50:21
The Nerdy Nummies Cookbook: Sweet Treats for the Geek in All of Us,N/A,Food and Drink,5,£37.34,2026-05-19 14:50:22
The Murder of Roger Ackroyd (Hercule Poirot #4),N/A,Mystery,4,£44.10,2026-05-19 14:50:23
The Mistake (Off-Campus #2),N/A,New Adult,3,£43.29,2026-05-19 14:50:24
The Matchmaker's Playbook (Wingmen Inc. #1),N/A,New Adult,1,£55.85,2026-05-19 14:50:25
The Love and Lemons Cookbook: An Apple-to-Zucchini Celebration of Impromptu Cooking,N/A,Food and Drink,2,£37.60,2026-05-19 14:50:26
The Long Shadow of Small Ghosts: Murder and Memory in an American City,N/A,Crime,1,£10.97,2026-05-19 14:50:27
The Kite Runner,N/A,Default,4,£41.82,2026-05-19 14:50:28
The House by the Lake,N/A,Historical Fiction,1,£36.95,2026-05-19 14:50:30
The Glittering Court (The Glittering Court #1),N/A,Fantasy,1,£44.28,2026-05-19 14:50:31
The Girl on the Train,N/A,Default,2,£55.02,2026-05-19 14:50:32
The Genius of Birds,N/A,Nonfiction,1,£17.24,2026-05-19 14:50:33
The Emerald Mystery,N/A,Default,2,£23.15,2026-05-19 14:50:34
The Cookies & Cups Cookbook: 125+ sweet & savory recipes reminding you to Always Eat Dessert First,N/A,Food and Drink,1,£41.25,2026-05-19 14:50:35
The Bridge to Consciousness: I'm Writing the Bridge Between Science and Our Old and New Beliefs.,N/A,Default,3,£32.00,2026-05-19 14:50:36
The Artist's Way: A Spiritual Path to Higher Creativity,N/A,Nonfiction,5,£38.49,2026-05-19 14:50:37
The Art of War,N/A,Default,5,£33.34,2026-05-19 14:50:38
The Argonauts,N/A,Autobiography,2,£10.93,2026-05-19 14:50:39
The 10% Entrepreneur: Live Your Startup Dream Without Quitting Your Day Job,N/A,Business,3,£27.55,2026-05-19 14:50:41
Suddenly in Love (Lake Haven #1),N/A,Romance,2,£55.99,2026-05-19 14:50:42
Something More Than This,N/A,Romance,4,£16.24,2026-05-19 14:50:43
Soft Apocalypse,N/A,Science Fiction,2,£26.12,2026-05-19 14:50:44
So You've Been Publicly Shamed,N/A,Nonfiction,2,£12.23,2026-05-19 14:50:45
Shoe Dog: A Memoir by the Creator of NIKE,N/A,Business,2,£23.99,2026-05-19 14:50:46
"Shobu Samurai, Project Aryoku (#3)",N/A,Add a comment,3,£29.06,2026-05-19 14:50:47
Secrets and Lace (Fatal Hearts #1),N/A,Default,1,£20.27,2026-05-19 14:50:48
Scarlett Epstein Hates It Here,N/A,Young Adult,5,£43.55,2026-05-19 14:50:49
Romero and Juliet: A Tragic Tale of Love and Zombies,N/A,Default,1,£36.94,2026-05-19 14:50:50
Redeeming Love,N/A,Christian Fiction,5,£20.47,2026-05-19 14:50:51
Poses for Artists Volume 1 - Dynamic and Sitting Poses: An Essential Reference for Figure Drawing and the Human Form,N/A,Default,1,£41.06,2026-05-19 14:50:52
Poems That Make Grown Women Cry,N/A,Poetry,4,£14.19,2026-05-19 14:50:54
"Nightingale, Sing",N/A,Young Adult,1,£38.28,2026-05-19 14:50:55
Night Sky with Exit Wounds,N/A,Poetry,1,£41.05,2026-05-19 14:50:56
Mrs. Houdini,N/A,Historical Fiction,5,£30.25,2026-05-19 14:50:57
Modern Romance,N/A,Add a comment,5,£28.26,2026-05-19 14:50:58
Miss Peregrine’s Home for Peculiar Children (Miss Peregrine’s Peculiar Children #1),N/A,Default,1,£10.76,2026-05-19 14:50:59
Louisa: The Extraordinary Life of Mrs. Adams,N/A,Biography,2,£16.85,2026-05-19 14:51:00
Little Red,N/A,Childrens,3,£13.47,2026-05-19 14:51:01
Library of Souls (Miss Peregrine’s Peculiar Children #3),N/A,Young Adult,5,£48.56,2026-05-19 14:51:03
Large Print Heart of the Pride,N/A,Default,2,£19.15,2026-05-19 14:51:04
I Had a Nice Time And Other Lies...: How to find love & sh*t like that,N/A,Womens Fiction,4,£57.36,2026-05-19 14:51:05
Hollow City (Miss Peregrine’s Peculiar Children #2),N/A,Fantasy,1,£42.98,2026-05-19 14:51:06
Grumbles,N/A,Default,2,£22.16,2026-05-19 14:51:07
Full Moon over Noah’s Ark: An Odyssey to Mount Ararat and Beyond,N/A,Travel,4,£49.43,2026-05-19 14:51:08
Frostbite (Vampire Academy #2),N/A,Young Adult,5,£29.99,2026-05-19 14:51:09
Follow You Home,N/A,Horror,1,£21.36,2026-05-19 14:51:10
First Steps for New Christians (Print Edition),N/A,Default,1,£29.00,2026-05-19 14:51:11
Finders Keepers (Bill Hodges Trilogy #2),N/A,Fiction,5,£53.53,2026-05-19 14:51:12
"Fables, Vol. 1: Legends in Exile (Fables #1)",N/A,Sequential Art,4,£41.62,2026-05-19 14:51:13
Eureka Trivia 6.0,N/A,Default,4,£54.59,2026-05-19 14:51:14
Drive: The Surprising Truth About What Motivates Us,N/A,Default,4,£34.95,2026-05-19 14:51:15
Done Rubbed Out (Reightman & Bailey #1),N/A,Default,5,£37.72,2026-05-19 14:51:16
Doing It Over (Most Likely To #1),N/A,Romance,3,£35.61,2026-05-19 14:51:17
"Deliciously Ella Every Day: Quick and Easy Recipes for Gluten-Free Snacks, Packed Lunches, and Simple Meals",N/A,Food and Drink,3,£42.16,2026-05-19 14:51:18
Dark Notes,N/A,Erotica,5,£19.19,2026-05-19 14:51:23
"Daring Greatly: How the Courage to Be Vulnerable Transforms the Way We Live, Love, Parent, and Lead",N/A,Nonfiction,3,£19.43,2026-05-19 14:51:24
Close to You,N/A,Christian Fiction,4,£49.46,2026-05-19 14:51:25
Chasing Heaven: What Dying Taught Me About Living,N/A,Spirituality,2,£37.80,2026-05-19 14:51:26
Big Magic: Creative Living Beyond Fear,N/A,Nonfiction,3,£30.80,2026-05-19 14:51:27
Becoming Wise: An Inquiry into the Mystery and Art of Living,N/A,Nonfiction,2,£27.43,2026-05-19 14:51:28
Beauty Restored (Riley Family Legacy Novellas #3),N/A,Default,2,£11.11,2026-05-19 14:51:29
Batman: The Long Halloween (Batman),N/A,Sequential Art,2,£36.50,2026-05-19 14:51:30
Batman: The Dark Knight Returns (Batman),N/A,Sequential Art,5,£15.38,2026-05-19 14:51:31
Ayumi's Violin,N/A,Default,2,£15.48,2026-05-19 14:51:32
Anonymous,N/A,Default,4,£46.82,2026-05-19 14:51:33
Amy Meets the Saints and Sages,N/A,Default,3,£18.46,2026-05-19 14:51:34
Amid the Chaos,N/A,Cultural,1,£36.58,2026-05-19 14:51:35
Amatus,N/A,Default,5,£50.54,2026-05-19 14:51:36
Agnostic: A Spirited Manifesto,N/A,Nonfiction,5,£12.51,2026-05-19 14:51:37
Zealot: The Life and Times of Jesus of Nazareth,N/A,History,3,£24.70,2026-05-19 14:51:38
You (You #1),N/A,Thriller,5,£43.61,2026-05-19 14:51:39
"Wonder Woman: Earth One, Volume One (Wonder Woman: Earth One #1)",N/A,Sequential Art,4,£37.34,2026-05-19 14:51:41
Wild Swans,N/A,Young Adult,2,£14.36,2026-05-19 14:51:42
Why the Right Went Wrong: Conservatism--From Goldwater to the Tea Party and Beyond,N/A,Politics,4,£52.65,2026-05-19 14:51:43
Whole Lotta Creativity Going On: 60 Fun and Unusual Exercises to Awaken and Strengthen Your Creativity,N/A,Nonfiction,4,£38.20,2026-05-19 14:51:44
What's It Like in Space?: Stories from Astronauts Who've Been There,N/A,Nonfiction,2,£19.60,2026-05-19 14:51:45
"We Are Robin, Vol. 1: The Vigilante Business (We Are Robin #1)",N/A,Sequential Art,1,£53.90,2026-05-19 14:51:46
Walt Disney's Alice in Wonderland,N/A,Childrens,5,£12.96,2026-05-19 14:51:47
V for Vendetta (V for Vendetta Complete),N/A,Default,4,£37.10,2026-05-19 14:51:48
Until Friday Night (The Field Party #1),N/A,Young Adult,2,£46.31,2026-05-19 14:51:49
"Unbroken: A World War II Story of Survival, Resilience, and Redemption",N/A,Default,2,£45.95,2026-05-19 14:51:50
Twenty Yawns,N/A,Childrens,2,£22.08,2026-05-19 14:51:51
Through the Woods,N/A,Sequential Art,2,£25.38,2026-05-19 14:51:53
This Is Where It Ends,N/A,Young Adult,2,£27.12,2026-05-19 14:51:54
The Year of Magical Thinking,N/A,Nonfiction,2,£43.04,2026-05-19 14:51:55
The Wright Brothers,N/A,Default,4,£56.80,2026-05-19 14:51:56
The White Queen (The Cousins' War #1),N/A,Add a comment,5,£25.91,2026-05-19 14:51:57
The Wedding Pact (The O'Malleys #2),N/A,Romance,3,£32.61,2026-05-19 14:51:58
The Time Keeper,N/A,Fiction,5,£27.88,2026-05-19 14:51:59
The Testament of Mary,N/A,Fiction,4,£52.67,2026-05-19 14:52:01
The Star-Touched Queen,N/A,Fantasy,5,£46.02,2026-05-19 14:52:02
The Songs of the Gods,N/A,Default,5,£44.48,2026-05-19 14:52:03
The Song of Achilles,N/A,Add a comment,5,£37.40,2026-05-19 14:52:04
The Rosie Project (Don Tillman #1),N/A,Default,1,£54.04,2026-05-19 14:52:05
The Power of Habit: Why We Do What We Do in Life and Business,N/A,Default,3,£16.88,2026-05-19 14:52:06
The Marriage of Opposites,N/A,Historical Fiction,4,£28.08,2026-05-19 14:52:07
The Lucifer Effect: Understanding How Good People Turn Evil,N/A,Psychology,1,£10.40,2026-05-19 14:52:09
The Long Haul (Diary of a Wimpy Kid #9),N/A,Humor,1,£44.07,2026-05-19 14:52:10
The Loney,N/A,Horror,1,£23.40,2026-05-19 14:52:11
The Literature Book (Big Ideas Simply Explained),N/A,Nonfiction,3,£17.43,2026-05-19 14:52:12
The Last Mile (Amos Decker #2),N/A,Mystery,2,£54.21,2026-05-19 14:52:14
The Immortal Life of Henrietta Lacks,N/A,Add a comment,2,£40.67,2026-05-19 14:52:15
The Hidden Oracle (The Trials of Apollo #1),N/A,Fantasy,2,£52.26,2026-05-19 14:52:16
The Help Yourself Cookbook for Kids: 60 Easy Plant-Based Recipes Kids Can Make to Stay Healthy and Save the Earth,N/A,Food and Drink,3,£28.77,2026-05-19 14:52:17
The Guilty (Will Robie #4),N/A,Thriller,2,£13.82,2026-05-19 14:52:19
The First Hostage (J.B. Collins #2),N/A,Fiction,3,£25.85,2026-05-19 14:52:20
The Dovekeepers,N/A,Add a comment,1,£48.78,2026-05-19 14:52:21
The Darkest Lie,N/A,Young Adult,5,£35.35,2026-05-19 14:52:22
The Bane Chronicles (The Bane Chronicles #1-11),N/A,Fantasy,4,£44.73,2026-05-19 14:52:23
The Bad-Ass Librarians of Timbuktu: And Their Race to Save the World’s Most Precious Manuscripts,N/A,Nonfiction,1,£15.77,2026-05-19 14:52:24
The 14th Colony (Cotton Malone #11),N/A,Thriller,1,£39.24,2026-05-19 14:52:25
That Darkness (Gardiner and Renner #1),N/A,Mystery,1,£13.92,2026-05-19 14:52:26
Tastes Like Fear (DI Marnie Rome #3),N/A,Mystery,1,£10.69,2026-05-19 14:52:27
Take Me with You,N/A,Fiction,3,£45.21,2026-05-19 14:52:28
Swell: A Year of Waves,N/A,Nonfiction,1,£45.58,2026-05-19 14:52:29
Superman Vol. 1: Before Truth (Superman by Gene Luen Yang #1),N/A,Sequential Art,5,£11.89,2026-05-19 14:52:30
Still Life with Bread Crumbs,N/A,Fiction,3,£26.41,2026-05-19 14:52:32
Steve Jobs,N/A,Default,5,£39.50,2026-05-19 14:52:33
Sorting the Beef from the Bull: The Science of Food Fraud Forensics,N/A,Science,4,£44.74,2026-05-19 14:52:34
Someone Like You (The Harrisons #2),N/A,Contemporary,5,£52.79,2026-05-19 14:52:35
"So Cute It Hurts!!, Vol. 6 (So Cute It Hurts!! #6)",N/A,Sequential Art,4,£35.43,2026-05-19 14:52:36
Shtum,N/A,Fiction,4,£55.84,2026-05-19 14:52:38
See America: A Celebration of Our National Parks & Treasured Sites,N/A,Travel,3,£48.87,2026-05-19 14:52:39
salt.,N/A,Poetry,4,£46.78,2026-05-19 14:52:40
Robin War,N/A,Sequential Art,3,£47.82,2026-05-19 14:52:41
"Red Hood/Arsenal, Vol. 1: Open for Business (Red Hood/Arsenal #1)",N/A,Sequential Art,2,£25.48,2026-05-19 14:52:42
Rain Fish,N/A,Childrens,3,£23.57,2026-05-19 14:52:43
"Quarter Life Poetry: Poems for the Young, Broke and Hangry",N/A,Poetry,5,£50.89,2026-05-19 14:52:45
Pet Sematary,N/A,Horror,3,£10.56,2026-05-19 14:52:46
"Overload: How to Unplug, Unwind, and Unleash Yourself from the Pressure of Stress",N/A,Self Help,3,£52.15,2026-05-19 14:52:47
Once Was a Time,N/A,Childrens,2,£18.28,2026-05-19 14:52:48
Old School (Diary of a Wimpy Kid #10),N/A,Humor,5,£11.83,2026-05-19 14:52:49
No Dream Is Too High: Life Lessons From a Man Who Walked on the Moon,N/A,Nonfiction,2,£21.95,2026-05-19 14:52:50
"Naruto (3-in-1 Edition), Vol. 14: Includes Vols. 40, 41 & 42 (Naruto: Omnibus #14)",N/A,Sequential Art,2,£38.39,2026-05-19 14:52:51
My Name Is Lucy Barton,N/A,Fiction,1,£41.56,2026-05-19 14:52:52
My Mrs. Brown,N/A,Fiction,3,£24.48,2026-05-19 14:52:54
My Kind of Crazy,N/A,Young Adult,1,£40.36,2026-05-19 14:52:55
Mr. Mercedes (Bill Hodges Trilogy #1),N/A,Fiction,1,£28.90,2026-05-19 14:52:56
More Than Music (Chasing the Dream #1),N/A,Add a comment,2,£37.61,2026-05-19 14:52:57
Made to Stick: Why Some Ideas Survive and Others Die,N/A,Business,5,£38.85,2026-05-19 14:52:58
Luis Paints the World,N/A,Childrens,3,£53.95,2026-05-19 14:52:59
Luckiest Girl Alive,N/A,Default,3,£49.83,2026-05-19 14:53:01
Lowriders to the Center of the Earth (Lowriders in Space #2),N/A,Sequential Art,2,£51.51,2026-05-19 14:53:02
Love Is a Mix Tape (Music #1),N/A,Music,1,£18.03,2026-05-19 14:53:03
Looking for Lovely: Collecting the Moments that Matter,N/A,Nonfiction,5,£29.14,2026-05-19 14:53:04
"Living Leadership by Insight: A Good Leader Achieves, a Great Leader Builds Monuments",N/A,Default,4,£46.91,2026-05-19 14:53:05
Let It Out: A Journey Through Journaling,N/A,Nonfiction,5,£26.79,2026-05-19 14:53:06
Lady Midnight (The Dark Artifices #1),N/A,Default,5,£16.28,2026-05-19 14:53:07
"It's All Easy: Healthy, Delicious Weeknight Meals in under 30 Minutes",N/A,Food and Drink,1,£19.55,2026-05-19 14:53:08
Island of Dragons (Unwanteds #7),N/A,Fantasy,1,£29.65,2026-05-19 14:53:09
I Know What I'm Doing -- and Other Lies I Tell Myself: Dispatches from a Life Under Construction,N/A,Humor,4,£25.98,2026-05-19 14:53:11
I Am Pilgrim (Pilgrim #1),N/A,Fiction,4,£10.60,2026-05-19 14:53:12
"Hyperbole and a Half: Unfortunate Situations, Flawed Coping Mechanisms, Mayhem, and Other Things That Happened",N/A,Humor,5,£14.75,2026-05-19 14:53:13
"Hush, Hush (Hush, Hush #1)",N/A,Default,3,£47.02,2026-05-19 14:53:14
Hold Your Breath (Search and Rescue #1),N/A,Romance,1,£28.82,2026-05-19 14:53:15
Hamilton: The Revolution,N/A,Nonfiction,3,£58.79,2026-05-19 14:53:16
Greek Mythic History,N/A,Default,5,£10.23,2026-05-19 14:53:18
God: The Most Unpleasant Character in All Fiction,N/A,Religion,5,£30.03,2026-05-19 14:53:19
Glory over Everything: Beyond The Kitchen House,N/A,Historical Fiction,3,£45.84,2026-05-19 14:53:20
Feathers: Displays of Brilliant Plumage,N/A,Art,3,£49.05,2026-05-19 14:53:21
"Far & Away: Places on the Brink of Change: Seven Continents, Twenty-Five Years",N/A,Nonfiction,4,£15.06,2026-05-19 14:53:23
Every Last Word,N/A,Default,3,£46.47,2026-05-19 14:53:24
Eligible (The Austen Project #4),N/A,Fiction,3,£27.09,2026-05-19 14:53:25
El Deafo,N/A,Sequential Art,5,£57.62,2026-05-19 14:53:27
Eight Hundred Grapes,N/A,Fiction,4,£14.39,2026-05-19 14:53:28
"Eaternity: More than 150 Deliciously Easy Vegan Recipes for a Long, Healthy, Satisfied, Joyful Life",N/A,Nonfiction,5,£51.75,2026-05-19 14:53:29
"Eat Fat, Get Thin",N/A,Health,2,£54.07,2026-05-19 14:53:30
Don't Get Caught,N/A,Young Adult,1,£55.35,2026-05-19 14:53:31
Doctor Sleep (The Shining #2),N/A,Horror,2,£40.12,2026-05-19 14:53:32
Demigods & Magicians: Percy and Annabeth Meet the Kanes (Percy Jackson & Kane Chronicles Crossover #1-3),N/A,Fantasy,5,£37.51,2026-05-19 14:53:33
Dear Mr. Knightley,N/A,Fiction,5,£11.21,2026-05-19 14:53:34
Daily Fantasy Sports,N/A,Default,1,£36.58,2026-05-19 14:53:35
Crazy Love: Overwhelmed by a Relentless God,N/A,Christian,2,£47.72,2026-05-19 14:53:40
Cometh the Hour (The Clifton Chronicles #6),N/A,Fiction,3,£25.01,2026-05-19 14:53:41
Code Name Verity (Code Name Verity #1),N/A,Add a comment,4,£22.13,2026-05-19 14:53:42
Clockwork Angel (The Infernal Devices #1),N/A,Default,1,£44.14,2026-05-19 14:53:43
City of Glass (The Mortal Instruments #3),N/A,Fantasy,4,£56.02,2026-05-19 14:53:44
City of Fallen Angels (The Mortal Instruments #4),N/A,Default,4,£11.23,2026-05-19 14:53:45
City of Bones (The Mortal Instruments #1),N/A,Default,1,£43.28,2026-05-19 14:53:46
City of Ashes (The Mortal Instruments #2),N/A,Default,1,£47.27,2026-05-19 14:53:48
Cell,N/A,Add a comment,4,£20.29,2026-05-19 14:53:49
Catching Jordan (Hundred Oaks),N/A,Young Adult,3,£50.83,2026-05-19 14:53:50
"Carry On, Warrior: Thoughts on Life Unarmed",N/A,Default,3,£31.85,2026-05-19 14:53:51
Carrie,N/A,Default,2,£46.23,2026-05-19 14:53:52
Buying In: The Secret Dialogue Between What We Buy and Who We Are,N/A,Nonfiction,4,£37.80,2026-05-19 14:53:53
Brain on Fire: My Month of Madness,N/A,Nonfiction,5,£49.32,2026-05-19 14:53:55
Batman: Europa,N/A,Sequential Art,2,£32.01,2026-05-19 14:53:56
Barefoot Contessa Back to Basics,N/A,Food and Drink,1,£28.01,2026-05-19 14:53:57
Barefoot Contessa at Home: Everyday Recipes You'll Make Over and Over Again,N/A,Food and Drink,5,£50.62,2026-05-19 14:53:58
Balloon Animals,N/A,Fiction,3,£17.03,2026-05-19 14:53:59
Art Ops Vol. 1,N/A,Sequential Art,3,£48.80,2026-05-19 14:54:00
Aristotle and Dante Discover the Secrets of the Universe (Aristotle and Dante Discover the Secrets of the Universe #1),N/A,Young Adult,4,£58.14,2026-05-19 14:54:02
Angels Walking (Angels Walking #1),N/A,Add a comment,2,£34.20,2026-05-19 14:54:03
Angels & Demons (Robert Langdon #1),N/A,Default,3,£51.48,2026-05-19 14:54:04
All the Light We Cannot See,N/A,Historical,5,£29.87,2026-05-19 14:54:05
"Adulthood Is a Myth: A ""Sarah's Scribbles"" Collection",N/A,Sequential Art,2,£10.90,2026-05-19 14:54:06
Abstract City,N/A,Nonfiction,5,£56.37,2026-05-19 14:54:08
A Time of Torment (Charlie Parker #14),N/A,Mystery,5,£48.35,2026-05-19 14:54:09
A Study in Scarlet (Sherlock Holmes #1),N/A,Mystery,2,£16.73,2026-05-19 14:54:10
"A Series of Catastrophes and Miracles: A True Story of Love, Science, and Cancer",N/A,Add a comment,2,£56.48,2026-05-19 14:54:11
A People's History of the United States,N/A,Add a comment,2,£40.79,2026-05-19 14:54:12
A Man Called Ove,N/A,Fiction,1,£39.72,2026-05-19 14:54:14
A Distant Mirror: The Calamitous 14th Century,N/A,History,3,£14.58,2026-05-19 14:54:15
A Brush of Wings (Angels Walking #3),N/A,Add a comment,1,£55.51,2026-05-19 14:54:16
1491: New Revelations of the Americas Before Columbus,N/A,History,3,£21.80,2026-05-19 14:54:17
"The Three Searches, Meaning, and the Story",N/A,Default,3,£13.33,2026-05-19 14:54:18
Searching for Meaning in Gailana,N/A,Fantasy,1,£38.73,2026-05-19 14:54:19
Rook,N/A,Add a comment,4,£37.86,2026-05-19 14:54:20
My Kitchen Year: 136 Recipes That Saved My Life,N/A,Food and Drink,2,£11.53,2026-05-19 14:54:22
13 Hours: The Inside Account of What Really Happened In Benghazi,N/A,Nonfiction,1,£27.06,2026-05-19 14:54:26
Will You Won't You Want Me?,N/A,Womens Fiction,3,£13.86,2026-05-19 14:54:27
Tipping Point for Planet Earth: How Close Are We to the Edge?,N/A,Science,1,£37.55,2026-05-19 14:54:29
The Star-Touched Queen,N/A,Fantasy,5,£32.30,2026-05-19 14:54:30
The Silent Sister (Riley MacPherson #1),N/A,Fiction,5,£46.29,2026-05-19 14:54:31
The Midnight Watch: A Novel of the Titanic and the Californian,N/A,Add a comment,1,£26.20,2026-05-19 14:54:32
The Lonely City: Adventures in the Art of Being Alone,N/A,Nonfiction,2,£33.26,2026-05-19 14:54:36
The Gray Rhino: How to Recognize and Act on the Obvious Dangers We Ignore,N/A,Add a comment,4,£59.15,2026-05-19 14:54:38
The Golden Condom: And Other Essays on Love Lost and Found,N/A,Psychology,1,£39.43,2026-05-19 14:54:39
The Epidemic (The Program 0.6),N/A,Young Adult,5,£14.44,2026-05-19 14:54:40
The Dinner Party,N/A,Fiction,2,£56.54,2026-05-19 14:54:41
The Diary of a Young Girl,N/A,Nonfiction,3,£59.90,2026-05-19 14:54:42
The Children,N/A,Add a comment,3,£11.88,2026-05-19 14:54:44
Stars Above (The Lunar Chronicles #4.5),N/A,Young Adult,2,£48.05,2026-05-19 14:54:45
Snatched: How A Drug Queen Went Undercover for the DEA and Was Kidnapped By Colombian Guerillas,N/A,Nonfiction,3,£21.21,2026-05-19 14:54:46
Raspberry Pi Electronics Projects for the Evil Genius,N/A,Default,4,£49.67,2026-05-19 14:54:47
Quench Your Own Thirst: Business Lessons Learned Over a Beer or Two,N/A,Business,1,£43.14,2026-05-19 14:54:48
Psycho: Sanitarium (Psycho #1.5),N/A,Horror,5,£36.97,2026-05-19 14:54:49
Poisonous (Max Revere Novels #3),N/A,Mystery,3,£26.80,2026-05-19 14:54:50
One with You (Crossfire #5),N/A,Add a comment,4,£15.71,2026-05-19 14:54:51
No Love Allowed (Dodge Cove #1),N/A,Young Adult,4,£54.65,2026-05-19 14:54:52
Murder at the 42nd Street Library (Raymond Ambler #1),N/A,Mystery,4,£54.36,2026-05-19 14:54:54
Most Wanted,N/A,Mystery,3,£35.28,2026-05-19 14:54:55
"Love, Lies and Spies",N/A,Historical Fiction,2,£20.55,2026-05-19 14:54:56
How to Speak Golf: An Illustrated Guide to Links Lingo,N/A,Default,5,£58.32,2026-05-19 14:54:57
Hide Away (Eve Duncan #20),N/A,Mystery,1,£11.84,2026-05-19 14:54:59
Furiously Happy: A Funny Book About Horrible Things,N/A,Nonfiction,4,£41.46,2026-05-19 14:55:00
Everyday Italian: 125 Simple and Delicious Recipes,N/A,Food and Drink,5,£20.10,2026-05-19 14:55:01
Equal Is Unfair: America's Misguided Fight Against Income Inequality,N/A,Politics,1,£56.86,2026-05-19 14:55:02
Eleanor & Park,N/A,Default,5,£56.51,2026-05-19 14:55:03
Dirty (Dive Bar #1),N/A,Romance,4,£40.83,2026-05-19 14:55:05
Can You Keep a Secret? (Fear Street Relaunch #4),N/A,Horror,1,£48.64,2026-05-19 14:55:06
Boar Island (Anna Pigeon #19),N/A,Mystery,3,£59.48,2026-05-19 14:55:07
A Paris Apartment,N/A,Historical Fiction,4,£39.01,2026-05-19 14:55:08
"A la Mode: 120 Recipes in 60 Pairings: Pies, Tarts, Cakes, Crisps, and More Topped with Ice Cream, Gelato, Frozen Custard, and More",N/A,Food and Drink,1,£38.77,2026-05-19 14:55:09
Troublemaker: Surviving Hollywood and Scientology,N/A,Default,2,£48.39,2026-05-19 14:55:10
The Widow,N/A,Mystery,2,£27.26,2026-05-19 14:55:11
"The Sleep Revolution: Transforming Your Life, One Night at a Time",N/A,Nonfiction,4,£11.68,2026-05-19 14:55:12
The Improbability of Love,N/A,Fiction,1,£59.45,2026-05-19 14:55:14
The Art of Startup Fundraising,N/A,Business,3,£21.00,2026-05-19 14:55:15
Take Me Home Tonight (Rock Star Romance #3),N/A,Romance,3,£53.98,2026-05-19 14:55:16
Sleeping Giants (Themis Files #1),N/A,Science Fiction,1,£48.74,2026-05-19 14:55:17
"Setting the World on Fire: The Brief, Astonishing Life of St. Catherine of Siena",N/A,Biography,2,£21.15,2026-05-19 14:55:18
Playing with Fire,N/A,Mystery,3,£13.71,2026-05-19 14:55:19
Off the Hook (Fishing for Trouble #1),N/A,Romance,3,£47.67,2026-05-19 14:55:20
Mothering Sunday,N/A,Fiction,2,£13.34,2026-05-19 14:55:22
"Mother, Can You Not?",N/A,Nonfiction,5,£16.89,2026-05-19 14:55:23
M Train,N/A,Autobiography,1,£27.18,2026-05-19 14:55:24
Lilac Girls,N/A,Historical Fiction,2,£17.28,2026-05-19 14:55:25
Lies and Other Acts of Love,N/A,Fiction,1,£45.14,2026-05-19 14:55:26
Lab Girl,N/A,Autobiography,1,£40.85,2026-05-19 14:55:27
Keep Me Posted,N/A,Womens Fiction,4,£20.46,2026-05-19 14:55:28
It Didn't Start with You: How Inherited Family Trauma Shapes Who We Are and How to End the Cycle,N/A,Psychology,3,£56.27,2026-05-19 14:55:30
Grey (Fifty Shades #4),N/A,Womens Fiction,4,£48.49,2026-05-19 14:55:31
"Exit, Pursued by a Bear",N/A,Young Adult,4,£51.34,2026-05-19 14:55:32
Daredevils,N/A,Fiction,3,£16.34,2026-05-19 14:55:33
Cravings: Recipes for What You Want to Eat,N/A,Food and Drink,3,£20.50,2026-05-19 14:55:34
Born for This: How to Find the Work You Were Meant to Do,N/A,Business,5,£21.59,2026-05-19 14:55:35
Arena,N/A,Science Fiction,4,£21.36,2026-05-19 14:55:36
Adultery,N/A,Default,5,£20.88,2026-05-19 14:55:37
A Mother's Reckoning: Living in the Aftermath of Tragedy,N/A,Nonfiction,3,£19.53,2026-05-19 14:55:39
A Gentleman's Position (Society of Gentlemen #3),N/A,Romance,5,£14.75,2026-05-19 14:55:40
11/22/63,N/A,Fiction,3,£48.48,2026-05-19 14:55:41
"10% Happier: How I Tamed the Voice in My Head, Reduced Stress Without Losing My Edge, and Found Self-Help That Actually Works",N/A,Nonfiction,2,£24.57,2026-05-19 14:55:42
10-Day Green Smoothie Cleanse: Lose Up to 15 Pounds in 10 Days!,N/A,Health,5,£49.71,2026-05-19 14:55:43
Without Shame,N/A,Add a comment,5,£48.27,2026-05-19 14:55:44
Watchmen,N/A,Add a comment,4,£58.05,2026-05-19 14:55:45
Unlimited Intuition Now,N/A,Default,4,£58.87,2026-05-19 14:55:46
Underlying Notes,N/A,Default,2,£11.82,2026-05-19 14:55:48
The Shack,N/A,Fiction,1,£28.03,2026-05-19 14:55:49
The New Brand You: Your New Image Makes the Sale for You,N/A,Default,5,£44.05,2026-05-19 14:55:50
"The Moosewood Cookbook: Recipes from Moosewood Restaurant, Ithaca, New York",N/A,Food and Drink,4,£12.34,2026-05-19 14:55:51
The Flowers Lied,N/A,Default,2,£16.68,2026-05-19 14:55:52
"The Fabric of the Cosmos: Space, Time, and the Texture of Reality",N/A,Science,1,£55.91,2026-05-19 14:55:53
The Book of Mormon,N/A,Religion,3,£24.57,2026-05-19 14:55:54
The Art and Science of Low Carbohydrate Living,N/A,Health,5,£52.98,2026-05-19 14:55:55
The Alien Club,N/A,Young Adult,1,£54.40,2026-05-19 14:55:56
Suzie Snowflake: One beautiful flake (a self-esteem story),N/A,Novels,5,£54.81,2026-05-19 14:55:57
Nap-a-Roo,N/A,Childrens,1,£25.08,2026-05-19 14:55:58
"NaNo What Now? Finding your editing process, revising your NaNoWriMo book and building a writing career through publishing and beyond",N/A,Default,4,£10.41,2026-05-19 14:55:59
Modern Day Fables,N/A,Default,2,£47.44,2026-05-19 14:56:00
If I Gave You God's Phone Number....: Searching for Spirituality in America,N/A,Spirituality,1,£20.91,2026-05-19 14:56:02
"Fruits Basket, Vol. 9 (Fruits Basket #9)",N/A,Sequential Art,4,£33.95,2026-05-19 14:56:03
Dress Your Family in Corduroy and Denim,N/A,Humor,3,£43.68,2026-05-19 14:56:04
Don't Forget Steven,N/A,Young Adult,1,£33.23,2026-05-19 14:56:05
Chernobyl 01:23:40: The Incredible True Story of the World's Worst Nuclear Disaster,N/A,Nonfiction,2,£35.92,2026-05-19 14:56:06
Art and Fear: Observations on the Perils (and Rewards) of Artmaking,N/A,Art,4,£48.63,2026-05-19 14:56:07
A Shard of Ice (The Black Symphony Saga #1),N/A,Fantasy,3,£56.63,2026-05-19 14:56:08
A Hero's Curse (The Unseen Chronicles #1),N/A,Add a comment,3,£50.49,2026-05-19 14:56:09
23 Degrees South: A Tropical Tale of Changing Whether...,N/A,Add a comment,2,£35.79,2026-05-19 14:56:10
"Zero to One: Notes on Startups, or How to Build the Future",N/A,Nonfiction,3,£34.06,2026-05-19 14:56:11
Why Not Me?,N/A,Nonfiction,1,£17.76,2026-05-19 14:56:12
When Breath Becomes Air,N/A,Nonfiction,2,£39.36,2026-05-19 14:56:13
Vagabonding: An Uncommon Guide to the Art of Long-Term World Travel,N/A,Travel,2,£36.94,2026-05-19 14:56:14
The Unlikely Pilgrimage of Harold Fry (Harold Fry #1),N/A,Default,5,£43.62,2026-05-19 14:56:16
The New Drawing on the Right Side of the Brain,N/A,Art,3,£43.02,2026-05-19 14:56:17
"The Midnight Assassin: Panic, Scandal, and the Hunt for America's First Serial Killer",N/A,Nonfiction,4,£28.45,2026-05-19 14:56:18
The Martian (The Martian #1),N/A,Default,2,£41.39,2026-05-19 14:56:19
The High Mountains of Portugal,N/A,Fiction,1,£51.15,2026-05-19 14:56:20
The Grownup,N/A,Short Stories,1,£35.88,2026-05-19 14:56:21
The E-Myth Revisited: Why Most Small Businesses Don't Work and What to Do About It,N/A,Business,1,£36.91,2026-05-19 14:56:22
South of Sunshine,N/A,Young Adult,1,£28.93,2026-05-19 14:56:23
Smarter Faster Better: The Secrets of Being Productive in Life and Business,N/A,Nonfiction,5,£38.89,2026-05-19 14:56:24
Silence in the Dark (Logan Point #4),N/A,Suspense,3,£58.33,2026-05-19 14:56:26
Shadows of the Past (Logan Point #1),N/A,Christian Fiction,5,£39.67,2026-05-19 14:56:27
Roller Girl,N/A,Sequential Art,5,£14.10,2026-05-19 14:56:28
Rising Strong,N/A,Nonfiction,3,£21.82,2026-05-19 14:56:29
Proofs of God: Classical Arguments from Tertullian to Barth,N/A,Philosophy,1,£54.21,2026-05-19 14:56:30
Please Kill Me: The Uncensored Oral History of Punk,N/A,Music,4,£31.19,2026-05-19 14:56:31
Out of Print: City Lights Spotlight No. 14,N/A,Poetry,5,£53.64,2026-05-19 14:56:32
My Life Next Door (My Life Next Door ),N/A,Young Adult,5,£36.39,2026-05-19 14:56:33
Miller's Valley,N/A,Fiction,2,£58.54,2026-05-19 14:56:35
Man's Search for Meaning,N/A,Nonfiction,3,£29.48,2026-05-19 14:56:36
"Love That Boy: What Two Presidents, Eight Road Trips, and My Son Taught Me About a Parent's Expectations",N/A,Nonfiction,2,£25.06,2026-05-19 14:56:37
Living Forward: A Proven Plan to Stop Drifting and Get the Life You Want,N/A,Nonfiction,3,£12.55,2026-05-19 14:56:38
Les Fleurs du Mal,N/A,Poetry,5,£29.04,2026-05-19 14:56:39
Left Behind (Left Behind #1),N/A,Default,2,£40.72,2026-05-19 14:56:40
Kill 'Em and Leave: Searching for James Brown and the American Soul,N/A,Music,5,£45.05,2026-05-19 14:56:41
Kierkegaard: A Christian Missionary to Christians,N/A,Philosophy,1,£47.13,2026-05-19 14:56:42
John Vassos: Industrial Design for Modern Life,N/A,Default,4,£20.22,2026-05-19 14:56:44
I'll Give You the Sun,N/A,Default,1,£56.48,2026-05-19 14:56:45
I Will Find You,N/A,Nonfiction,1,£44.21,2026-05-19 14:56:46
Hystopia: A Novel,N/A,Fiction,4,£21.96,2026-05-19 14:56:47
Howl and Other Poems,N/A,Poetry,2,£40.45,2026-05-19 14:56:48
History of Beauty,N/A,Art,4,£10.29,2026-05-19 14:58:29
Heaven is for Real: A Little Boy's Astounding Story of His Trip to Heaven and Back,N/A,Default,2,£52.86,2026-05-19 14:58:33
Future Shock (Future Shock #1),N/A,Young Adult,5,£55.65,2026-05-19 14:58:34
Ender's Game (The Ender Quintet #1),N/A,Default,1,£43.64,2026-05-19 14:58:35
Diary of a Citizen Scientist: Chasing Tiger Beetles and Other New Ways of Engaging the World,N/A,Science,1,£28.41,2026-05-19 14:58:36
Death by Leisure: A Cautionary Tale,N/A,Default,4,£37.51,2026-05-19 14:58:37
Brilliant Beacons: A History of the American Lighthouse,N/A,History,3,£11.45,2026-05-19 14:58:38
Brazen: The Courage to Find the You That's Been Hiding,N/A,Nonfiction,2,£19.22,2026-05-19 14:58:39
Between the World and Me,N/A,Nonfiction,4,£56.91,2026-05-19 14:58:40
Being Mortal: Medicine and What Matters in the End,N/A,Nonfiction,4,£55.06,2026-05-19 14:58:41
"A Murder Over a Girl: Justice, Gender, Junior High",N/A,Nonfiction,3,£13.20,2026-05-19 14:58:42
32 Yolks,N/A,Food and Drink,2,£53.63,2026-05-19 14:58:43
"""Most Blessed of the Patriarchs"": Thomas Jefferson and the Empire of the Imagination",N/A,History,5,£44.48,2026-05-19 14:58:44
You Are a Badass: How to Stop Doubting Your Greatness and Start Living an Awesome Life,N/A,Self Help,3,£12.08,2026-05-19 14:58:45
Wildlife of New York: A Five-Borough Coloring Book,N/A,Default,2,£22.14,2026-05-19 14:58:46
What Happened on Beale Street (Secrets of the South Mysteries #2),N/A,Mystery,5,£25.37,2026-05-19 14:58:48
Unreasonable Hope: Finding Faith in the God Who Brings Purpose to Your Pain,N/A,Spirituality,2,£46.33,2026-05-19 14:58:49
Under the Tuscan Sun,N/A,Travel,3,£37.33,2026-05-19 14:58:50
Toddlers Are A**holes: It's Not Your Fault,N/A,Humor,1,£25.55,2026-05-19 14:58:51
The Year of Living Biblically: One Man's Humble Quest to Follow the Bible as Literally as Possible,N/A,Default,1,£34.72,2026-05-19 14:58:52
The Whale,N/A,Childrens,4,£35.96,2026-05-19 14:58:53
The Story of Art,N/A,Art,4,£41.14,2026-05-19 14:58:54
The Origin of Species,N/A,Science,4,£10.01,2026-05-19 14:58:55
The Great Gatsby,N/A,Default,4,£36.05,2026-05-19 14:58:56
The Good Girl,N/A,Default,3,£49.03,2026-05-19 14:58:57
The Glass Castle,N/A,Add a comment,1,£16.24,2026-05-19 14:58:58
The Faith of Christopher Hitchens: The Restless Soul of the World's Most Notorious Atheist,N/A,Biography,1,£39.55,2026-05-19 14:58:59
The Drowning Girls,N/A,Add a comment,3,£35.67,2026-05-19 14:59:00
The Constant Princess (The Tudor Court #1),N/A,Historical Fiction,3,£16.62,2026-05-19 14:59:01
The Bourne Identity (Jason Bourne #1),N/A,Fiction,4,£42.78,2026-05-19 14:59:02
The Bachelor Girl's Guide to Murder (Herringford and Watts Mysteries #1),N/A,Mystery,5,£52.30,2026-05-19 14:59:04
The Art Book,N/A,Art,2,£32.34,2026-05-19 14:59:05
The 7 Habits of Highly Effective People: Powerful Lessons in Personal Change,N/A,Default,4,£33.17,2026-05-19 14:59:06
Team of Rivals: The Political Genius of Abraham Lincoln,N/A,Add a comment,5,£20.12,2026-05-19 14:59:07
Steal Like an Artist: 10 Things Nobody Told You About Being Creative,N/A,Default,2,£20.90,2026-05-19 14:59:08
"Sit, Stay, Love",N/A,Romance,3,£20.90,2026-05-19 14:59:09
Sister Dear,N/A,Fiction,4,£40.20,2026-05-19 14:59:10
"Shrunken Treasures: Literary Classics, Short, Sweet, and Silly",N/A,Childrens,3,£52.87,2026-05-19 14:59:11
"Rich Dad, Poor Dad",N/A,Business,1,£51.74,2026-05-19 14:59:12
Raymie Nightingale,N/A,Childrens,2,£34.41,2026-05-19 14:59:14
Playing from the Heart,N/A,Childrens,1,£32.38,2026-05-19 14:59:15
Nightstruck: A Novel,N/A,Young Adult,4,£50.35,2026-05-19 14:59:16
"Naturally Lean: 125 Nourishing Gluten-Free, Plant-Based Recipes--All Under 300 Calories",N/A,Food and Drink,5,£11.38,2026-05-19 14:59:17
Meternity,N/A,Womens Fiction,3,£43.58,2026-05-19 14:59:18
Memoirs of a Geisha,N/A,Fiction,3,£49.67,2026-05-19 14:59:19
Like Never Before (Walker Family #2),N/A,Christian Fiction,2,£28.77,2026-05-19 14:59:20
Life of Pi,N/A,Default,4,£13.22,2026-05-19 14:59:21
Leave This Song Behind: Teen Poetry at Its Best,N/A,Poetry,5,£51.17,2026-05-19 14:59:22
King's Folly (The Kinsman Chronicles #1),N/A,Fantasy,5,£39.61,2026-05-19 14:59:24
John Adams,N/A,Add a comment,4,£57.43,2026-05-19 14:59:25
How to Cook Everything Vegetarian: Simple Meatless Recipes for Great Food (How to Cook Everything),N/A,Food and Drink,4,£46.01,2026-05-19 14:59:26
How to Be a Domestic Goddess: Baking and the Art of Comfort Cooking,N/A,Food and Drink,2,£28.25,2026-05-19 14:59:27
Good in Bed (Cannie Shapiro #1),N/A,Add a comment,5,£37.05,2026-05-19 14:59:28
"Fruits Basket, Vol. 7 (Fruits Basket #7)",N/A,Sequential Art,1,£19.57,2026-05-19 14:59:29
For the Love: Fighting for Grace in a World of Impossible Standards,N/A,Nonfiction,3,£45.13,2026-05-19 14:59:30
Finding God in the Ruins: How God Redeems Pain,N/A,Nonfiction,2,£46.64,2026-05-19 14:59:32
Every Heart a Doorway (Every Heart A Doorway #1),N/A,Fantasy,5,£12.16,2026-05-19 14:59:33
Delivering the Truth (Quaker Midwife Mystery #1),N/A,Mystery,4,£20.89,2026-05-19 14:59:34
Counted With the Stars (Out from Egypt #1),N/A,Christian Fiction,5,£17.97,2026-05-19 14:59:35
"Chronicles, Vol. 1",N/A,Music,2,£52.60,2026-05-19 14:59:36
Blue Like Jazz: Nonreligious Thoughts on Christian Spirituality,N/A,Christian,1,£25.77,2026-05-19 14:59:37
Benjamin Franklin: An American Life,N/A,Biography,3,£48.19,2026-05-19 14:59:38
"At The Existentialist Café: Freedom, Being, and apricot cocktails with: Jean-Paul Sartre, Simone de Beauvoir, Albert Camus, Martin Heidegger, Edmund Husserl, Karl Jaspers, Maurice Merleau-Ponty and others",N/A,Philosophy,5,£29.93,2026-05-19 14:59:40
A Summer In Europe,N/A,Travel,2,£44.34,2026-05-19 14:59:41
A Short History of Nearly Everything,N/A,History,5,£52.40,2026-05-19 14:59:42
A Gathering of Shadows (Shades of Magic #2),N/A,Fantasy,4,£44.81,2026-05-19 14:59:43
The Sound Of Love,N/A,Default,5,£57.84,2026-05-19 14:59:44
The Rise and Fall of the Third Reich: A History of Nazi Germany,N/A,History,2,£39.67,2026-05-19 14:59:45
The Perks of Being a Wallflower,N/A,Default,3,£55.02,2026-05-19 14:59:46
The Mysterious Affair at Styles (Hercule Poirot #1),N/A,Mystery,4,£24.80,2026-05-19 14:59:47
The Man Who Mistook His Wife for a Hat and Other Clinical Tales,N/A,Nonfiction,4,£59.45,2026-05-19 14:59:48
The Makings of a Fatherless Child,N/A,Default,2,£31.58,2026-05-19 14:59:49
The Joy of Cooking,N/A,Add a comment,4,£43.27,2026-05-19 14:59:50
The Invention of Wings,N/A,Historical Fiction,1,£37.34,2026-05-19 14:59:52
The Hobbit (Middle-Earth Universe),N/A,Default,5,£17.80,2026-05-19 14:59:53
The Great Railway Bazaar,N/A,Travel,1,£30.54,2026-05-19 14:59:54
The Golden Compass (His Dark Materials #1),N/A,Add a comment,1,£18.77,2026-05-19 14:59:55
The God Delusion,N/A,Add a comment,3,£46.85,2026-05-19 14:59:56
The Girl You Left Behind (The Girl You Left Behind #1),N/A,Historical,1,£15.79,2026-05-19 14:59:57
The Fellowship of the Ring (The Lord of the Rings #1),N/A,Default,2,£10.27,2026-05-19 14:59:58
The Collected Poems of W.B. Yeats (The Collected Works of W.B. Yeats #1),N/A,Poetry,5,£15.42,2026-05-19 14:59:59
The Barefoot Contessa Cookbook,N/A,Food and Drink,5,£59.92,2026-05-19 15:00:00
Tell the Wolves I'm Home,N/A,Young Adult,2,£50.96,2026-05-19 15:00:01
Ship Leaves Harbor: Essays on Travel by a Recovering Journeyman,N/A,Default,3,£30.60,2026-05-19 15:00:02
Pride and Prejudice,N/A,Add a comment,4,£19.27,2026-05-19 15:00:04
Musicophilia: Tales of Music and the Brain,N/A,Default,1,£46.58,2026-05-19 15:00:05
Mere Christianity,N/A,Add a comment,3,£48.51,2026-05-19 15:00:06
Me Before You (Me Before You #1),N/A,Fiction,1,£19.02,2026-05-19 15:00:07
In the Woods (Dublin Murder Squad #1),N/A,Mystery,2,£38.38,2026-05-19 15:00:08
In Cold Blood,N/A,Nonfiction,4,£49.98,2026-05-19 15:00:09
How to Stop Worrying and Start Living,N/A,Self Help,5,£46.49,2026-05-19 15:00:10
Give It Back,N/A,Thriller,2,£18.32,2026-05-19 15:00:11
"Girl, Interrupted",N/A,Nonfiction,3,£42.14,2026-05-19 15:00:12
Fun Home: A Family Tragicomic,N/A,Add a comment,4,£56.59,2026-05-19 15:00:14
"Fruits Basket, Vol. 6 (Fruits Basket #6)",N/A,Sequential Art,4,£20.96,2026-05-19 15:00:15
Deception Point,N/A,Fiction,4,£40.32,2026-05-19 15:00:16
"Death Note, Vol. 6: Give-and-Take (Death Note #6)",N/A,Sequential Art,3,£36.39,2026-05-19 15:00:17
Catherine the Great: Portrait of a Woman,N/A,History,4,£58.55,2026-05-19 15:00:18
Better Homes and Gardens New Cook Book,N/A,Food and Drink,3,£39.61,2026-05-19 15:00:19
An Unquiet Mind: A Memoir of Moods and Madness,N/A,Psychology,3,£21.30,2026-05-19 15:00:20
A Year in Provence (Provence #1),N/A,Travel,4,£56.88,2026-05-19 15:00:21
World Without End (The Pillars of the Earth #2),N/A,Historical Fiction,4,£32.97,2026-05-19 15:00:23
"Will Grayson, Will Grayson (Will Grayson, Will Grayson)",N/A,Young Adult,4,£47.31,2026-05-19 15:00:24
Why Save the Bankers?: And Other Essays on Our Economic and Political Crisis,N/A,Nonfiction,2,£48.67,2026-05-19 15:00:25
Where She Went (If I Stay #2),N/A,Young Adult,4,£41.73,2026-05-19 15:00:26
What If?: Serious Scientific Answers to Absurd Hypothetical Questions,N/A,Default,4,£53.68,2026-05-19 15:00:27
Two Summers,N/A,Young Adult,1,£14.64,2026-05-19 15:00:28
This Is Your Brain on Music: The Science of a Human Obsession,N/A,Music,1,£38.40,2026-05-19 15:00:29
The Secret Garden,N/A,Classics,4,£15.08,2026-05-19 15:00:30
The Raven King (The Raven Cycle #4),N/A,Add a comment,2,£30.57,2026-05-19 15:00:31
The Raven Boys (The Raven Cycle #1),N/A,Fantasy,4,£57.74,2026-05-19 15:00:32
The Power Greens Cookbook: 140 Delicious Superfood Recipes,N/A,Food and Drink,5,£11.05,2026-05-19 15:00:33
The Metamorphosis,N/A,Classics,1,£28.58,2026-05-19 15:00:34
The Mathews Men: Seven Brothers and the War Against Hitler's U-boats,N/A,History,5,£42.91,2026-05-19 15:00:36
The Little Paris Bookshop,N/A,Fiction,3,£24.73,2026-05-19 15:00:37
The Hiding Place,N/A,History,4,£55.91,2026-05-19 15:00:38
The Grand Design,N/A,Science,3,£13.76,2026-05-19 15:00:39
The Firm,N/A,Fiction,3,£45.56,2026-05-19 15:00:40
The Fault in Our Stars,N/A,Default,1,£47.22,2026-05-19 15:00:42
The False Prince (The Ascendance Trilogy #1),N/A,Fantasy,5,£56.00,2026-05-19 15:00:43
The Expatriates,N/A,Fiction,2,£44.58,2026-05-19 15:00:44
The Dream Thieves (The Raven Cycle #2),N/A,Default,1,£34.50,2026-05-19 15:00:45
The Darkest Corners,N/A,Young Adult,5,£11.33,2026-05-19 15:00:46
The Crossover,N/A,Poetry,4,£38.77,2026-05-19 15:00:47
The 5th Wave (The 5th Wave #1),N/A,Default,2,£11.83,2026-05-19 15:00:49
Tell the Wind and Fire,N/A,Fantasy,3,£45.51,2026-05-19 15:00:50
Tell Me Three Things,N/A,Young Adult,1,£41.81,2026-05-19 15:00:51
Talking to Girls About Duran Duran: One Young Man's Quest for True Love and a Cooler Haircut,N/A,Nonfiction,4,£25.15,2026-05-19 15:00:52
Siddhartha,N/A,Fiction,5,£34.22,2026-05-19 15:00:53
Shiver (The Wolves of Mercy Falls #1),N/A,Default,5,£16.23,2026-05-19 15:00:54
Remember Me?,N/A,Default,3,£11.48,2026-05-19 15:00:55
Red Dragon (Hannibal Lecter #1),N/A,Horror,3,£23.37,2026-05-19 15:00:56
Peak: Secrets from the New Science of Expertise,N/A,Science,2,£16.28,2026-05-19 15:00:57
My Mother Was Nuts,N/A,Nonfiction,4,£31.63,2026-05-19 15:00:59
Mexican Today: New and Rediscovered Recipes for Contemporary Kitchens,N/A,Food and Drink,5,£24.91,2026-05-19 15:01:00
Maybe Something Beautiful: How Art Transformed a Neighborhood,N/A,Childrens,1,£22.54,2026-05-19 15:01:01
Lola and the Boy Next Door (Anna and the French Kiss #2),N/A,Young Adult,4,£23.63,2026-05-19 15:01:02
Logan Kade (Fallen Crest High #5.5),N/A,Academic,2,£13.12,2026-05-19 15:01:03
Last One Home (New Beginnings #1),N/A,Fiction,3,£59.98,2026-05-19 15:01:04
Killing Floor (Jack Reacher #1),N/A,Thriller,4,£31.49,2026-05-19 15:01:05
Kill the Boy Band,N/A,Young Adult,5,£15.52,2026-05-19 15:01:06
Isla and the Happily Ever After (Anna and the French Kiss #3),N/A,Young Adult,5,£48.13,2026-05-19 15:01:07
If I Stay (If I Stay #1),N/A,Default,5,£38.13,2026-05-19 15:01:09
I Know Why the Caged Bird Sings (Maya Angelou's Autobiography #1),N/A,Default,2,£36.55,2026-05-19 15:01:10
Harry Potter and the Deathly Hallows (Harry Potter #7),N/A,Default,1,£23.32,2026-05-19 15:01:11
"Fruits Basket, Vol. 5 (Fruits Basket #5)",N/A,Sequential Art,1,£16.33,2026-05-19 15:01:12
Foundation (Foundation (Publication Order) #1),N/A,Science Fiction,1,£32.42,2026-05-19 15:01:13
Fool Me Once,N/A,Default,1,£16.96,2026-05-19 15:01:14
Find Her (Detective D.D. Warren #8),N/A,Add a comment,1,£22.37,2026-05-19 15:01:15
Evicted: Poverty and Profit in the American City,N/A,Add a comment,1,£42.27,2026-05-19 15:01:16
Drama,N/A,Default,2,£38.70,2026-05-19 15:01:18
Dracula the Un-Dead,N/A,Horror,5,£35.63,2026-05-19 15:01:19
Digital Fortress,N/A,Fiction,5,£58.00,2026-05-19 15:01:20
"Death Note, Vol. 5: Whiteout (Death Note #5)",N/A,Sequential Art,1,£52.41,2026-05-19 15:01:21
"Data, A Love Story: How I Gamed Online Dating to Meet My Match",N/A,Nonfiction,3,£32.35,2026-05-19 15:01:22
Critique of Pure Reason,N/A,Philosophy,1,£20.75,2026-05-19 15:01:23
Booked,N/A,Poetry,5,£17.49,2026-05-19 15:01:25
"Blue Lily, Lily Blue (The Raven Cycle #3)",N/A,Default,5,£34.13,2026-05-19 15:01:26
Approval Junkie: Adventures in Caring Too Much,N/A,Autobiography,5,£58.81,2026-05-19 15:01:27
An Abundance of Katherines,N/A,Young Adult,5,£10.00,2026-05-19 15:01:28
America's War for the Greater Middle East: A Military History,N/A,History,2,£51.22,2026-05-19 15:01:29
Alight (The Generations Trilogy #2),N/A,Default,4,£58.59,2026-05-19 15:01:30
A Girl's Guide to Moving On (New Beginnings #2),N/A,Romance,1,£31.30,2026-05-19 15:01:32
A Game of Thrones (A Song of Ice and Fire #1),N/A,Add a comment,2,£46.42,2026-05-19 15:01:33
A Feast for Crows (A Song of Ice and Fire #4),N/A,Fantasy,4,£17.21,2026-05-19 15:01:34
A Clash of Kings (A Song of Ice and Fire #2),N/A,Add a comment,3,£10.79,2026-05-19 15:01:35
Vogue Colors A to Z: A Fashion Coloring Book,N/A,Default,4,£52.35,2026-05-19 15:01:36
The Shining (The Shining #1),N/A,Default,3,£27.88,2026-05-19 15:01:37
The Pilgrim's Progress,N/A,Classics,2,£50.26,2026-05-19 15:01:38
The Perfect Play (Play by Play #1),N/A,Romance,3,£59.99,2026-05-19 15:01:40
The Passion of Dolssa,N/A,Historical Fiction,5,£28.32,2026-05-19 15:01:41
The Jazz of Physics: The Secret Link Between Music and the Structure of the Universe,N/A,Nonfiction,3,£38.71,2026-05-19 15:01:42
The Hunger Games (The Hunger Games #1),N/A,Default,5,£29.85,2026-05-19 15:01:43
The Hound of the Baskervilles (Sherlock Holmes #5),N/A,Classics,2,£14.82,2026-05-19 15:01:44
The Gunning of America: Business and the Making of American Gun Culture,N/A,Nonfiction,4,£16.81,2026-05-19 15:01:45
The Geography of Bliss: One Grump's Search for the Happiest Places in the World,N/A,Nonfiction,2,£28.23,2026-05-19 15:01:47
The Demonists (Demonist #1),N/A,Fantasy,2,£52.11,2026-05-19 15:01:48
"The Demon Prince of Momochi House, Vol. 4 (The Demon Prince of Momochi House #4)",N/A,Sequential Art,2,£27.88,2026-05-19 15:01:49
The Bone Hunters (Lexy Vaughan & Steven Macaulay #2),N/A,Thriller,3,£59.71,2026-05-19 15:01:50
The Beast (Black Dagger Brotherhood #14),N/A,Fantasy,5,£46.08,2026-05-19 15:01:52
Some Women,N/A,Womens Fiction,5,£13.73,2026-05-19 15:01:53
Shopaholic Ties the Knot (Shopaholic #3),N/A,Womens Fiction,5,£48.39,2026-05-19 15:01:54
Paper and Fire (The Great Library #2),N/A,Fantasy,5,£49.45,2026-05-19 15:01:55
Outlander (Outlander #1),N/A,Default,5,£19.67,2026-05-19 15:01:56
"Orchestra of Exiles: The Story of Bronislaw Huberman, the Israel Philharmonic, and the One Thousand Jews He Saved from Nazi Horrors",N/A,Music,3,£12.36,2026-05-19 15:01:57
No One Here Gets Out Alive,N/A,Music,5,£20.02,2026-05-19 15:01:58
Night Shift (Night Shift #1-20),N/A,Horror,4,£12.75,2026-05-19 15:02:00
Needful Things,N/A,Horror,4,£47.51,2026-05-19 15:02:01
Mockingjay (The Hunger Games #3),N/A,Default,4,£20.44,2026-05-19 15:02:02
Misery,N/A,Horror,2,£34.79,2026-05-19 15:02:03
Little Women (Little Women #1),N/A,Classics,4,£28.07,2026-05-19 15:02:04
It,N/A,Horror,3,£25.01,2026-05-19 15:02:05
Harry Potter and the Sorcerer's Stone (Harry Potter #1),N/A,Default,3,£13.90,2026-05-19 15:02:06
Harry Potter and the Prisoner of Azkaban (Harry Potter #3),N/A,Young Adult,4,£24.17,2026-05-19 15:02:07
Harry Potter and the Order of the Phoenix (Harry Potter #5),N/A,Fantasy,4,£31.63,2026-05-19 15:02:08
Harry Potter and the Half-Blood Prince (Harry Potter #6),N/A,Fantasy,5,£48.75,2026-05-19 15:02:09
Harry Potter and the Chamber of Secrets (Harry Potter #2),N/A,Fantasy,1,£14.74,2026-05-19 15:02:11
Gone with the Wind,N/A,Classics,3,£32.49,2026-05-19 15:02:12
God Is Not Great: How Religion Poisons Everything,N/A,Nonfiction,1,£27.80,2026-05-19 15:02:13
Girl With a Pearl Earring,N/A,Historical Fiction,1,£26.77,2026-05-19 15:02:14
"Fruits Basket, Vol. 4 (Fruits Basket #4)",N/A,Sequential Art,4,£50.44,2026-05-19 15:02:15
Far From True (Promise Falls Trilogy #2),N/A,Thriller,2,£34.93,2026-05-19 15:02:16
Dark Lover (Black Dagger Brotherhood #1),N/A,Romance,1,£12.87,2026-05-19 15:02:18
Confessions of a Shopaholic (Shopaholic #1),N/A,Default,2,£48.94,2026-05-19 15:02:19
Changing the Game (Play by Play #2),N/A,Romance,3,£13.38,2026-05-19 15:02:20
Candide,N/A,Classics,3,£58.63,2026-05-19 15:02:21
Can You Keep a Secret?,N/A,Womens Fiction,1,£21.94,2026-05-19 15:02:22
Atlas Shrugged,N/A,Fiction,5,£26.58,2026-05-19 15:02:23
Animal Farm,N/A,Classics,3,£57.22,2026-05-19 15:02:24
A Walk to Remember,N/A,Romance,1,£56.43,2026-05-19 15:02:26
A New Earth: Awakening to Your Life's Purpose,N/A,Spirituality,5,£55.65,2026-05-19 15:02:27
"A History of God: The 4,000-Year Quest of Judaism, Christianity, and Islam",N/A,Religion,1,£27.62,2026-05-19 15:02:28
'Salem's Lot,N/A,Horror,4,£49.56,2026-05-19 15:02:29
Zero History (Blue Ant #3),N/A,Default,1,£34.77,2026-05-19 15:02:30
Wuthering Heights,N/A,Classics,3,£17.73,2026-05-19 15:02:31
World War Z: An Oral History of the Zombie War,N/A,Default,1,£21.80,2026-05-19 15:02:32
Wild: From Lost to Found on the Pacific Crest Trail,N/A,Default,3,£46.02,2026-05-19 15:02:33
"Where'd You Go, Bernadette",N/A,Default,1,£18.13,2026-05-19 15:02:34
When You Are Engulfed in Flames,N/A,Humor,5,£30.89,2026-05-19 15:02:35
We the People: The Modern-Day Figures Who Have Reshaped and Affirmed the Founding Fathers' Vision of America,N/A,Nonfiction,3,£31.95,2026-05-19 15:02:36
We Are All Completely Beside Ourselves,N/A,Contemporary,1,£24.04,2026-05-19 15:02:38
Walk the Edge (Thunder Road #2),N/A,Young Adult,3,£32.36,2026-05-19 15:02:39
Voyager (Outlander #3),N/A,Historical Fiction,5,£21.07,2026-05-19 15:02:40
Very Good Lives: The Fringe Benefits of Failure and the Importance of Imagination,N/A,Nonfiction,3,£50.66,2026-05-19 15:02:41
Vegan Vegetarian Omnivore: Dinner for Everyone at the Table,N/A,Food and Drink,2,£13.66,2026-05-19 15:02:42
"Unstuffed: Decluttering Your Home, Mind, and Soul",N/A,Nonfiction,1,£58.09,2026-05-19 15:02:43
Under the Banner of Heaven: A Story of Violent Faith,N/A,Nonfiction,1,£30.00,2026-05-19 15:02:45
Two Boys Kissing,N/A,Young Adult,2,£32.74,2026-05-19 15:02:46
Twilight (Twilight #1),N/A,Default,2,£41.93,2026-05-19 15:02:47
Twenties Girl,N/A,Womens Fiction,2,£42.80,2026-05-19 15:02:48
"Trespassing Across America: One Man's Epic, Never-Done-Before (and Sort of Illegal) Hike Across the Heartland",N/A,Nonfiction,1,£53.51,2026-05-19 15:02:49
Three-Martini Lunch,N/A,Fiction,3,£23.21,2026-05-19 15:02:50
"Thinking, Fast and Slow",N/A,Psychology,1,£21.14,2026-05-19 15:02:51
The Wild Robot,N/A,Childrens,3,£56.07,2026-05-19 15:02:52
"The Wicked + The Divine, Vol. 3: Commercial Suicide (The Wicked + The Divine)",N/A,Sequential Art,3,£14.41,2026-05-19 15:02:54
The Undomestic Goddess,N/A,Womens Fiction,4,£45.75,2026-05-19 15:02:58
The Travelers,N/A,Thriller,1,£15.77,2026-05-19 15:02:59
The Tipping Point: How Little Things Can Make a Big Difference,N/A,Add a comment,2,£10.02,2026-05-19 15:03:00
The Thing About Jellyfish,N/A,Childrens,1,£48.77,2026-05-19 15:03:01
The Stand,N/A,Horror,2,£57.86,2026-05-19 15:03:02
The Smitten Kitchen Cookbook,N/A,Food and Drink,1,£23.59,2026-05-19 15:03:03
The Silkworm (Cormoran Strike #2),N/A,Mystery,5,£23.05,2026-05-19 15:03:05
"The Sandman, Vol. 3: Dream Country (The Sandman (volumes) #3)",N/A,Sequential Art,5,£55.55,2026-05-19 15:03:06
The Rose & the Dagger (The Wrath and the Dawn #2),N/A,Fantasy,4,£58.64,2026-05-19 15:03:07
The Road to Little Dribbling: Adventures of an American in Britain (Notes From a Small Island #2),N/A,Travel,1,£23.21,2026-05-19 15:03:08
The Rise of Theodore Roosevelt (Theodore Roosevelt #1),N/A,Biography,3,£42.57,2026-05-19 15:03:09
The Restaurant at the End of the Universe (Hitchhiker's Guide to the Galaxy #2),N/A,Science Fiction,1,£10.92,2026-05-19 15:03:10
The Rest Is Noise: Listening to the Twentieth Century,N/A,Add a comment,1,£34.77,2026-05-19 15:03:11
The Red Tent,N/A,Historical Fiction,5,£35.66,2026-05-19 15:03:13
The Purpose Driven Life: What on Earth Am I Here for?,N/A,Add a comment,3,£37.19,2026-05-19 15:03:14
The Purest Hook (Second Circle Tattoos #3),N/A,Romance,1,£12.25,2026-05-19 15:03:15
The Picture of Dorian Gray,N/A,Classics,2,£29.70,2026-05-19 15:03:16
The Paris Wife,N/A,Default,3,£36.80,2026-05-19 15:03:17
The Obsession,N/A,Romance,1,£45.43,2026-05-19 15:03:18
The Nightingale,N/A,Fiction,4,£26.26,2026-05-19 15:03:19
The New Guy (and Other Senior Year Distractions),N/A,Young Adult,3,£44.92,2026-05-19 15:03:21
The Nanny Diaries (Nanny #1),N/A,Womens Fiction,5,£52.53,2026-05-19 15:03:22
The Name of God is Mercy,N/A,Nonfiction,2,£37.25,2026-05-19 15:03:23
The Maze Runner (The Maze Runner #1),N/A,Default,1,£20.93,2026-05-19 15:03:24
The Lover's Dictionary,N/A,Default,2,£58.09,2026-05-19 15:03:25
The Lonely Ones,N/A,Childrens,5,£43.59,2026-05-19 15:03:30
The Lean Startup: How Today's Entrepreneurs Use Continuous Innovation to Create Radically Successful Businesses,N/A,Business,3,£33.92,2026-05-19 15:03:31
The Last Painting of Sara de Vos,N/A,Historical Fiction,2,£55.55,2026-05-19 15:03:32
"The Land of 10,000 Madonnas",N/A,Young Adult,4,£29.64,2026-05-19 15:03:33
The Infinities,N/A,Fiction,1,£27.41,2026-05-19 15:03:34
The Husband's Secret,N/A,Fiction,5,£52.51,2026-05-19 15:03:35
The Hitchhiker's Guide to the Galaxy (Hitchhiker's Guide to the Galaxy #1),N/A,Add a comment,3,£47.80,2026-05-19 15:03:37
The Guns of August,N/A,History,2,£14.54,2026-05-19 15:03:38
The Guernsey Literary and Potato Peel Pie Society,N/A,Historical Fiction,1,£49.53,2026-05-19 15:03:39
The Goldfinch,N/A,Default,3,£43.58,2026-05-19 15:03:40
The Giver (The Giver Quartet #1),N/A,Default,1,£12.30,2026-05-19 15:03:41
The Girl with All the Gifts,N/A,Horror,3,£49.47,2026-05-19 15:03:42
The Girl Who Played with Fire (Millennium Trilogy #2),N/A,Default,2,£22.14,2026-05-19 15:03:43
The Girl Who Kicked the Hornet's Nest (Millennium Trilogy #3),N/A,Add a comment,1,£57.48,2026-05-19 15:03:44
The Exiled,N/A,Mystery,3,£43.45,2026-05-19 15:03:46
"The End of Faith: Religion, Terror, and the Future of Reason",N/A,Add a comment,4,£22.13,2026-05-19 15:03:47
"The Elegant Universe: Superstrings, Hidden Dimensions, and the Quest for the Ultimate Theory",N/A,Science,4,£13.03,2026-05-19 15:03:48
"The Disappearing Spoon: And Other True Tales of Madness, Love, and the History of the World from the Periodic Table of the Elements",N/A,Science,5,£57.35,2026-05-19 15:03:49
The Devil Wears Prada (The Devil Wears Prada #1),N/A,Womens Fiction,1,£44.29,2026-05-19 15:03:50
The Demon-Haunted World: Science as a Candle in the Dark,N/A,Default,4,£52.25,2026-05-19 15:03:51
The Day the Crayons Came Home (Crayons),N/A,Childrens,5,£26.33,2026-05-19 15:03:53
The Da Vinci Code (Robert Langdon #2),N/A,Fiction,2,£22.96,2026-05-19 15:03:54
The Cuckoo's Calling (Cormoran Strike #1),N/A,Mystery,1,£19.21,2026-05-19 15:03:55
The Complete Stories and Poems (The Works of Edgar Allan Poe [Cameo Edition]),N/A,Classics,4,£26.78,2026-05-19 15:03:56
The Complete Poems,N/A,Add a comment,5,£41.32,2026-05-19 15:03:57
The Catcher in the Rye,N/A,Add a comment,1,£24.55,2026-05-19 15:03:58
The Cat in the Hat (Beginner Books B-1),N/A,Childrens,2,£16.26,2026-05-19 15:03:59
The Case for Christ (Cases for Christianity),N/A,Add a comment,1,£47.84,2026-05-19 15:04:01
The Book Thief,N/A,Default,2,£53.49,2026-05-19 15:04:02
The Book of Basketball: The NBA According to The Sports Guy,N/A,Sports and Games,5,£44.84,2026-05-19 15:04:03
The Blind Side: Evolution of a Game,N/A,Add a comment,5,£53.71,2026-05-19 15:04:04
The Autobiography of Malcolm X,N/A,Default,2,£23.43,2026-05-19 15:04:05
"The Art of Simple Food: Notes, Lessons, and Recipes from a Delicious Revolution",N/A,Food and Drink,3,£34.32,2026-05-19 15:04:06
The Art of Fielding,N/A,Fiction,1,£22.10,2026-05-19 15:04:08
"Surely You're Joking, Mr. Feynman!: Adventures of a Curious Character",N/A,Science,2,£25.83,2026-05-19 15:04:09
Stiff: The Curious Lives of Human Cadavers,N/A,Nonfiction,3,£36.74,2026-05-19 15:04:10
Spilled Milk: Based on a True Story,N/A,Nonfiction,1,£49.51,2026-05-19 15:04:11
Something Borrowed (Darcy & Rachel #1),N/A,Womens Fiction,5,£48.96,2026-05-19 15:04:12
Something Blue (Darcy & Rachel #2),N/A,Womens Fiction,1,£54.62,2026-05-19 15:04:13
Soldier (Talon #3),N/A,Fantasy,2,£24.72,2026-05-19 15:04:14
Shopaholic & Baby (Shopaholic #5),N/A,Default,2,£46.45,2026-05-19 15:04:15
Seven Days in the Art World,N/A,Add a comment,2,£52.33,2026-05-19 15:04:16
Seven Brief Lessons on Physics,N/A,Science,4,£30.60,2026-05-19 15:04:18
Scarlet (The Lunar Chronicles #2),N/A,Young Adult,4,£14.57,2026-05-19 15:04:19
Sarah's Key,N/A,Add a comment,1,£46.29,2026-05-19 15:04:20
"Saga, Volume 3 (Saga (Collected Editions) #3)",N/A,Sequential Art,5,£21.57,2026-05-19 15:04:21
Running with Scissors,N/A,Autobiography,4,£12.91,2026-05-19 15:04:22
Rogue Lawyer (Rogue Lawyer #1),N/A,Add a comment,3,£50.11,2026-05-19 15:04:23
"Rise of the Rocket Girls: The Women Who Propelled Us, from Missiles to the Moon to Mars",N/A,Nonfiction,4,£41.67,2026-05-19 15:04:24
Rework,N/A,Business,2,£44.88,2026-05-19 15:04:26
Reservations for Two,N/A,Romance,3,£11.10,2026-05-19 15:04:27
Red: The True Story of Red Riding Hood,N/A,Childrens,3,£28.54,2026-05-19 15:04:28
Ready Player One,N/A,Science Fiction,4,£19.07,2026-05-19 15:04:29
Quiet: The Power of Introverts in a World That Can't Stop Talking,N/A,Default,1,£43.55,2026-05-19 15:04:30
Prodigy: The Graphic Novel (Legend: The Graphic Novel #2),N/A,Sequential Art,3,£43.63,2026-05-19 15:04:31
Persepolis: The Story of a Childhood (Persepolis #1-2),N/A,Sequential Art,1,£39.13,2026-05-19 15:04:32
Packing for Mars: The Curious Science of Life in the Void,N/A,Default,2,£56.68,2026-05-19 15:04:34
Outliers: The Story of Success,N/A,Nonfiction,1,£14.16,2026-05-19 15:04:35
Original Fake,N/A,Sequential Art,3,£31.45,2026-05-19 15:04:36
Orange Is the New Black,N/A,Default,2,£24.61,2026-05-19 15:04:37
One for the Money (Stephanie Plum #1),N/A,Default,2,£32.87,2026-05-19 15:04:38
Notes from a Small Island (Notes From a Small Island #1),N/A,Nonfiction,1,£40.17,2026-05-19 15:04:39
Night (The Night Trilogy #1),N/A,Nonfiction,1,£13.51,2026-05-19 15:04:40
Neither Here nor There: Travels in Europe,N/A,Travel,3,£38.95,2026-05-19 15:04:42
Naked,N/A,Humor,3,£31.69,2026-05-19 15:04:43
Morning Star (Red Rising #3),N/A,Default,1,£29.40,2026-05-19 15:04:44
"Miracles from Heaven: A Little Girl, Her Journey to Heaven, and Her Amazing Story of Healing",N/A,Nonfiction,1,£57.83,2026-05-19 15:04:45
Midnight Riot (Peter Grant/ Rivers of London - books #1),N/A,Fantasy,2,£55.46,2026-05-19 15:04:46
Me Talk Pretty One Day,N/A,Autobiography,2,£57.60,2026-05-19 15:04:47
Manuscript Found in Accra,N/A,Add a comment,2,£34.98,2026-05-19 15:04:48
Lust & Wonder,N/A,Autobiography,2,£11.87,2026-05-19 15:04:49
Lila (Gilead #3),N/A,Fiction,3,£12.47,2026-05-19 15:04:51
"Life, the Universe and Everything (Hitchhiker's Guide to the Galaxy #3)",N/A,Science Fiction,2,£33.26,2026-05-19 15:04:52
Life Without a Recipe,N/A,Autobiography,5,£59.04,2026-05-19 15:04:53
Life After Life,N/A,Default,2,£26.13,2026-05-19 15:04:54
Letter to a Christian Nation,N/A,Nonfiction,1,£22.20,2026-05-19 15:04:55
Let's Pretend This Never Happened: A Mostly True Memoir,N/A,Nonfiction,1,£45.11,2026-05-19 15:04:56
Legend (Legend #1),N/A,Young Adult,4,£43.69,2026-05-19 15:04:57
"Lean In: Women, Work, and the Will to Lead",N/A,Default,1,£25.02,2026-05-19 15:04:58
"Lamb: The Gospel According to Biff, Christ's Childhood Pal",N/A,Humor,5,£55.50,2026-05-19 15:05:00
Lady Renegades (Rebel Belle #3),N/A,Young Adult,5,£53.04,2026-05-19 15:05:01
Jurassic Park (Jurassic Park #1),N/A,Fiction,1,£44.97,2026-05-19 15:05:02
It's Never Too Late to Begin Again: Discovering Creativity and Meaning at Midlife and Beyond,N/A,Nonfiction,1,£42.38,2026-05-19 15:05:03
Is Everyone Hanging Out Without Me? (And Other Concerns),N/A,Default,3,£20.11,2026-05-19 15:05:05
Into the Wild,N/A,Nonfiction,5,£56.70,2026-05-19 15:05:06
Inferno (Robert Langdon #4),N/A,Fiction,5,£41.00,2026-05-19 15:05:07
"In the Garden of Beasts: Love, Terror, and an American Family in Hitler's Berlin",N/A,Nonfiction,3,£28.85,2026-05-19 15:05:08
If I Run (If I Run #1),N/A,Christian Fiction,4,£49.97,2026-05-19 15:05:09
I've Got Your Number,N/A,Womens Fiction,1,£19.69,2026-05-19 15:05:10
I Am Malala: The Girl Who Stood Up for Education and Was Shot by the Taliban,N/A,Nonfiction,2,£28.88,2026-05-19 15:05:11
Hungry Girl Clean & Hungry: Easy All-Natural Recipes for Healthy Eating in the Real World,N/A,Food and Drink,3,£33.14,2026-05-19 15:05:12
"House of Lost Worlds: Dinosaurs, Dynasties, and the Story of Life on Earth",N/A,History,2,£43.70,2026-05-19 15:05:13
House of Leaves,N/A,Horror,1,£54.89,2026-05-19 15:05:15
Horrible Bear!,N/A,Childrens,2,£37.52,2026-05-19 15:05:16
Holidays on Ice,N/A,Humor,2,£51.07,2026-05-19 15:05:17
Heir to the Sky,N/A,Fantasy,4,£44.07,2026-05-19 15:05:18
Green Eggs and Ham (Beginner Books B-16),N/A,Childrens,4,£10.79,2026-05-19 15:05:19
"Grayson, Vol 3: Nemesis (Grayson #3)",N/A,Sequential Art,1,£42.72,2026-05-19 15:05:20
Gratitude,N/A,Nonfiction,5,£26.66,2026-05-19 15:05:22
Gone Girl,N/A,Default,5,£37.60,2026-05-19 15:05:23
Golden (Heart of Dread #3),N/A,Young Adult,4,£42.21,2026-05-19 15:05:24
Girl in the Blue Coat,N/A,Historical Fiction,2,£46.83,2026-05-19 15:05:25
"Fruits Basket, Vol. 3 (Fruits Basket #3)",N/A,Sequential Art,2,£45.17,2026-05-19 15:05:26
"Friday Night Lights: A Town, a Team, and a Dream",N/A,Sports and Games,3,£51.22,2026-05-19 15:05:27
Fire Bound (Sea Haven/Sisters of the Heart #5),N/A,Add a comment,4,£21.28,2026-05-19 15:05:28
Fifty Shades Freed (Fifty Shades #3),N/A,Adult Fiction,5,£15.36,2026-05-19 15:05:29
Fellside,N/A,Default,1,£38.62,2026-05-19 15:05:30
Extreme Prey (Lucas Davenport #26),N/A,Mystery,3,£25.40,2026-05-19 15:05:32
Eragon (The Inheritance Cycle #1),N/A,Fantasy,3,£43.87,2026-05-19 15:05:33
Eclipse (Twilight #3),N/A,Default,1,£18.74,2026-05-19 15:05:34
Dune (Dune #1),N/A,Science Fiction,1,£54.86,2026-05-19 15:05:35
Dracula,N/A,Default,3,£52.62,2026-05-19 15:05:36
Do Androids Dream of Electric Sheep? (Blade Runner #1),N/A,Science Fiction,1,£51.48,2026-05-19 15:05:37
Disrupted: My Misadventure in the Start-Up Bubble,N/A,Nonfiction,5,£15.28,2026-05-19 15:05:39
Dead Wake: The Last Crossing of the Lusitania,N/A,Default,5,£39.24,2026-05-19 15:05:40
"David and Goliath: Underdogs, Misfits, and the Art of Battling Giants",N/A,Default,1,£17.81,2026-05-19 15:05:41
Darkfever (Fever #1),N/A,Fantasy,1,£56.02,2026-05-19 15:05:42
Dark Places,N/A,Default,5,£23.90,2026-05-19 15:05:43
Crazy Rich Asians (Crazy Rich Asians #1),N/A,Fiction,5,£49.13,2026-05-19 15:05:45
Counting Thyme,N/A,Childrens,1,£10.62,2026-05-19 15:05:46
Cosmos,N/A,Add a comment,2,£36.17,2026-05-19 15:05:47
Civilization and Its Discontents,N/A,Psychology,2,£59.95,2026-05-19 15:05:48
Cinder (The Lunar Chronicles #1),N/A,Young Adult,1,£26.09,2026-05-19 15:05:49
Catastrophic Happiness: Finding Joy in Childhood's Messy Years,N/A,Parenting,2,£37.35,2026-05-19 15:05:51
Career of Evil (Cormoran Strike #3),N/A,Mystery,2,£24.72,2026-05-19 15:05:52
Breaking Dawn (Twilight #4),N/A,Default,5,£35.28,2026-05-19 15:05:53
Brave Enough,N/A,Nonfiction,5,£51.32,2026-05-19 15:05:55
Boy Meets Boy,N/A,Young Adult,3,£21.12,2026-05-19 15:05:56
"Born to Run: A Hidden Tribe, Superathletes, and the Greatest Race the World Has Never Seen",N/A,Nonfiction,2,£27.35,2026-05-19 15:05:57
Blink: The Power of Thinking Without Thinking,N/A,Nonfiction,5,£21.74,2026-05-19 15:05:59
Black Flags: The Rise of ISIS,N/A,Nonfiction,1,£40.87,2026-05-19 15:06:00
"Black Butler, Vol. 1 (Black Butler #1)",N/A,Sequential Art,1,£49.31,2026-05-19 15:06:01
Big Little Lies,N/A,Fiction,1,£22.11,2026-05-19 15:06:02
Between Shades of Gray,N/A,Historical Fiction,5,£20.79,2026-05-19 15:06:03
Best of My Love (Fool's Gold #20),N/A,Romance,2,£27.41,2026-05-19 15:06:05
Beowulf,N/A,Classics,2,£38.35,2026-05-19 15:06:06
Beautiful Creatures (Caster Chronicles #1),N/A,Default,5,£21.55,2026-05-19 15:06:07
Awkward,N/A,Sequential Art,2,£38.02,2026-05-19 15:06:08
Ash,N/A,Fantasy,4,£22.06,2026-05-19 15:06:09
Are We There Yet?,N/A,Childrens,3,£10.66,2026-05-19 15:06:10
Are We Smart Enough to Know How Smart Animals Are?,N/A,Nonfiction,1,£56.58,2026-05-19 15:06:12
Annie on My Mind,N/A,Young Adult,5,£36.83,2026-05-19 15:06:13
And Then There Were None,N/A,Classics,2,£35.01,2026-05-19 15:06:14
A Walk in the Woods: Rediscovering America on the Appalachian Trail,N/A,Nonfiction,4,£30.48,2026-05-19 15:06:15
A Visit from the Goon Squad,N/A,Default,5,£14.08,2026-05-19 15:06:16
A Storm of Swords (A Song of Ice and Fire #3),N/A,Fantasy,2,£31.22,2026-05-19 15:06:18
A Heartbreaking Work of Staggering Genius,N/A,Autobiography,5,£54.29,2026-05-19 15:06:19
8 Keys to Mental Health Through Exercise,N/A,Psychology,1,£31.04,2026-05-19 15:06:20
#GIRLBOSS,N/A,Add a comment,1,£50.96,2026-05-19 15:06:21
"The Suffragettes (Little Black Classics, #96)",N/A,Nonfiction,2,£11.89,2026-05-19 15:06:22
The Sense of an Ending,N/A,Add a comment,3,£31.38,2026-05-19 15:06:23
"The Sandman, Vol. 2: The Doll's House (The Sandman (volumes) #2)",N/A,Sequential Art,1,£54.81,2026-05-19 15:24:27
The Course of Love,N/A,Fiction,3,£16.78,2026-05-19 15:24:28
Sugar Rush (Offensive Line #2),N/A,Sports and Games,1,£24.42,2026-05-19 15:24:30
"Saga, Volume 2 (Saga (Collected Editions) #2)",N/A,Sequential Art,3,£11.75,2026-05-19 15:24:31
"Run, Spot, Run: The Ethics of Keeping Pets",N/A,Philosophy,1,£20.02,2026-05-19 15:24:32
New Moon (Twilight #2),N/A,Young Adult,4,£12.86,2026-05-19 15:24:33
Life,N/A,Music,5,£31.58,2026-05-19 15:24:35
Kindle Paperwhite User's Guide,N/A,Nonfiction,3,£34.00,2026-05-19 15:24:36
H is for Hawk,N/A,Nonfiction,5,£57.42,2026-05-19 15:24:37
Girl Online On Tour (Girl Online #2),N/A,Young Adult,1,£53.47,2026-05-19 15:24:39
"Fruits Basket, Vol. 2 (Fruits Basket #2)",N/A,Sequential Art,5,£11.64,2026-05-19 15:24:40
Diary of a Minecraft Zombie Book 1: A Scare of a Dare (An Unofficial Minecraft Book),N/A,Childrens,4,£52.88,2026-05-19 15:24:41
"Y: The Last Man, Vol. 1: Unmanned (Y: The Last Man #1)",N/A,Sequential Art,4,£18.51,2026-05-19 15:24:42
While You Were Mine,N/A,Historical Fiction,5,£41.32,2026-05-19 15:24:43
Where Lightning Strikes (Bleeding Stars #3),N/A,Romance,3,£39.77,2026-05-19 15:24:44
When I'm Gone,N/A,Fiction,3,£51.96,2026-05-19 15:24:45
Ways of Seeing,N/A,Art,5,£39.51,2026-05-19 15:24:46
"Vampire Knight, Vol. 1 (Vampire Knight #1)",N/A,Paranormal,1,£15.40,2026-05-19 15:24:47
Vampire Girl (Vampire Girl #1),N/A,Fantasy,2,£53.82,2026-05-19 15:24:49
Twenty Love Poems and a Song of Despair,N/A,Poetry,4,£30.95,2026-05-19 15:24:50
Travels with Charley: In Search of America,N/A,Nonfiction,5,£57.82,2026-05-19 15:24:51
Three Wishes (River of Time: California #1),N/A,Science Fiction,2,£44.18,2026-05-19 15:24:52
This One Moment (Pushing Limits #1),N/A,Romance,1,£48.71,2026-05-19 15:24:53
The Zombie Room,N/A,Default,5,£19.69,2026-05-19 15:24:55
"The Wicked + The Divine, Vol. 1: The Faust Act (The Wicked + The Divine)",N/A,Sequential Art,2,£36.52,2026-05-19 15:24:56
The Tumor,N/A,Nonfiction,5,£41.56,2026-05-19 15:24:57
The Story of Hong Gildong,N/A,Classics,4,£43.19,2026-05-19 15:24:58
The Silent Wife,N/A,Fiction,5,£12.34,2026-05-19 15:24:59
The Silent Twin (Detective Jennifer Knight #3),N/A,Fantasy,3,£36.25,2026-05-19 15:25:00
The Selfish Gene,N/A,Science,1,£29.45,2026-05-19 15:25:02
The Secret Healer,N/A,Historical Fiction,3,£34.56,2026-05-19 15:25:03
"The Sandman, Vol. 1: Preludes and Nocturnes (The Sandman (volumes) #1)",N/A,Sequential Art,3,£54.12,2026-05-19 15:25:04
The Republic,N/A,Add a comment,3,£33.78,2026-05-19 15:25:05
The Odyssey,N/A,Add a comment,3,£29.64,2026-05-19 15:25:06
The No. 1 Ladies' Detective Agency (No. 1 Ladies' Detective Agency #1),N/A,Mystery,4,£57.70,2026-05-19 15:25:07
The Nicomachean Ethics,N/A,Philosophy,1,£36.34,2026-05-19 15:25:09
The Name of the Wind (The Kingkiller Chronicle #1),N/A,Default,3,£50.59,2026-05-19 15:25:10
The Mirror & the Maze (The Wrath and the Dawn #1.5),N/A,Fantasy,1,£29.38,2026-05-19 15:25:11
The Little Prince,N/A,Classics,2,£45.42,2026-05-19 15:25:12
The Light of the Fireflies,N/A,Add a comment,1,£54.43,2026-05-19 15:25:13
The Last Girl (The Dominion Trilogy #1),N/A,Science Fiction,2,£36.26,2026-05-19 15:25:14
The Iliad,N/A,Add a comment,1,£16.16,2026-05-19 15:25:16
The Hook Up (Game On #1),N/A,New Adult,5,£36.29,2026-05-19 15:25:17
The Haters,N/A,Young Adult,5,£27.89,2026-05-19 15:25:18
The Girl You Lost,N/A,Mystery,5,£12.29,2026-05-19 15:25:19
The Girl In The Ice (DCI Erika Foster #1),N/A,Mystery,3,£15.85,2026-05-19 15:25:20
The End of the Jesus Era (An Investigation #1),N/A,Nonfiction,1,£14.40,2026-05-19 15:25:22
The Edge of Reason (Bridget Jones #2),N/A,Womens Fiction,4,£19.18,2026-05-19 15:25:23
The Complete Maus (Maus #1-2),N/A,Sequential Art,3,£10.64,2026-05-19 15:25:24
The Communist Manifesto,N/A,Add a comment,3,£14.76,2026-05-19 15:25:25
The Bhagavad Gita,N/A,Religion,3,£57.49,2026-05-19 15:25:26
The Bette Davis Club,N/A,Fiction,3,£30.66,2026-05-19 15:25:28
The Art of Not Breathing,N/A,Young Adult,4,£40.83,2026-05-19 15:25:29
Taking Shots (Assassins #1),N/A,Default,2,£18.88,2026-05-19 15:25:31
Starlark,N/A,Historical Fiction,3,£25.83,2026-05-19 15:25:32
"Skip Beat!, Vol. 01 (Skip Beat! #1)",N/A,Sequential Art,3,£42.12,2026-05-19 15:25:33
Sister Sable (The Mad Queen #1),N/A,Fantasy,3,£13.33,2026-05-19 15:25:34
Shatter Me (Shatter Me #1),N/A,Default,1,£42.40,2026-05-19 15:25:36
Shameless,N/A,New Adult,3,£58.35,2026-05-19 15:25:37
Shadow Rites (Jane Yellowrock #10),N/A,Fantasy,4,£21.72,2026-05-19 15:25:38
Settling the Score (The Summer Games #1),N/A,Sports and Games,2,£44.91,2026-05-19 15:25:39
Sense and Sensibility,N/A,Classics,1,£37.46,2026-05-19 15:25:40
"Saga, Volume 1 (Saga (Collected Editions) #1)",N/A,Sequential Art,1,£28.48,2026-05-19 15:25:41
"Rhythm, Chord & Malykhin",N/A,Romance,2,£28.34,2026-05-19 15:25:43
"Rat Queens, Vol. 1: Sass & Sorcery (Rat Queens (Collected Editions) #1-5)",N/A,Sequential Art,5,£46.96,2026-05-19 15:25:44
Paradise Lost (Paradise #1),N/A,Default,1,£24.96,2026-05-19 15:25:45
"Paper Girls, Vol. 1 (Paper Girls #1-5)",N/A,Sequential Art,4,£21.71,2026-05-19 15:25:46
"Ouran High School Host Club, Vol. 1 (Ouran High School Host Club #1)",N/A,Sequential Art,3,£29.87,2026-05-19 15:25:47
Origins (Alphas 0.5),N/A,Fantasy,1,£28.99,2026-05-19 15:25:48
One Second (Seven #7),N/A,Fantasy,2,£52.94,2026-05-19 15:25:50
On the Road (Duluoz Legend),N/A,Default,3,£32.36,2026-05-19 15:25:51
Old Records Never Die: One Man's Quest for His Vinyl and His Past,N/A,Music,2,£55.66,2026-05-19 15:25:52
Off Sides (Off #1),N/A,New Adult,5,£39.45,2026-05-19 15:25:53
Of Mice and Men,N/A,Classics,2,£47.11,2026-05-19 15:25:55
Myriad (Prentor #1),N/A,Fantasy,4,£58.75,2026-05-19 15:25:56
My Perfect Mistake (Over the Top #1),N/A,Romance,2,£38.92,2026-05-19 15:25:57
"Ms. Marvel, Vol. 1: No Normal (Ms. Marvel (2014-2015) #1)",N/A,Sequential Art,4,£39.39,2026-05-19 15:25:58
Meditations,N/A,Philosophy,2,£25.89,2026-05-19 15:25:59
Matilda,N/A,Childrens,1,£28.34,2026-05-19 15:26:00
Lost Among the Living,N/A,Historical Fiction,4,£27.70,2026-05-19 15:26:01
Lord of the Flies,N/A,Add a comment,3,£24.89,2026-05-19 15:26:03
Listen to Me (Fusion #1),N/A,Romance,3,£58.99,2026-05-19 15:26:04
Kitchens of the Great Midwest,N/A,Fiction,5,£57.20,2026-05-19 15:26:05
Jane Eyre,N/A,Default,5,£38.43,2026-05-19 15:26:06
Imperfect Harmony,N/A,Romance,4,£34.74,2026-05-19 15:26:07
Icing (Aces Hockey #2),N/A,Sports and Games,4,£40.44,2026-05-19 15:26:09
"Hawkeye, Vol. 1: My Life as a Weapon (Hawkeye #1)",N/A,Sequential Art,3,£45.24,2026-05-19 15:26:10
Having the Barbarian's Baby (Ice Planet Barbarians #7.5),N/A,Science Fiction,4,£34.96,2026-05-19 15:26:11
"Giant Days, Vol. 1 (Giant Days #1-4)",N/A,Sequential Art,4,£56.76,2026-05-19 15:26:12
"Fruits Basket, Vol. 1 (Fruits Basket #1)",N/A,Sequential Art,5,£40.28,2026-05-19 15:26:13
Frankenstein,N/A,Default,2,£38.00,2026-05-19 15:26:14
Forever Rockers (The Rocker #12),N/A,Music,3,£28.80,2026-05-19 15:26:16
Fighting Fate (Fighting #6),N/A,Romance,3,£39.24,2026-05-19 15:26:17
Emma,N/A,Classics,2,£32.93,2026-05-19 15:26:18
"Eat, Pray, Love",N/A,Nonfiction,3,£51.32,2026-05-19 15:26:19
Deep Under (Walker Security #1),N/A,Romance,5,£47.09,2026-05-19 15:26:20
Choosing Our Religion: The Spiritual Lives of America's Nones,N/A,Religion,4,£28.42,2026-05-19 15:26:22
Charlie and the Chocolate Factory (Charlie Bucket #1),N/A,Childrens,3,£22.85,2026-05-19 15:26:23
Charity's Cross (Charles Towne Belles #4),N/A,Romance,1,£41.24,2026-05-19 15:26:24
Bright Lines,N/A,Fiction,5,£39.07,2026-05-19 15:26:25
Bridget Jones's Diary (Bridget Jones #1),N/A,Womens Fiction,1,£29.82,2026-05-19 15:26:26
Bounty (Colorado Mountain #7),N/A,Romance,4,£37.26,2026-05-19 15:26:28
Blood Defense (Samantha Brinkman #1),N/A,Mystery,3,£20.30,2026-05-19 15:26:29
"Bleach, Vol. 1: Strawberry and the Soul Reapers (Bleach #1)",N/A,Sequential Art,5,£34.65,2026-05-19 15:26:30
Beyond Good and Evil,N/A,Philosophy,1,£43.38,2026-05-19 15:26:31
Alice in Wonderland (Alice's Adventures in Wonderland #1),N/A,Classics,1,£55.53,2026-05-19 15:26:32
"Ajin: Demi-Human, Volume 1 (Ajin: Demi-Human #1)",N/A,Sequential Art,4,£57.06,2026-05-19 15:26:34
A Spy's Devotion (The Regency Spies of London #1),N/A,Historical Fiction,5,£16.97,2026-05-19 15:26:36
1st to Die (Women's Murder Club #1),N/A,Mystery,1,£53.98,2026-05-19 15:26:37
"1,000 Places to See Before You Die",N/A,Travel,5,£26.08,2026-05-19 15:26:38
A Light in the Attic,N/A,Poetry,3,£51.77,2026-05-26 09:17:25
Tipping the Velvet,N/A,Historical Fiction,1,£53.74,2026-05-26 09:17:26
Soumission,N/A,Fiction,1,£50.10,2026-05-26 09:17:27
Sharp Objects,N/A,Mystery,4,£47.82,2026-05-26 09:17:29
Sapiens: A Brief History of Humankind,N/A,History,5,£54.23,2026-05-26 09:17:30
The Requiem Red,N/A,Young Adult,1,£22.65,2026-05-26 09:17:31
The Dirty Little Secrets of Getting Your Dream Job,N/A,Business,4,£33.34,2026-05-26 09:17:32
"The Coming Woman: A Novel Based on the Life of the Infamous Feminist, Victoria Woodhull",N/A,Default,3,£17.93,2026-05-26 09:17:33
The Boys in the Boat: Nine Americans and Their Epic Quest for Gold at the 1936 Berlin Olympics,N/A,Default,4,£22.60,2026-05-26 09:17:34
The Black Maria,N/A,Poetry,1,£52.15,2026-05-26 09:17:35
"Starving Hearts (Triangular Trade Trilogy, #1)",N/A,Default,2,£13.99,2026-05-26 09:17:36
Shakespeare's Sonnets,N/A,Poetry,4,£20.66,2026-05-26 09:17:37
Set Me Free,N/A,Young Adult,5,£17.46,2026-05-26 09:17:39
Scott Pilgrim's Precious Little Life (Scott Pilgrim #1),N/A,Sequential Art,5,£52.29,2026-05-26 09:17:40
Rip it Up and Start Again,N/A,Music,5,£35.02,2026-05-26 09:17:41
"Our Band Could Be Your Life: Scenes from the American Indie Underground, 1981-1991",N/A,Music,3,£57.25,2026-05-26 09:17:42
Olio,N/A,Poetry,1,£23.88,2026-05-26 09:17:43
Mesaerion: The Best Science Fiction Stories 1800-1849,N/A,Science Fiction,1,£37.59,2026-05-26 09:17:44
Libertarianism for Beginners,N/A,Politics,2,£51.33,2026-05-26 09:17:46
It's Only the Himalayas,N/A,Travel,2,£45.17,2026-05-26 09:17:47
In Her Wake,N/A,Thriller,1,£12.84,2026-05-26 09:17:48
How Music Works,N/A,Music,2,£37.32,2026-05-26 09:17:49
"Foolproof Preserving: A Guide to Small Batch Jams, Jellies, Pickles, Condiments, and More: A Foolproof Guide to Making Small Batch Jams, Jellies, Pickles, Condiments, and More",N/A,Food and Drink,3,£30.52,2026-05-26 09:17:51
Chase Me (Paris Nights #2),N/A,Romance,5,£25.27,2026-05-26 09:17:53
Black Dust,N/A,Romance,5,£34.53,2026-05-26 09:17:55
Birdsong: A Story in Pictures,N/A,Childrens,3,£54.64,2026-05-26 09:17:56
America's Cradle of Quarterbacks: Western Pennsylvania's Football Factory from Johnny Unitas to Joe Montana,N/A,Default,3,£22.50,2026-05-26 09:17:58
Aladdin and His Wonderful Lamp,N/A,Default,3,£53.13,2026-05-26 09:17:59
Worlds Elsewhere: Journeys Around Shakespeare’s Globe,N/A,Nonfiction,5,£40.30,2026-05-26 09:18:00
Wall and Piece,N/A,Art,4,£44.18,2026-05-26 09:18:01
The Four Agreements: A Practical Guide to Personal Freedom,N/A,Spirituality,5,£17.66,2026-05-26 09:18:03
The Five Love Languages: How to Express Heartfelt Commitment to Your Mate,N/A,Nonfiction,3,£31.05,2026-05-26 09:18:04
The Elephant Tree,N/A,Thriller,5,£23.82,2026-05-26 09:18:05
The Bear and the Piano,N/A,Childrens,1,£36.89,2026-05-26 09:18:06
Sophie's World,N/A,Philosophy,5,£15.94,2026-05-26 09:18:07
Penny Maybe,N/A,Default,3,£33.29,2026-05-26 09:18:09
Maude (1883-1993):She Grew Up with the country,N/A,Default,2,£18.02,2026-05-26 09:18:10
"In a Dark, Dark Wood",N/A,Mystery,1,£19.63,2026-05-26 09:18:11
Behind Closed Doors,N/A,Thriller,4,£52.22,2026-05-26 09:18:12
You can't bury them all: Poems,N/A,Poetry,2,£33.63,2026-05-26 09:18:14
Slow States of Collapse: Poems,N/A,Poetry,3,£57.31,2026-05-26 09:18:15
Reasons to Stay Alive,N/A,Nonfiction,2,£26.41,2026-05-26 09:18:16
Private Paris (Private #10),N/A,Fiction,5,£47.61,2026-05-26 09:18:17
#HigherSelfie: Wake Up Your Life. Free Your Soul. Find Your Tribe.,N/A,Nonfiction,5,£23.11,2026-05-26 09:18:18
Without Borders (Wanderlove #1),N/A,New Adult,2,£45.07,2026-05-26 09:18:19
When We Collided,N/A,Contemporary,1,£31.77,2026-05-26 09:18:21
"We Love You, Charlie Freeman",N/A,Fiction,5,£50.27,2026-05-26 09:18:22
Untitled Collection: Sabbath Poems 2014,N/A,Poetry,4,£14.27,2026-05-26 09:18:23
"Unseen City: The Majesty of Pigeons, the Discreet Charm of Snails & Other Wonders of the Urban Wilderness",N/A,Nonfiction,4,£44.18,2026-05-26 09:18:24
Unicorn Tracks,N/A,Fantasy,3,£18.78,2026-05-26 09:18:25
"Unbound: How Eight Technologies Made Us Human, Transformed Society, and Brought Our World to the Brink",N/A,History,1,£25.52,2026-05-26 09:18:27
Tsubasa: WoRLD CHRoNiCLE 2 (Tsubasa WoRLD CHRoNiCLE #2),N/A,Sequential Art,1,£16.28,2026-05-26 09:18:28
Throwing Rocks at the Google Bus: How Growth Became the Enemy of Prosperity,N/A,Nonfiction,3,£31.12,2026-05-26 09:18:30
This One Summer,N/A,Sequential Art,4,£19.49,2026-05-26 09:18:31
Thirst,N/A,Fiction,5,£17.27,2026-05-26 09:18:33
The Torch Is Passed: A Harding Family Story,N/A,Add a comment,1,£19.09,2026-05-26 09:18:34
The Secret of Dreadwillow Carse,N/A,Childrens,1,£56.13,2026-05-26 09:18:35
"The Pioneer Woman Cooks: Dinnertime: Comfort Classics, Freezer Food, 16-Minute Meals, and Other Delicious Ways to Solve Supper!",N/A,Food and Drink,1,£56.41,2026-05-26 09:18:37
The Past Never Ends,N/A,Mystery,4,£56.50,2026-05-26 09:18:39
The Natural History of Us (The Fine Art of Pretending #2),N/A,Young Adult,3,£45.22,2026-05-26 09:18:40
The Nameless City (The Nameless City #1),N/A,Sequential Art,4,£38.16,2026-05-26 09:18:41
The Murder That Never Was (Forensic Instincts #5),N/A,Fiction,3,£54.11,2026-05-26 09:18:43
The Most Perfect Thing: Inside (and Outside) a Bird's Egg,N/A,Science,4,£42.96,2026-05-26 09:18:44
"The Mindfulness and Acceptance Workbook for Anxiety: A Guide to Breaking Free from Anxiety, Phobias, and Worry Using Acceptance and Commitment Therapy",N/A,Add a comment,4,£23.89,2026-05-26 09:18:48
The Life-Changing Magic of Tidying Up: The Japanese Art of Decluttering and Organizing,N/A,Nonfiction,3,£16.77,2026-05-26 09:18:49
"The Inefficiency Assassin: Time Management Tactics for Working Smarter, Not Longer",N/A,Default,5,£20.59,2026-05-26 09:18:51
The Gutsy Girl: Escapades for Your Life of Epic Adventure,N/A,Nonfiction,1,£37.13,2026-05-26 09:18:53
The Electric Pencil: Drawings from Inside State Hospital No. 3,N/A,Nonfiction,1,£56.06,2026-05-26 09:18:55
The Death of Humanity: and the Case for Life,N/A,Philosophy,4,£58.11,2026-05-26 09:18:56
"The Bulletproof Diet: Lose up to a Pound a Day, Reclaim Energy and Focus, Upgrade Your Life",N/A,Health,3,£49.05,2026-05-26 09:18:58
The Art Forger,N/A,Add a comment,3,£40.76,2026-05-26 09:18:59
The Age of Genius: The Seventeenth Century and the Birth of the Modern Mind,N/A,History,1,£19.73,2026-05-26 09:19:00
The Activist's Tao Te Ching: Ancient Advice for a Modern Revolution,N/A,Spirituality,5,£32.24,2026-05-26 09:19:01
Spark Joy: An Illustrated Master Class on the Art of Organizing and Tidying Up,N/A,Nonfiction,4,£41.83,2026-05-26 09:19:03
Soul Reader,N/A,Default,2,£39.58,2026-05-26 09:19:04
Security,N/A,Horror,2,£39.25,2026-05-26 09:19:05
"Saga, Volume 6 (Saga (Collected Editions) #6)",N/A,Fantasy,3,£25.02,2026-05-26 09:19:06
"Saga, Volume 5 (Saga (Collected Editions) #5)",N/A,Sequential Art,2,£51.04,2026-05-26 09:19:07
Reskilling America: Learning to Labor in the Twenty-First Century,N/A,Nonfiction,2,£19.83,2026-05-26 09:19:08
"Rat Queens, Vol. 3: Demons (Rat Queens (Collected Editions) #11-15)",N/A,Sequential Art,3,£50.40,2026-05-26 09:19:09
"Princess Jellyfish 2-in-1 Omnibus, Vol. 01 (Princess Jellyfish 2-in-1 Omnibus #1)",N/A,Sequential Art,5,£13.61,2026-05-26 09:19:10
Princess Between Worlds (Wide-Awake Princess #5),N/A,Fantasy,5,£13.34,2026-05-26 09:19:12
"Pop Gun War, Volume 1: Gift",N/A,Sequential Art,1,£18.97,2026-05-26 09:19:13
"Political Suicide: Missteps, Peccadilloes, Bad Calls, Backroom Hijinx, Sordid Pasts, Rotten Breaks, and Just Plain Dumb Mistakes in the Annals of American Politics",N/A,History,2,£36.28,2026-05-26 09:19:14
Patience,N/A,Sequential Art,3,£10.16,2026-05-26 09:19:15
"Outcast, Vol. 1: A Darkness Surrounds Him (Outcast #1)",N/A,Sequential Art,4,£15.44,2026-05-26 09:19:17
orange: The Complete Collection 1 (orange: The Complete Collection #1),N/A,Sequential Art,1,£48.41,2026-05-26 09:19:19
Online Marketing for Busy Authors: A Step-By-Step Guide,N/A,Self Help,1,£46.35,2026-05-26 09:19:20
On a Midnight Clear,N/A,Add a comment,3,£14.07,2026-05-26 09:19:21
Obsidian (Lux #1),N/A,Young Adult,2,£14.86,2026-05-26 09:19:23
My Paris Kitchen: Recipes and Stories,N/A,Food and Drink,2,£33.37,2026-05-26 09:19:24
Masks and Shadows,N/A,Fantasy,2,£56.40,2026-05-26 09:19:25
"Mama Tried: Traditional Italian Cooking for the Screwed, Crude, Vegan, and Tattooed",N/A,Food and Drink,4,£14.02,2026-05-26 09:19:26
"Lumberjanes, Vol. 2: Friendship to the Max (Lumberjanes #5-8)",N/A,Sequential Art,2,£46.91,2026-05-26 09:19:28
"Lumberjanes, Vol. 1: Beware the Kitten Holy (Lumberjanes #1-4)",N/A,Sequential Art,3,£45.61,2026-05-26 09:19:30
Lumberjanes Vol. 3: A Terrible Plan (Lumberjanes #9-12),N/A,Sequential Art,2,£19.92,2026-05-26 09:19:31
"Layered: Baking, Building, and Styling Spectacular Cakes",N/A,Food and Drink,1,£40.11,2026-05-26 09:19:32
Judo: Seven Steps to Black Belt (an Introductory Guide for Beginners),N/A,Add a comment,2,£53.90,2026-05-26 09:19:33
Join,N/A,Science Fiction,5,£35.67,2026-05-26 09:19:34
In the Country We Love: My Family Divided,N/A,Nonfiction,4,£22.00,2026-05-26 09:19:35
Immunity: How Elie Metchnikoff Changed the Course of Modern Medicine,N/A,Science,5,£57.36,2026-05-26 09:19:36
"I Hate Fairyland, Vol. 1: Madly Ever After (I Hate Fairyland (Compilations) #1-5)",N/A,Sequential Art,2,£29.17,2026-05-26 09:19:38
I am a Hero Omnibus Volume 1,N/A,Sequential Art,3,£54.63,2026-05-26 09:19:39
How to Be Miserable: 40 Strategies You Already Use,N/A,Self Help,1,£46.03,2026-05-26 09:19:42
Her Backup Boyfriend (The Sorensen Family #1),N/A,Romance,1,£33.97,2026-05-26 09:19:43
"Giant Days, Vol. 2 (Giant Days #5-8)",N/A,Sequential Art,2,£22.11,2026-05-26 09:19:44
Forever and Forever: The Courtship of Henry Longfellow and Fanny Appleton,N/A,Historical Fiction,3,£29.69,2026-05-26 09:19:45
First and First (Five Boroughs #3),N/A,Romance,4,£15.97,2026-05-26 09:19:47
Fifty Shades Darker (Fifty Shades #2),N/A,Romance,1,£21.96,2026-05-26 09:19:48
Everydata: The Misinformation Hidden in the Little Data You Consume Every Day,N/A,Nonfiction,2,£54.35,2026-05-26 09:19:49
"Don't Be a Jerk: And Other Practical Advice from Dogen, Japan's Greatest Zen Master",N/A,Religion,2,£37.97,2026-05-26 09:19:50
Danganronpa Volume 1,N/A,Sequential Art,4,£51.99,2026-05-26 09:19:51
Crown of Midnight (Throne of Glass #2),N/A,Fantasy,3,£43.29,2026-05-26 09:19:53
"Codename Baboushka, Volume 1: The Conclave of Death",N/A,Sequential Art,4,£36.72,2026-05-26 09:19:54
Camp Midnight,N/A,Sequential Art,4,£17.08,2026-05-26 09:19:55
Call the Nurse: True Stories of a Country Nurse on a Scottish Isle,N/A,Nonfiction,5,£29.14,2026-05-26 09:19:56
Burning,N/A,Young Adult,3,£28.81,2026-05-26 09:19:57
Bossypants,N/A,Default,2,£49.46,2026-05-26 09:19:58
"Bitch Planet, Vol. 1: Extraordinary Machine (Bitch Planet (Collected Editions))",N/A,Sequential Art,2,£37.92,2026-05-26 09:20:00
"Avatar: The Last Airbender: Smoke and Shadow, Part 3 (Smoke and Shadow #3)",N/A,Fantasy,2,£28.09,2026-05-26 09:20:01
Algorithms to Live By: The Computer Science of Human Decisions,N/A,Nonfiction,1,£30.81,2026-05-26 09:20:02
A World of Flavor: Your Gluten Free Passport,N/A,Default,1,£42.95,2026-05-26 09:20:03
"A Piece of Sky, a Grain of Rice: A Memoir in Four Meditations",N/A,Default,5,£56.76,2026-05-26 09:20:04
A Murder in Time,N/A,Mystery,1,£16.64,2026-05-26 09:20:05
A Flight of Arrows (The Pathfinders #2),N/A,Historical Fiction,5,£55.53,2026-05-26 09:20:06
A Fierce and Subtle Poison,N/A,Young Adult,4,£28.13,2026-05-26 09:20:08
A Court of Thorns and Roses (A Court of Thorns and Roses #1),N/A,Fantasy,1,£52.37,2026-05-26 09:20:09
(Un)Qualified: How God Uses Broken People to Do Big Things,N/A,Christian,5,£54.00,2026-05-26 09:20:10
You Are What You Love: The Spiritual Power of Habit,N/A,Religion,4,£21.87,2026-05-26 09:20:11
"William Shakespeare's Star Wars: Verily, A New Hope (William Shakespeare's Star Wars #4)",N/A,Science Fiction,4,£43.30,2026-05-26 09:20:12
Tuesday Nights in 1980,N/A,Fiction,2,£21.04,2026-05-26 09:20:13
Tracing Numbers on a Train,N/A,Default,3,£41.60,2026-05-26 09:20:15
Throne of Glass (Throne of Glass #1),N/A,Fantasy,3,£35.07,2026-05-26 09:20:16
Thomas Jefferson and the Tripoli Pirates: The Forgotten War That Changed American History,N/A,History,1,£59.64,2026-05-26 09:20:18
Thirteen Reasons Why,N/A,Default,1,£52.72,2026-05-26 09:20:19
The White Cat and the Monk: A Retelling of the Poem “Pangur Bán”,N/A,Childrens,4,£58.08,2026-05-26 09:20:20
The Wedding Dress,N/A,Romance,1,£24.12,2026-05-26 09:20:21
The Vacationers,N/A,Fiction,4,£42.15,2026-05-26 09:20:23
The Third Wave: An Entrepreneur’s Vision of the Future,N/A,Business,5,£12.61,2026-05-26 09:20:24
The Stranger,N/A,Philosophy,4,£17.44,2026-05-26 09:20:25
The Shadow Hero (The Shadow Hero),N/A,Sequential Art,1,£33.14,2026-05-26 09:20:27
The Secret (The Secret #1),N/A,Default,4,£27.37,2026-05-26 09:20:28
The Regional Office Is Under Attack!,N/A,Fiction,5,£51.36,2026-05-26 09:20:30
The Psychopath Test: A Journey Through the Madness Industry,N/A,Default,2,£36.00,2026-05-26 09:20:31
The Project,N/A,Science Fiction,1,£10.65,2026-05-26 09:20:33
The Power of Now: A Guide to Spiritual Enlightenment,N/A,Nonfiction,2,£43.54,2026-05-26 09:20:34
The Omnivore's Dilemma: A Natural History of Four Meals,N/A,Nonfiction,2,£38.21,2026-05-26 09:20:35
The Nerdy Nummies Cookbook: Sweet Treats for the Geek in All of Us,N/A,Food and Drink,5,£37.34,2026-05-26 09:20:37
The Murder of Roger Ackroyd (Hercule Poirot #4),N/A,Mystery,4,£44.10,2026-05-26 09:20:38
The Mistake (Off-Campus #2),N/A,New Adult,3,£43.29,2026-05-26 09:20:39
The Matchmaker's Playbook (Wingmen Inc. #1),N/A,New Adult,1,£55.85,2026-05-26 09:20:41
The Love and Lemons Cookbook: An Apple-to-Zucchini Celebration of Impromptu Cooking,N/A,Food and Drink,2,£37.60,2026-05-26 09:20:42
The Long Shadow of Small Ghosts: Murder and Memory in an American City,N/A,Crime,1,£10.97,2026-05-26 09:20:43
The Kite Runner,N/A,Default,4,£41.82,2026-05-26 09:20:45
The House by the Lake,N/A,Historical Fiction,1,£36.95,2026-05-26 09:20:46
The Glittering Court (The Glittering Court #1),N/A,Fantasy,1,£44.28,2026-05-26 09:20:48
The Girl on the Train,N/A,Default,2,£55.02,2026-05-26 09:20:50
The Genius of Birds,N/A,Nonfiction,1,£17.24,2026-05-26 09:20:51
The Emerald Mystery,N/A,Default,2,£23.15,2026-05-26 09:20:52
The Cookies & Cups Cookbook: 125+ sweet & savory recipes reminding you to Always Eat Dessert First,N/A,Food and Drink,1,£41.25,2026-05-26 09:20:54
The Bridge to Consciousness: I'm Writing the Bridge Between Science and Our Old and New Beliefs.,N/A,Default,3,£32.00,2026-05-26 09:20:55
The Artist's Way: A Spiritual Path to Higher Creativity,N/A,Nonfiction,5,£38.49,2026-05-26 09:20:56
The Art of War,N/A,Default,5,£33.34,2026-05-26 09:20:57
The Argonauts,N/A,Autobiography,2,£10.93,2026-05-26 09:20:58
The 10% Entrepreneur: Live Your Startup Dream Without Quitting Your Day Job,N/A,Business,3,£27.55,2026-05-26 09:20:59
Suddenly in Love (Lake Haven #1),N/A,Romance,2,£55.99,2026-05-26 09:21:01
Something More Than This,N/A,Romance,4,£16.24,2026-05-26 09:21:02
Soft Apocalypse,N/A,Science Fiction,2,£26.12,2026-05-26 09:21:03
So You've Been Publicly Shamed,N/A,Nonfiction,2,£12.23,2026-05-26 09:21:04
Shoe Dog: A Memoir by the Creator of NIKE,N/A,Business,2,£23.99,2026-05-26 09:21:06
"Shobu Samurai, Project Aryoku (#3)",N/A,Add a comment,3,£29.06,2026-05-26 09:21:07
Secrets and Lace (Fatal Hearts #1),N/A,Default,1,£20.27,2026-05-26 09:21:08
Scarlett Epstein Hates It Here,N/A,Young Adult,5,£43.55,2026-05-26 09:21:09
Romero and Juliet: A Tragic Tale of Love and Zombies,N/A,Default,1,£36.94,2026-05-26 09:21:10
Redeeming Love,N/A,Christian Fiction,5,£20.47,2026-05-26 09:21:11
Poses for Artists Volume 1 - Dynamic and Sitting Poses: An Essential Reference for Figure Drawing and the Human Form,N/A,Default,1,£41.06,2026-05-26 09:21:13
Poems That Make Grown Women Cry,N/A,Poetry,4,£14.19,2026-05-26 09:21:14
"Nightingale, Sing",N/A,Young Adult,1,£38.28,2026-05-26 09:21:15
Night Sky with Exit Wounds,N/A,Poetry,1,£41.05,2026-05-26 09:21:16
Mrs. Houdini,N/A,Historical Fiction,5,£30.25,2026-05-26 09:21:17
Modern Romance,N/A,Add a comment,5,£28.26,2026-05-26 09:21:18
Miss Peregrine’s Home for Peculiar Children (Miss Peregrine’s Peculiar Children #1),N/A,Default,1,£10.76,2026-05-26 09:21:19
Louisa: The Extraordinary Life of Mrs. Adams,N/A,Biography,2,£16.85,2026-05-26 09:21:21
Little Red,N/A,Childrens,3,£13.47,2026-05-26 09:21:22
Library of Souls (Miss Peregrine’s Peculiar Children #3),N/A,Young Adult,5,£48.56,2026-05-26 09:21:23
Large Print Heart of the Pride,N/A,Default,2,£19.15,2026-05-26 09:21:27
I Had a Nice Time And Other Lies...: How to find love & sh*t like that,N/A,Womens Fiction,4,£57.36,2026-05-26 09:21:29
Hollow City (Miss Peregrine’s Peculiar Children #2),N/A,Fantasy,1,£42.98,2026-05-26 09:21:33
Grumbles,N/A,Default,2,£22.16,2026-05-26 09:21:34
Full Moon over Noah’s Ark: An Odyssey to Mount Ararat and Beyond,N/A,Travel,4,£49.43,2026-05-26 09:21:37
Frostbite (Vampire Academy #2),N/A,Young Adult,5,£29.99,2026-05-26 09:21:38
Follow You Home,N/A,Horror,1,£21.36,2026-05-26 09:21:40
First Steps for New Christians (Print Edition),N/A,Default,1,£29.00,2026-05-26 09:21:42
Finders Keepers (Bill Hodges Trilogy #2),N/A,Fiction,5,£53.53,2026-05-26 09:21:43
"Fables, Vol. 1: Legends in Exile (Fables #1)",N/A,Sequential Art,4,£41.62,2026-05-26 09:21:44
Eureka Trivia 6.0,N/A,Default,4,£54.59,2026-05-26 09:21:46
Drive: The Surprising Truth About What Motivates Us,N/A,Default,4,£34.95,2026-05-26 09:21:47
Done Rubbed Out (Reightman & Bailey #1),N/A,Default,5,£37.72,2026-05-26 09:21:48
Doing It Over (Most Likely To #1),N/A,Romance,3,£35.61,2026-05-26 09:21:49
"Deliciously Ella Every Day: Quick and Easy Recipes for Gluten-Free Snacks, Packed Lunches, and Simple Meals",N/A,Food and Drink,3,£42.16,2026-05-26 09:21:50
Dark Notes,N/A,Erotica,5,£19.19,2026-05-26 09:21:52
"Daring Greatly: How the Courage to Be Vulnerable Transforms the Way We Live, Love, Parent, and Lead",N/A,Nonfiction,3,£19.43,2026-05-26 09:21:53
Close to You,N/A,Christian Fiction,4,£49.46,2026-05-26 09:21:54
Chasing Heaven: What Dying Taught Me About Living,N/A,Spirituality,2,£37.80,2026-05-26 09:21:55
Big Magic: Creative Living Beyond Fear,N/A,Nonfiction,3,£30.80,2026-05-26 09:21:56
Becoming Wise: An Inquiry into the Mystery and Art of Living,N/A,Nonfiction,2,£27.43,2026-05-26 09:21:58
Beauty Restored (Riley Family Legacy Novellas #3),N/A,Default,2,£11.11,2026-05-26 09:21:59
Batman: The Long Halloween (Batman),N/A,Sequential Art,2,£36.50,2026-05-26 09:22:01
Batman: The Dark Knight Returns (Batman),N/A,Sequential Art,5,£15.38,2026-05-26 09:22:02
Ayumi's Violin,N/A,Default,2,£15.48,2026-05-26 09:22:03
Anonymous,N/A,Default,4,£46.82,2026-05-26 09:22:04
Amy Meets the Saints and Sages,N/A,Default,3,£18.46,2026-05-26 09:22:05
Amid the Chaos,N/A,Cultural,1,£36.58,2026-05-26 09:22:07
Amatus,N/A,Default,5,£50.54,2026-05-26 09:22:08
Agnostic: A Spirited Manifesto,N/A,Nonfiction,5,£12.51,2026-05-26 09:22:09
Zealot: The Life and Times of Jesus of Nazareth,N/A,History,3,£24.70,2026-05-26 09:22:10
You (You #1),N/A,Thriller,5,£43.61,2026-05-26 09:22:12
"Wonder Woman: Earth One, Volume One (Wonder Woman: Earth One #1)",N/A,Sequential Art,4,£37.34,2026-05-26 09:22:13
Wild Swans,N/A,Young Adult,2,£14.36,2026-05-26 09:22:14
Why the Right Went Wrong: Conservatism--From Goldwater to the Tea Party and Beyond,N/A,Politics,4,£52.65,2026-05-26 09:22:15
Whole Lotta Creativity Going On: 60 Fun and Unusual Exercises to Awaken and Strengthen Your Creativity,N/A,Nonfiction,4,£38.20,2026-05-26 09:22:17
What's It Like in Space?: Stories from Astronauts Who've Been There,N/A,Nonfiction,2,£19.60,2026-05-26 09:22:18
"We Are Robin, Vol. 1: The Vigilante Business (We Are Robin #1)",N/A,Sequential Art,1,£53.90,2026-05-26 09:22:19
Walt Disney's Alice in Wonderland,N/A,Childrens,5,£12.96,2026-05-26 09:22:20
V for Vendetta (V for Vendetta Complete),N/A,Default,4,£37.10,2026-05-26 09:22:21
Until Friday Night (The Field Party #1),N/A,Young Adult,2,£46.31,2026-05-26 09:22:22
"Unbroken: A World War II Story of Survival, Resilience, and Redemption",N/A,Default,2,£45.95,2026-05-26 09:22:23
Twenty Yawns,N/A,Childrens,2,£22.08,2026-05-26 09:22:25
Through the Woods,N/A,Sequential Art,2,£25.38,2026-05-26 09:22:27
This Is Where It Ends,N/A,Young Adult,2,£27.12,2026-05-26 09:22:28
The Year of Magical Thinking,N/A,Nonfiction,2,£43.04,2026-05-26 09:22:30
The Wright Brothers,N/A,Default,4,£56.80,2026-05-26 09:22:31
The White Queen (The Cousins' War #1),N/A,Add a comment,5,£25.91,2026-05-26 09:22:32
The Wedding Pact (The O'Malleys #2),N/A,Romance,3,£32.61,2026-05-26 09:22:33
The Time Keeper,N/A,Fiction,5,£27.88,2026-05-26 09:22:34
The Testament of Mary,N/A,Fiction,4,£52.67,2026-05-26 09:22:35
The Star-Touched Queen,N/A,Fantasy,5,£46.02,2026-05-26 09:22:36
The Songs of the Gods,N/A,Default,5,£44.48,2026-05-26 09:22:38
The Song of Achilles,N/A,Add a comment,5,£37.40,2026-05-26 09:22:39
The Rosie Project (Don Tillman #1),N/A,Default,1,£54.04,2026-05-26 09:22:40
The Power of Habit: Why We Do What We Do in Life and Business,N/A,Default,3,£16.88,2026-05-26 09:22:41
The Marriage of Opposites,N/A,Historical Fiction,4,£28.08,2026-05-26 09:22:44
The Lucifer Effect: Understanding How Good People Turn Evil,N/A,Psychology,1,£10.40,2026-05-26 09:22:45
The Long Haul (Diary of a Wimpy Kid #9),N/A,Humor,1,£44.07,2026-05-26 09:22:46
The Loney,N/A,Horror,1,£23.40,2026-05-26 09:22:50
The Literature Book (Big Ideas Simply Explained),N/A,Nonfiction,3,£17.43,2026-05-26 09:22:51
The Last Mile (Amos Decker #2),N/A,Mystery,2,£54.21,2026-05-26 09:22:52
The Immortal Life of Henrietta Lacks,N/A,Add a comment,2,£40.67,2026-05-26 09:22:53
The Hidden Oracle (The Trials of Apollo #1),N/A,Fantasy,2,£52.26,2026-05-26 09:22:58
The Help Yourself Cookbook for Kids: 60 Easy Plant-Based Recipes Kids Can Make to Stay Healthy and Save the Earth,N/A,Food and Drink,3,£28.77,2026-05-26 09:22:59
The Guilty (Will Robie #4),N/A,Thriller,2,£13.82,2026-05-26 09:23:00
The First Hostage (J.B. Collins #2),N/A,Fiction,3,£25.85,2026-05-26 09:23:02
The Dovekeepers,N/A,Add a comment,1,£48.78,2026-05-26 09:23:03
The Darkest Lie,N/A,Young Adult,5,£35.35,2026-05-26 09:23:04
The Bane Chronicles (The Bane Chronicles #1-11),N/A,Fantasy,4,£44.73,2026-05-26 09:23:07
The Bad-Ass Librarians of Timbuktu: And Their Race to Save the World’s Most Precious Manuscripts,N/A,Nonfiction,1,£15.77,2026-05-26 09:23:08
The 14th Colony (Cotton Malone #11),N/A,Thriller,1,£39.24,2026-05-26 09:23:10
That Darkness (Gardiner and Renner #1),N/A,Mystery,1,£13.92,2026-05-26 09:23:11
Tastes Like Fear (DI Marnie Rome #3),N/A,Mystery,1,£10.69,2026-05-26 09:23:12
Take Me with You,N/A,Fiction,3,£45.21,2026-05-26 09:23:13
Swell: A Year of Waves,N/A,Nonfiction,1,£45.58,2026-05-26 09:23:15
Superman Vol. 1: Before Truth (Superman by Gene Luen Yang #1),N/A,Sequential Art,5,£11.89,2026-05-26 09:23:16
Still Life with Bread Crumbs,N/A,Fiction,3,£26.41,2026-05-26 09:23:17
Steve Jobs,N/A,Default,5,£39.50,2026-05-26 09:23:18
Sorting the Beef from the Bull: The Science of Food Fraud Forensics,N/A,Science,4,£44.74,2026-05-26 09:23:20
Someone Like You (The Harrisons #2),N/A,Contemporary,5,£52.79,2026-05-26 09:23:21
"So Cute It Hurts!!, Vol. 6 (So Cute It Hurts!! #6)",N/A,Sequential Art,4,£35.43,2026-05-26 09:23:22
Shtum,N/A,Fiction,4,£55.84,2026-05-26 09:23:24
See America: A Celebration of Our National Parks & Treasured Sites,N/A,Travel,3,£48.87,2026-05-26 09:23:25
salt.,N/A,Poetry,4,£46.78,2026-05-26 09:23:26
Robin War,N/A,Sequential Art,3,£47.82,2026-05-26 09:23:28
"Red Hood/Arsenal, Vol. 1: Open for Business (Red Hood/Arsenal #1)",N/A,Sequential Art,2,£25.48,2026-05-26 09:23:29
Rain Fish,N/A,Childrens,3,£23.57,2026-05-26 09:23:30
"Quarter Life Poetry: Poems for the Young, Broke and Hangry",N/A,Poetry,5,£50.89,2026-05-26 09:23:31
Pet Sematary,N/A,Horror,3,£10.56,2026-05-26 09:23:32
"Overload: How to Unplug, Unwind, and Unleash Yourself from the Pressure of Stress",N/A,Self Help,3,£52.15,2026-05-26 09:23:34
Once Was a Time,N/A,Childrens,2,£18.28,2026-05-26 09:23:35
Old School (Diary of a Wimpy Kid #10),N/A,Humor,5,£11.83,2026-05-26 09:23:36
No Dream Is Too High: Life Lessons From a Man Who Walked on the Moon,N/A,Nonfiction,2,£21.95,2026-05-26 09:23:37
"Naruto (3-in-1 Edition), Vol. 14: Includes Vols. 40, 41 & 42 (Naruto: Omnibus #14)",N/A,Sequential Art,2,£38.39,2026-05-26 09:23:39
My Name Is Lucy Barton,N/A,Fiction,1,£41.56,2026-05-26 09:23:40
My Mrs. Brown,N/A,Fiction,3,£24.48,2026-05-26 09:23:41
My Kind of Crazy,N/A,Young Adult,1,£40.36,2026-05-26 09:23:42
Mr. Mercedes (Bill Hodges Trilogy #1),N/A,Fiction,1,£28.90,2026-05-26 09:23:43
More Than Music (Chasing the Dream #1),N/A,Add a comment,2,£37.61,2026-05-26 09:23:45
Made to Stick: Why Some Ideas Survive and Others Die,N/A,Business,5,£38.85,2026-05-26 09:23:48
Luis Paints the World,N/A,Childrens,3,£53.95,2026-05-26 09:23:49
Luckiest Girl Alive,N/A,Default,3,£49.83,2026-05-26 09:23:50
Lowriders to the Center of the Earth (Lowriders in Space #2),N/A,Sequential Art,2,£51.51,2026-05-26 09:23:51
Love Is a Mix Tape (Music #1),N/A,Music,1,£18.03,2026-05-26 09:23:53
Looking for Lovely: Collecting the Moments that Matter,N/A,Nonfiction,5,£29.14,2026-05-26 09:23:54
"Living Leadership by Insight: A Good Leader Achieves, a Great Leader Builds Monuments",N/A,Default,4,£46.91,2026-05-26 09:23:55
Let It Out: A Journey Through Journaling,N/A,Nonfiction,5,£26.79,2026-05-26 09:23:57
Lady Midnight (The Dark Artifices #1),N/A,Default,5,£16.28,2026-05-26 09:23:59
"It's All Easy: Healthy, Delicious Weeknight Meals in under 30 Minutes",N/A,Food and Drink,1,£19.55,2026-05-26 09:24:00
Island of Dragons (Unwanteds #7),N/A,Fantasy,1,£29.65,2026-05-26 09:24:01
I Know What I'm Doing -- and Other Lies I Tell Myself: Dispatches from a Life Under Construction,N/A,Humor,4,£25.98,2026-05-26 09:24:02
I Am Pilgrim (Pilgrim #1),N/A,Fiction,4,£10.60,2026-05-26 09:24:04
"Hyperbole and a Half: Unfortunate Situations, Flawed Coping Mechanisms, Mayhem, and Other Things That Happened",N/A,Humor,5,£14.75,2026-05-26 09:24:05
"Hush, Hush (Hush, Hush #1)",N/A,Default,3,£47.02,2026-05-26 09:24:06
Hold Your Breath (Search and Rescue #1),N/A,Romance,1,£28.82,2026-05-26 09:24:08
Hamilton: The Revolution,N/A,Nonfiction,3,£58.79,2026-05-26 09:24:09
Greek Mythic History,N/A,Default,5,£10.23,2026-05-26 09:24:10
God: The Most Unpleasant Character in All Fiction,N/A,Religion,5,£30.03,2026-05-26 09:24:11
Glory over Everything: Beyond The Kitchen House,N/A,Historical Fiction,3,£45.84,2026-05-26 09:24:13
Feathers: Displays of Brilliant Plumage,N/A,Art,3,£49.05,2026-05-26 09:24:14
"Far & Away: Places on the Brink of Change: Seven Continents, Twenty-Five Years",N/A,Nonfiction,4,£15.06,2026-05-26 09:24:15
Every Last Word,N/A,Default,3,£46.47,2026-05-26 09:24:16
Eligible (The Austen Project #4),N/A,Fiction,3,£27.09,2026-05-26 09:24:17
El Deafo,N/A,Sequential Art,5,£57.62,2026-05-26 09:24:20
Eight Hundred Grapes,N/A,Fiction,4,£14.39,2026-05-26 09:24:21
"Eaternity: More than 150 Deliciously Easy Vegan Recipes for a Long, Healthy, Satisfied, Joyful Life",N/A,Nonfiction,5,£51.75,2026-05-26 09:24:22
"Eat Fat, Get Thin",N/A,Health,2,£54.07,2026-05-26 09:24:24
Don't Get Caught,N/A,Young Adult,1,£55.35,2026-05-26 09:24:25
Doctor Sleep (The Shining #2),N/A,Horror,2,£40.12,2026-05-26 09:24:29
Demigods & Magicians: Percy and Annabeth Meet the Kanes (Percy Jackson & Kane Chronicles Crossover #1-3),N/A,Fantasy,5,£37.51,2026-05-26 09:24:30
Dear Mr. Knightley,N/A,Fiction,5,£11.21,2026-05-26 09:24:32
Daily Fantasy Sports,N/A,Default,1,£36.58,2026-05-26 09:24:33
Crazy Love: Overwhelmed by a Relentless God,N/A,Christian,2,£47.72,2026-05-26 09:24:34
Cometh the Hour (The Clifton Chronicles #6),N/A,Fiction,3,£25.01,2026-05-26 09:24:35
Code Name Verity (Code Name Verity #1),N/A,Add a comment,4,£22.13,2026-05-26 09:24:37
Clockwork Angel (The Infernal Devices #1),N/A,Default,1,£44.14,2026-05-26 09:24:38
City of Glass (The Mortal Instruments #3),N/A,Fantasy,4,£56.02,2026-05-26 09:24:40
City of Fallen Angels (The Mortal Instruments #4),N/A,Default,4,£11.23,2026-05-26 09:24:42
City of Bones (The Mortal Instruments #1),N/A,Default,1,£43.28,2026-05-26 09:24:43
City of Ashes (The Mortal Instruments #2),N/A,Default,1,£47.27,2026-05-26 09:24:45
Cell,N/A,Add a comment,4,£20.29,2026-05-26 09:24:46
Catching Jordan (Hundred Oaks),N/A,Young Adult,3,£50.83,2026-05-26 09:24:47
"Carry On, Warrior: Thoughts on Life Unarmed",N/A,Default,3,£31.85,2026-05-26 09:24:48
Carrie,N/A,Default,2,£46.23,2026-05-26 09:24:49
Buying In: The Secret Dialogue Between What We Buy and Who We Are,N/A,Nonfiction,4,£37.80,2026-05-26 09:24:51
Brain on Fire: My Month of Madness,N/A,Nonfiction,5,£49.32,2026-05-26 09:24:52
Batman: Europa,N/A,Sequential Art,2,£32.01,2026-05-26 09:24:53
Barefoot Contessa Back to Basics,N/A,Food and Drink,1,£28.01,2026-05-26 09:24:54
Barefoot Contessa at Home: Everyday Recipes You'll Make Over and Over Again,N/A,Food and Drink,5,£50.62,2026-05-26 09:24:56
Balloon Animals,N/A,Fiction,3,£17.03,2026-05-26 09:24:57
Art Ops Vol. 1,N/A,Sequential Art,3,£48.80,2026-05-26 09:24:58
Aristotle and Dante Discover the Secrets of the Universe (Aristotle and Dante Discover the Secrets of the Universe #1),N/A,Young Adult,4,£58.14,2026-05-26 09:24:59
Angels Walking (Angels Walking #1),N/A,Add a comment,2,£34.20,2026-05-26 09:25:00
Angels & Demons (Robert Langdon #1),N/A,Default,3,£51.48,2026-05-26 09:25:01
All the Light We Cannot See,N/A,Historical,5,£29.87,2026-05-26 09:25:03
"Adulthood Is a Myth: A ""Sarah's Scribbles"" Collection",N/A,Sequential Art,2,£10.90,2026-05-26 09:25:04
Abstract City,N/A,Nonfiction,5,£56.37,2026-05-26 09:25:05
A Time of Torment (Charlie Parker #14),N/A,Mystery,5,£48.35,2026-05-26 09:25:07
A Study in Scarlet (Sherlock Holmes #1),N/A,Mystery,2,£16.73,2026-05-26 09:25:08
"A Series of Catastrophes and Miracles: A True Story of Love, Science, and Cancer",N/A,Add a comment,2,£56.48,2026-05-26 09:25:09
A People's History of the United States,N/A,Add a comment,2,£40.79,2026-05-26 09:25:11
A Man Called Ove,N/A,Fiction,1,£39.72,2026-05-26 09:25:12
A Distant Mirror: The Calamitous 14th Century,N/A,History,3,£14.58,2026-05-26 09:25:13
A Brush of Wings (Angels Walking #3),N/A,Add a comment,1,£55.51,2026-05-26 09:25:15
1491: New Revelations of the Americas Before Columbus,N/A,History,3,£21.80,2026-05-26 09:25:16
"The Three Searches, Meaning, and the Story",N/A,Default,3,£13.33,2026-05-26 09:25:17
Searching for Meaning in Gailana,N/A,Fantasy,1,£38.73,2026-05-26 09:25:19
Rook,N/A,Add a comment,4,£37.86,2026-05-26 09:25:20
My Kitchen Year: 136 Recipes That Saved My Life,N/A,Food and Drink,2,£11.53,2026-05-26 09:25:22
13 Hours: The Inside Account of What Really Happened In Benghazi,N/A,Nonfiction,1,£27.06,2026-05-26 09:25:23
Will You Won't You Want Me?,N/A,Womens Fiction,3,£13.86,2026-05-26 09:25:24
Tipping Point for Planet Earth: How Close Are We to the Edge?,N/A,Science,1,£37.55,2026-05-26 09:25:25
The Star-Touched Queen,N/A,Fantasy,5,£32.30,2026-05-26 09:25:27
The Silent Sister (Riley MacPherson #1),N/A,Fiction,5,£46.29,2026-05-26 09:25:28
The Midnight Watch: A Novel of the Titanic and the Californian,N/A,Add a comment,1,£26.20,2026-05-26 09:25:29
The Lonely City: Adventures in the Art of Being Alone,N/A,Nonfiction,2,£33.26,2026-05-26 09:25:30
The Gray Rhino: How to Recognize and Act on the Obvious Dangers We Ignore,N/A,Add a comment,4,£59.15,2026-05-26 09:25:31
The Golden Condom: And Other Essays on Love Lost and Found,N/A,Psychology,1,£39.43,2026-05-26 09:25:32
The Epidemic (The Program 0.6),N/A,Young Adult,5,£14.44,2026-05-26 09:25:34
The Dinner Party,N/A,Fiction,2,£56.54,2026-05-26 09:25:35
The Diary of a Young Girl,N/A,Nonfiction,3,£59.90,2026-05-26 09:25:36
The Children,N/A,Add a comment,3,£11.88,2026-05-26 09:25:37
Stars Above (The Lunar Chronicles #4.5),N/A,Young Adult,2,£48.05,2026-05-26 09:25:39
Snatched: How A Drug Queen Went Undercover for the DEA and Was Kidnapped By Colombian Guerillas,N/A,Nonfiction,3,£21.21,2026-05-26 09:25:40
Raspberry Pi Electronics Projects for the Evil Genius,N/A,Default,4,£49.67,2026-05-26 09:25:41
Quench Your Own Thirst: Business Lessons Learned Over a Beer or Two,N/A,Business,1,£43.14,2026-05-26 09:25:42
Psycho: Sanitarium (Psycho #1.5),N/A,Horror,5,£36.97,2026-05-26 09:25:44
Poisonous (Max Revere Novels #3),N/A,Mystery,3,£26.80,2026-05-26 09:25:45
One with You (Crossfire #5),N/A,Add a comment,4,£15.71,2026-05-26 09:25:47
No Love Allowed (Dodge Cove #1),N/A,Young Adult,4,£54.65,2026-05-26 09:25:48
Murder at the 42nd Street Library (Raymond Ambler #1),N/A,Mystery,4,£54.36,2026-05-26 09:25:49
Most Wanted,N/A,Mystery,3,£35.28,2026-05-26 09:25:50
"Love, Lies and Spies",N/A,Historical Fiction,2,£20.55,2026-05-26 09:25:52
How to Speak Golf: An Illustrated Guide to Links Lingo,N/A,Default,5,£58.32,2026-05-26 09:25:53
Hide Away (Eve Duncan #20),N/A,Mystery,1,£11.84,2026-05-26 09:25:54
Furiously Happy: A Funny Book About Horrible Things,N/A,Nonfiction,4,£41.46,2026-05-26 09:25:55
Everyday Italian: 125 Simple and Delicious Recipes,N/A,Food and Drink,5,£20.10,2026-05-26 09:25:57
Equal Is Unfair: America's Misguided Fight Against Income Inequality,N/A,Politics,1,£56.86,2026-05-26 09:25:58
Eleanor & Park,N/A,Default,5,£56.51,2026-05-26 09:25:59
Dirty (Dive Bar #1),N/A,Romance,4,£40.83,2026-05-26 09:26:00
Can You Keep a Secret? (Fear Street Relaunch #4),N/A,Horror,1,£48.64,2026-05-26 09:26:01
Boar Island (Anna Pigeon #19),N/A,Mystery,3,£59.48,2026-05-26 09:26:03
A Paris Apartment,N/A,Historical Fiction,4,£39.01,2026-05-26 09:26:04
"A la Mode: 120 Recipes in 60 Pairings: Pies, Tarts, Cakes, Crisps, and More Topped with Ice Cream, Gelato, Frozen Custard, and More",N/A,Food and Drink,1,£38.77,2026-05-26 09:26:06
Troublemaker: Surviving Hollywood and Scientology,N/A,Default,2,£48.39,2026-05-26 09:26:07
The Widow,N/A,Mystery,2,£27.26,2026-05-26 09:26:08
"The Sleep Revolution: Transforming Your Life, One Night at a Time",N/A,Nonfiction,4,£11.68,2026-05-26 09:26:09
The Improbability of Love,N/A,Fiction,1,£59.45,2026-05-26 09:26:11
The Art of Startup Fundraising,N/A,Business,3,£21.00,2026-05-26 09:26:12
Take Me Home Tonight (Rock Star Romance #3),N/A,Romance,3,£53.98,2026-05-26 09:26:13
Sleeping Giants (Themis Files #1),N/A,Science Fiction,1,£48.74,2026-05-26 09:26:18
"Setting the World on Fire: The Brief, Astonishing Life of St. Catherine of Siena",N/A,Biography,2,£21.15,2026-05-26 09:26:19
Playing with Fire,N/A,Mystery,3,£13.71,2026-05-26 09:26:21
Off the Hook (Fishing for Trouble #1),N/A,Romance,3,£47.67,2026-05-26 09:26:22
Mothering Sunday,N/A,Fiction,2,£13.34,2026-05-26 09:26:23
"Mother, Can You Not?",N/A,Nonfiction,5,£16.89,2026-05-26 09:26:24
M Train,N/A,Autobiography,1,£27.18,2026-05-26 09:26:25
Lilac Girls,N/A,Historical Fiction,2,£17.28,2026-05-26 09:26:26
Lies and Other Acts of Love,N/A,Fiction,1,£45.14,2026-05-26 09:26:28
Lab Girl,N/A,Autobiography,1,£40.85,2026-05-26 09:26:29
Keep Me Posted,N/A,Womens Fiction,4,£20.46,2026-05-26 09:26:30
It Didn't Start with You: How Inherited Family Trauma Shapes Who We Are and How to End the Cycle,N/A,Psychology,3,£56.27,2026-05-26 09:26:31
Grey (Fifty Shades #4),N/A,Womens Fiction,4,£48.49,2026-05-26 09:26:33
"Exit, Pursued by a Bear",N/A,Young Adult,4,£51.34,2026-05-26 09:26:34
Daredevils,N/A,Fiction,3,£16.34,2026-05-26 09:26:35
Cravings: Recipes for What You Want to Eat,N/A,Food and Drink,3,£20.50,2026-05-26 09:26:37
Born for This: How to Find the Work You Were Meant to Do,N/A,Business,5,£21.59,2026-05-26 09:26:38
Arena,N/A,Science Fiction,4,£21.36,2026-05-26 09:26:39
Adultery,N/A,Default,5,£20.88,2026-05-26 09:26:41
A Mother's Reckoning: Living in the Aftermath of Tragedy,N/A,Nonfiction,3,£19.53,2026-05-26 09:26:42
A Gentleman's Position (Society of Gentlemen #3),N/A,Romance,5,£14.75,2026-05-26 09:26:44
11/22/63,N/A,Fiction,3,£48.48,2026-05-26 09:26:45
"10% Happier: How I Tamed the Voice in My Head, Reduced Stress Without Losing My Edge, and Found Self-Help That Actually Works",N/A,Nonfiction,2,£24.57,2026-05-26 09:26:46
10-Day Green Smoothie Cleanse: Lose Up to 15 Pounds in 10 Days!,N/A,Health,5,£49.71,2026-05-26 09:26:47
Without Shame,N/A,Add a comment,5,£48.27,2026-05-26 09:26:48
Watchmen,N/A,Add a comment,4,£58.05,2026-05-26 09:26:50
Unlimited Intuition Now,N/A,Default,4,£58.87,2026-05-26 09:26:51
Underlying Notes,N/A,Default,2,£11.82,2026-05-26 09:26:53
The Shack,N/A,Fiction,1,£28.03,2026-05-26 09:26:54
The New Brand You: Your New Image Makes the Sale for You,N/A,Default,5,£44.05,2026-05-26 09:26:55
"The Moosewood Cookbook: Recipes from Moosewood Restaurant, Ithaca, New York",N/A,Food and Drink,4,£12.34,2026-05-26 09:26:56
The Flowers Lied,N/A,Default,2,£16.68,2026-05-26 09:26:58
"The Fabric of the Cosmos: Space, Time, and the Texture of Reality",N/A,Science,1,£55.91,2026-05-26 09:26:59
The Book of Mormon,N/A,Religion,3,£24.57,2026-05-26 09:27:01
The Art and Science of Low Carbohydrate Living,N/A,Health,5,£52.98,2026-05-26 09:27:02
The Alien Club,N/A,Young Adult,1,£54.40,2026-05-26 09:27:04
Suzie Snowflake: One beautiful flake (a self-esteem story),N/A,Novels,5,£54.81,2026-05-26 09:27:05
Nap-a-Roo,N/A,Childrens,1,£25.08,2026-05-26 09:27:06
"NaNo What Now? Finding your editing process, revising your NaNoWriMo book and building a writing career through publishing and beyond",N/A,Default,4,£10.41,2026-05-26 09:27:07
Modern Day Fables,N/A,Default,2,£47.44,2026-05-26 09:27:09
If I Gave You God's Phone Number....: Searching for Spirituality in America,N/A,Spirituality,1,£20.91,2026-05-26 09:27:10
"Fruits Basket, Vol. 9 (Fruits Basket #9)",N/A,Sequential Art,4,£33.95,2026-05-26 09:27:11
Dress Your Family in Corduroy and Denim,N/A,Humor,3,£43.68,2026-05-26 09:27:13
Don't Forget Steven,N/A,Young Adult,1,£33.23,2026-05-26 09:27:17
Chernobyl 01:23:40: The Incredible True Story of the World's Worst Nuclear Disaster,N/A,Nonfiction,2,£35.92,2026-05-26 09:27:18
Art and Fear: Observations on the Perils (and Rewards) of Artmaking,N/A,Art,4,£48.63,2026-05-26 09:27:20
A Shard of Ice (The Black Symphony Saga #1),N/A,Fantasy,3,£56.63,2026-05-26 09:27:21
A Hero's Curse (The Unseen Chronicles #1),N/A,Add a comment,3,£50.49,2026-05-26 09:27:25
23 Degrees South: A Tropical Tale of Changing Whether...,N/A,Add a comment,2,£35.79,2026-05-26 09:27:26
"Zero to One: Notes on Startups, or How to Build the Future",N/A,Nonfiction,3,£34.06,2026-05-26 09:27:29
Why Not Me?,N/A,Nonfiction,1,£17.76,2026-05-26 09:27:31
When Breath Becomes Air,N/A,Nonfiction,2,£39.36,2026-05-26 09:27:32
Vagabonding: An Uncommon Guide to the Art of Long-Term World Travel,N/A,Travel,2,£36.94,2026-05-26 09:27:33
The Unlikely Pilgrimage of Harold Fry (Harold Fry #1),N/A,Default,5,£43.62,2026-05-26 09:27:34
The New Drawing on the Right Side of the Brain,N/A,Art,3,£43.02,2026-05-26 09:27:39
"The Midnight Assassin: Panic, Scandal, and the Hunt for America's First Serial Killer",N/A,Nonfiction,4,£28.45,2026-05-26 09:27:40
The Martian (The Martian #1),N/A,Default,2,£41.39,2026-05-26 09:27:42
The High Mountains of Portugal,N/A,Fiction,1,£51.15,2026-05-26 09:27:43
The Grownup,N/A,Short Stories,1,£35.88,2026-05-26 09:27:45
The E-Myth Revisited: Why Most Small Businesses Don't Work and What to Do About It,N/A,Business,1,£36.91,2026-05-26 09:27:46
South of Sunshine,N/A,Young Adult,1,£28.93,2026-05-26 09:27:47
Smarter Faster Better: The Secrets of Being Productive in Life and Business,N/A,Nonfiction,5,£38.89,2026-05-26 09:27:48
Silence in the Dark (Logan Point #4),N/A,Suspense,3,£58.33,2026-05-26 09:51:37
Shadows of the Past (Logan Point #1),N/A,Christian Fiction,5,£39.67,2026-05-26 09:51:38
Roller Girl,N/A,Sequential Art,5,£14.10,2026-05-26 09:51:39
Rising Strong,N/A,Nonfiction,3,£21.82,2026-05-26 09:51:40
Proofs of God: Classical Arguments from Tertullian to Barth,N/A,Philosophy,1,£54.21,2026-05-26 09:51:42
Please Kill Me: The Uncensored Oral History of Punk,N/A,Music,4,£31.19,2026-05-26 09:51:43
Out of Print: City Lights Spotlight No. 14,N/A,Poetry,5,£53.64,2026-05-26 09:51:44
My Life Next Door (My Life Next Door ),N/A,Young Adult,5,£36.39,2026-05-26 09:51:45
Miller's Valley,N/A,Fiction,2,£58.54,2026-05-26 09:51:46
Man's Search for Meaning,N/A,Nonfiction,3,£29.48,2026-05-26 09:51:47
"Love That Boy: What Two Presidents, Eight Road Trips, and My Son Taught Me About a Parent's Expectations",N/A,Nonfiction,2,£25.06,2026-05-26 09:51:49
Living Forward: A Proven Plan to Stop Drifting and Get the Life You Want,N/A,Nonfiction,3,£12.55,2026-05-26 09:51:53
Les Fleurs du Mal,N/A,Poetry,5,£29.04,2026-05-26 09:51:55
Left Behind (Left Behind #1),N/A,Default,2,£40.72,2026-05-26 09:51:56
Kill 'Em and Leave: Searching for James Brown and the American Soul,N/A,Music,5,£45.05,2026-05-26 09:51:57
Kierkegaard: A Christian Missionary to Christians,N/A,Philosophy,1,£47.13,2026-05-26 09:51:58
John Vassos: Industrial Design for Modern Life,N/A,Default,4,£20.22,2026-05-26 09:52:00
I'll Give You the Sun,N/A,Default,1,£56.48,2026-05-26 09:52:01
I Will Find You,N/A,Nonfiction,1,£44.21,2026-05-26 09:52:02
Hystopia: A Novel,N/A,Fiction,4,£21.96,2026-05-26 09:52:03
Howl and Other Poems,N/A,Poetry,2,£40.45,2026-05-26 09:52:04
History of Beauty,N/A,Art,4,£10.29,2026-05-26 09:52:06
Heaven is for Real: A Little Boy's Astounding Story of His Trip to Heaven and Back,N/A,Default,2,£52.86,2026-05-26 09:52:07
Future Shock (Future Shock #1),N/A,Young Adult,5,£55.65,2026-05-26 09:52:08
Ender's Game (The Ender Quintet #1),N/A,Default,1,£43.64,2026-05-26 09:52:10
Diary of a Citizen Scientist: Chasing Tiger Beetles and Other New Ways of Engaging the World,N/A,Science,1,£28.41,2026-05-26 09:52:11
Death by Leisure: A Cautionary Tale,N/A,Default,4,£37.51,2026-05-26 09:52:12
Brilliant Beacons: A History of the American Lighthouse,N/A,History,3,£11.45,2026-05-26 09:52:13
Brazen: The Courage to Find the You That's Been Hiding,N/A,Nonfiction,2,£19.22,2026-05-26 09:52:14
Between the World and Me,N/A,Nonfiction,4,£56.91,2026-05-26 09:52:16
Being Mortal: Medicine and What Matters in the End,N/A,Nonfiction,4,£55.06,2026-05-26 09:52:17
"A Murder Over a Girl: Justice, Gender, Junior High",N/A,Nonfiction,3,£13.20,2026-05-26 09:52:18
32 Yolks,N/A,Food and Drink,2,£53.63,2026-05-26 09:52:19
"""Most Blessed of the Patriarchs"": Thomas Jefferson and the Empire of the Imagination",N/A,History,5,£44.48,2026-05-26 09:52:20
You Are a Badass: How to Stop Doubting Your Greatness and Start Living an Awesome Life,N/A,Self Help,3,£12.08,2026-05-26 09:52:21
Wildlife of New York: A Five-Borough Coloring Book,N/A,Default,2,£22.14,2026-05-26 09:52:22
What Happened on Beale Street (Secrets of the South Mysteries #2),N/A,Mystery,5,£25.37,2026-05-26 09:52:24
Unreasonable Hope: Finding Faith in the God Who Brings Purpose to Your Pain,N/A,Spirituality,2,£46.33,2026-05-26 09:52:25
Under the Tuscan Sun,N/A,Travel,3,£37.33,2026-05-26 09:52:26
Toddlers Are A**holes: It's Not Your Fault,N/A,Humor,1,£25.55,2026-05-26 09:52:28
The Year of Living Biblically: One Man's Humble Quest to Follow the Bible as Literally as Possible,N/A,Default,1,£34.72,2026-05-26 09:52:29
The Whale,N/A,Childrens,4,£35.96,2026-05-26 09:52:30
The Story of Art,N/A,Art,4,£41.14,2026-05-26 09:52:31
The Origin of Species,N/A,Science,4,£10.01,2026-05-26 09:52:32
The Great Gatsby,N/A,Default,4,£36.05,2026-05-26 09:52:33
The Good Girl,N/A,Default,3,£49.03,2026-05-26 09:52:34
The Glass Castle,N/A,Add a comment,1,£16.24,2026-05-26 09:52:35
The Faith of Christopher Hitchens: The Restless Soul of the World's Most Notorious Atheist,N/A,Biography,1,£39.55,2026-05-26 09:52:36
The Drowning Girls,N/A,Add a comment,3,£35.67,2026-05-26 09:52:37
The Constant Princess (The Tudor Court #1),N/A,Historical Fiction,3,£16.62,2026-05-26 09:52:39
The Bourne Identity (Jason Bourne #1),N/A,Fiction,4,£42.78,2026-05-26 09:52:40
The Bachelor Girl's Guide to Murder (Herringford and Watts Mysteries #1),N/A,Mystery,5,£52.30,2026-05-26 09:52:41
The Art Book,N/A,Art,2,£32.34,2026-05-26 09:52:42
The 7 Habits of Highly Effective People: Powerful Lessons in Personal Change,N/A,Default,4,£33.17,2026-05-26 09:52:43
Team of Rivals: The Political Genius of Abraham Lincoln,N/A,Add a comment,5,£20.12,2026-05-26 09:52:44
Steal Like an Artist: 10 Things Nobody Told You About Being Creative,N/A,Default,2,£20.90,2026-05-26 09:52:45
"Sit, Stay, Love",N/A,Romance,3,£20.90,2026-05-26 09:52:46
Sister Dear,N/A,Fiction,4,£40.20,2026-05-26 09:52:47
"Shrunken Treasures: Literary Classics, Short, Sweet, and Silly",N/A,Childrens,3,£52.87,2026-05-26 09:52:48
"Rich Dad, Poor Dad",N/A,Business,1,£51.74,2026-05-26 09:52:49
Raymie Nightingale,N/A,Childrens,2,£34.41,2026-05-26 09:52:51
Playing from the Heart,N/A,Childrens,1,£32.38,2026-05-26 09:52:52
Nightstruck: A Novel,N/A,Young Adult,4,£50.35,2026-05-26 09:52:53
"Naturally Lean: 125 Nourishing Gluten-Free, Plant-Based Recipes--All Under 300 Calories",N/A,Food and Drink,5,£11.38,2026-05-26 09:52:54
Meternity,N/A,Womens Fiction,3,£43.58,2026-05-26 09:52:55
Memoirs of a Geisha,N/A,Fiction,3,£49.67,2026-05-26 09:52:56
Like Never Before (Walker Family #2),N/A,Christian Fiction,2,£28.77,2026-05-26 09:52:58
Life of Pi,N/A,Default,4,£13.22,2026-05-26 09:52:59
Leave This Song Behind: Teen Poetry at Its Best,N/A,Poetry,5,£51.17,2026-05-26 09:53:00
King's Folly (The Kinsman Chronicles #1),N/A,Fantasy,5,£39.61,2026-05-26 09:53:01
John Adams,N/A,Add a comment,4,£57.43,2026-05-26 09:53:03
How to Cook Everything Vegetarian: Simple Meatless Recipes for Great Food (How to Cook Everything),N/A,Food and Drink,4,£46.01,2026-05-26 09:53:04
How to Be a Domestic Goddess: Baking and the Art of Comfort Cooking,N/A,Food and Drink,2,£28.25,2026-05-26 09:53:05
Good in Bed (Cannie Shapiro #1),N/A,Add a comment,5,£37.05,2026-05-26 09:53:06
"Fruits Basket, Vol. 7 (Fruits Basket #7)",N/A,Sequential Art,1,£19.57,2026-05-26 09:53:07
For the Love: Fighting for Grace in a World of Impossible Standards,N/A,Nonfiction,3,£45.13,2026-05-26 09:53:08
Finding God in the Ruins: How God Redeems Pain,N/A,Nonfiction,2,£46.64,2026-05-26 09:53:09
Every Heart a Doorway (Every Heart A Doorway #1),N/A,Fantasy,5,£12.16,2026-05-26 09:53:10
Delivering the Truth (Quaker Midwife Mystery #1),N/A,Mystery,4,£20.89,2026-05-26 09:53:12
Counted With the Stars (Out from Egypt #1),N/A,Christian Fiction,5,£17.97,2026-05-26 09:53:13
"Chronicles, Vol. 1",N/A,Music,2,£52.60,2026-05-26 09:53:14
Blue Like Jazz: Nonreligious Thoughts on Christian Spirituality,N/A,Christian,1,£25.77,2026-05-26 09:53:15
Benjamin Franklin: An American Life,N/A,Biography,3,£48.19,2026-05-26 09:53:17
"At The Existentialist Café: Freedom, Being, and apricot cocktails with: Jean-Paul Sartre, Simone de Beauvoir, Albert Camus, Martin Heidegger, Edmund Husserl, Karl Jaspers, Maurice Merleau-Ponty and others",N/A,Philosophy,5,£29.93,2026-05-26 09:53:18
A Summer In Europe,N/A,Travel,2,£44.34,2026-05-26 09:53:19
A Short History of Nearly Everything,N/A,History,5,£52.40,2026-05-26 09:53:20
A Gathering of Shadows (Shades of Magic #2),N/A,Fantasy,4,£44.81,2026-05-26 09:53:22
The Sound Of Love,N/A,Default,5,£57.84,2026-05-26 09:53:23
The Rise and Fall of the Third Reich: A History of Nazi Germany,N/A,History,2,£39.67,2026-05-26 09:53:27
The Perks of Being a Wallflower,N/A,Default,3,£55.02,2026-05-26 09:53:28
The Mysterious Affair at Styles (Hercule Poirot #1),N/A,Mystery,4,£24.80,2026-05-26 09:53:29
The Man Who Mistook His Wife for a Hat and Other Clinical Tales,N/A,Nonfiction,4,£59.45,2026-05-26 09:53:30
The Makings of a Fatherless Child,N/A,Default,2,£31.58,2026-05-26 09:53:32
The Joy of Cooking,N/A,Add a comment,4,£43.27,2026-05-26 09:53:33
The Invention of Wings,N/A,Historical Fiction,1,£37.34,2026-05-26 09:53:34
The Hobbit (Middle-Earth Universe),N/A,Default,5,£17.80,2026-05-26 09:53:35
The Great Railway Bazaar,N/A,Travel,1,£30.54,2026-05-26 09:53:36
The Golden Compass (His Dark Materials #1),N/A,Add a comment,1,£18.77,2026-05-26 09:53:37
The God Delusion,N/A,Add a comment,3,£46.85,2026-05-26 09:53:38
The Girl You Left Behind (The Girl You Left Behind #1),N/A,Historical,1,£15.79,2026-05-26 09:53:40
The Fellowship of the Ring (The Lord of the Rings #1),N/A,Default,2,£10.27,2026-05-26 09:53:41
The Collected Poems of W.B. Yeats (The Collected Works of W.B. Yeats #1),N/A,Poetry,5,£15.42,2026-05-26 09:53:42
The Barefoot Contessa Cookbook,N/A,Food and Drink,5,£59.92,2026-05-26 09:53:43
Tell the Wolves I'm Home,N/A,Young Adult,2,£50.96,2026-05-26 09:53:45
Ship Leaves Harbor: Essays on Travel by a Recovering Journeyman,N/A,Default,3,£30.60,2026-05-26 09:53:49
Pride and Prejudice,N/A,Add a comment,4,£19.27,2026-05-26 09:53:51
Musicophilia: Tales of Music and the Brain,N/A,Default,1,£46.58,2026-05-26 09:53:52
Mere Christianity,N/A,Add a comment,3,£48.51,2026-05-26 09:53:54
Me Before You (Me Before You #1),N/A,Fiction,1,£19.02,2026-05-26 09:53:55
In the Woods (Dublin Murder Squad #1),N/A,Mystery,2,£38.38,2026-05-26 09:53:56
In Cold Blood,N/A,Nonfiction,4,£49.98,2026-05-26 09:53:58
How to Stop Worrying and Start Living,N/A,Self Help,5,£46.49,2026-05-26 09:53:59
Give It Back,N/A,Thriller,2,£18.32,2026-05-26 09:54:00
"Girl, Interrupted",N/A,Nonfiction,3,£42.14,2026-05-26 09:54:01
Fun Home: A Family Tragicomic,N/A,Add a comment,4,£56.59,2026-05-26 09:54:02
"Fruits Basket, Vol. 6 (Fruits Basket #6)",N/A,Sequential Art,4,£20.96,2026-05-26 09:54:03
Deception Point,N/A,Fiction,4,£40.32,2026-05-26 09:54:05
"Death Note, Vol. 6: Give-and-Take (Death Note #6)",N/A,Sequential Art,3,£36.39,2026-05-26 09:54:06
Catherine the Great: Portrait of a Woman,N/A,History,4,£58.55,2026-05-26 09:54:07
Better Homes and Gardens New Cook Book,N/A,Food and Drink,3,£39.61,2026-05-26 09:54:08
An Unquiet Mind: A Memoir of Moods and Madness,N/A,Psychology,3,£21.30,2026-05-26 09:54:09
A Year in Provence (Provence #1),N/A,Travel,4,£56.88,2026-05-26 09:54:10
World Without End (The Pillars of the Earth #2),N/A,Historical Fiction,4,£32.97,2026-05-26 09:54:11
"Will Grayson, Will Grayson (Will Grayson, Will Grayson)",N/A,Young Adult,4,£47.31,2026-05-26 09:54:13
Why Save the Bankers?: And Other Essays on Our Economic and Political Crisis,N/A,Nonfiction,2,£48.67,2026-05-26 09:54:14
Where She Went (If I Stay #2),N/A,Young Adult,4,£41.73,2026-05-26 09:54:15
What If?: Serious Scientific Answers to Absurd Hypothetical Questions,N/A,Default,4,£53.68,2026-05-26 09:54:16
Two Summers,N/A,Young Adult,1,£14.64,2026-05-26 09:54:18
This Is Your Brain on Music: The Science of a Human Obsession,N/A,Music,1,£38.40,2026-05-26 09:54:19
The Secret Garden,N/A,Classics,4,£15.08,2026-05-26 09:54:20
The Raven King (The Raven Cycle #4),N/A,Add a comment,2,£30.57,2026-05-26 09:54:21
The Raven Boys (The Raven Cycle #1),N/A,Fantasy,4,£57.74,2026-05-26 09:54:23
The Power Greens Cookbook: 140 Delicious Superfood Recipes,N/A,Food and Drink,5,£11.05,2026-05-26 09:54:24
The Metamorphosis,N/A,Classics,1,£28.58,2026-05-26 09:54:25
The Mathews Men: Seven Brothers and the War Against Hitler's U-boats,N/A,History,5,£42.91,2026-05-26 09:54:27
The Little Paris Bookshop,N/A,Fiction,3,£24.73,2026-05-26 09:54:28
The Hiding Place,N/A,History,4,£55.91,2026-05-26 09:54:29
The Grand Design,N/A,Science,3,£13.76,2026-05-26 09:54:30
The Firm,N/A,Fiction,3,£45.56,2026-05-26 09:54:31
The Fault in Our Stars,N/A,Default,1,£47.22,2026-05-26 09:54:32
The False Prince (The Ascendance Trilogy #1),N/A,Fantasy,5,£56.00,2026-05-26 09:54:33
The Expatriates,N/A,Fiction,2,£44.58,2026-05-26 09:54:35
The Dream Thieves (The Raven Cycle #2),N/A,Default,1,£34.50,2026-05-26 09:54:36
The Darkest Corners,N/A,Young Adult,5,£11.33,2026-05-26 09:54:37
The Crossover,N/A,Poetry,4,£38.77,2026-05-26 09:54:38
The 5th Wave (The 5th Wave #1),N/A,Default,2,£11.83,2026-05-26 09:54:39
Tell the Wind and Fire,N/A,Fantasy,3,£45.51,2026-05-26 09:54:40
Tell Me Three Things,N/A,Young Adult,1,£41.81,2026-05-26 09:54:41
Talking to Girls About Duran Duran: One Young Man's Quest for True Love and a Cooler Haircut,N/A,Nonfiction,4,£25.15,2026-05-26 09:54:42
Siddhartha,N/A,Fiction,5,£34.22,2026-05-26 09:54:44
Shiver (The Wolves of Mercy Falls #1),N/A,Default,5,£16.23,2026-05-26 09:54:45
Remember Me?,N/A,Default,3,£11.48,2026-05-26 09:54:46
Red Dragon (Hannibal Lecter #1),N/A,Horror,3,£23.37,2026-05-26 09:54:47
Peak: Secrets from the New Science of Expertise,N/A,Science,2,£16.28,2026-05-26 09:54:48
My Mother Was Nuts,N/A,Nonfiction,4,£31.63,2026-05-26 09:54:49
Mexican Today: New and Rediscovered Recipes for Contemporary Kitchens,N/A,Food and Drink,5,£24.91,2026-05-26 09:54:50
Maybe Something Beautiful: How Art Transformed a Neighborhood,N/A,Childrens,1,£22.54,2026-05-26 09:54:52
Lola and the Boy Next Door (Anna and the French Kiss #2),N/A,Young Adult,4,£23.63,2026-05-26 09:54:53
Logan Kade (Fallen Crest High #5.5),N/A,Academic,2,£13.12,2026-05-26 09:54:54
Last One Home (New Beginnings #1),N/A,Fiction,3,£59.98,2026-05-26 09:54:55
Killing Floor (Jack Reacher #1),N/A,Thriller,4,£31.49,2026-05-26 09:54:56
Kill the Boy Band,N/A,Young Adult,5,£15.52,2026-05-26 09:54:58
Isla and the Happily Ever After (Anna and the French Kiss #3),N/A,Young Adult,5,£48.13,2026-05-26 09:54:59
If I Stay (If I Stay #1),N/A,Default,5,£38.13,2026-05-26 09:55:00
I Know Why the Caged Bird Sings (Maya Angelou's Autobiography #1),N/A,Default,2,£36.55,2026-05-26 09:55:02
Harry Potter and the Deathly Hallows (Harry Potter #7),N/A,Default,1,£23.32,2026-05-26 09:55:03
"Fruits Basket, Vol. 5 (Fruits Basket #5)",N/A,Sequential Art,1,£16.33,2026-05-26 09:55:04
Foundation (Foundation (Publication Order) #1),N/A,Science Fiction,1,£32.42,2026-05-26 09:55:05
Fool Me Once,N/A,Default,1,£16.96,2026-05-26 09:55:07
Find Her (Detective D.D. Warren #8),N/A,Add a comment,1,£22.37,2026-05-26 09:55:08
Evicted: Poverty and Profit in the American City,N/A,Add a comment,1,£42.27,2026-05-26 09:55:09
Drama,N/A,Default,2,£38.70,2026-05-26 09:55:10
Dracula the Un-Dead,N/A,Horror,5,£35.63,2026-05-26 09:55:11
Digital Fortress,N/A,Fiction,5,£58.00,2026-05-26 09:55:12
"Death Note, Vol. 5: Whiteout (Death Note #5)",N/A,Sequential Art,1,£52.41,2026-05-26 09:55:13
"Data, A Love Story: How I Gamed Online Dating to Meet My Match",N/A,Nonfiction,3,£32.35,2026-05-26 09:55:14
Critique of Pure Reason,N/A,Philosophy,1,£20.75,2026-05-26 09:55:16
Booked,N/A,Poetry,5,£17.49,2026-05-26 09:55:17
"Blue Lily, Lily Blue (The Raven Cycle #3)",N/A,Default,5,£34.13,2026-05-26 09:55:18
Approval Junkie: Adventures in Caring Too Much,N/A,Autobiography,5,£58.81,2026-05-26 09:55:19
An Abundance of Katherines,N/A,Young Adult,5,£10.00,2026-05-26 09:55:21
America's War for the Greater Middle East: A Military History,N/A,History,2,£51.22,2026-05-26 09:55:22
Alight (The Generations Trilogy #2),N/A,Default,4,£58.59,2026-05-26 09:55:23
A Girl's Guide to Moving On (New Beginnings #2),N/A,Romance,1,£31.30,2026-05-26 09:55:25
A Game of Thrones (A Song of Ice and Fire #1),N/A,Add a comment,2,£46.42,2026-05-26 09:55:26
A Feast for Crows (A Song of Ice and Fire #4),N/A,Fantasy,4,£17.21,2026-05-26 09:55:27
A Clash of Kings (A Song of Ice and Fire #2),N/A,Add a comment,3,£10.79,2026-05-26 09:55:28
Vogue Colors A to Z: A Fashion Coloring Book,N/A,Default,4,£52.35,2026-05-26 09:55:29
The Shining (The Shining #1),N/A,Default,3,£27.88,2026-05-26 09:55:30
The Pilgrim's Progress,N/A,Classics,2,£50.26,2026-05-26 09:55:31
The Perfect Play (Play by Play #1),N/A,Romance,3,£59.99,2026-05-26 09:55:33
The Passion of Dolssa,N/A,Historical Fiction,5,£28.32,2026-05-26 09:55:34
The Jazz of Physics: The Secret Link Between Music and the Structure of the Universe,N/A,Nonfiction,3,£38.71,2026-05-26 09:55:35
The Hunger Games (The Hunger Games #1),N/A,Default,5,£29.85,2026-05-26 09:55:36
The Hound of the Baskervilles (Sherlock Holmes #5),N/A,Classics,2,£14.82,2026-05-26 09:55:37
The Gunning of America: Business and the Making of American Gun Culture,N/A,Nonfiction,4,£16.81,2026-05-26 09:55:38
The Geography of Bliss: One Grump's Search for the Happiest Places in the World,N/A,Nonfiction,2,£28.23,2026-05-26 09:55:40
The Demonists (Demonist #1),N/A,Fantasy,2,£52.11,2026-05-26 09:55:41
"The Demon Prince of Momochi House, Vol. 4 (The Demon Prince of Momochi House #4)",N/A,Sequential Art,2,£27.88,2026-05-26 09:55:42
The Bone Hunters (Lexy Vaughan & Steven Macaulay #2),N/A,Thriller,3,£59.71,2026-05-26 09:55:43
The Beast (Black Dagger Brotherhood #14),N/A,Fantasy,5,£46.08,2026-05-26 09:55:45
Some Women,N/A,Womens Fiction,5,£13.73,2026-05-26 09:55:46
Shopaholic Ties the Knot (Shopaholic #3),N/A,Womens Fiction,5,£48.39,2026-05-26 09:55:47
Paper and Fire (The Great Library #2),N/A,Fantasy,5,£49.45,2026-05-26 09:55:48
Outlander (Outlander #1),N/A,Default,5,£19.67,2026-05-26 09:55:50
"Orchestra of Exiles: The Story of Bronislaw Huberman, the Israel Philharmonic, and the One Thousand Jews He Saved from Nazi Horrors",N/A,Music,3,£12.36,2026-05-26 09:55:51
No One Here Gets Out Alive,N/A,Music,5,£20.02,2026-05-26 09:55:52
Night Shift (Night Shift #1-20),N/A,Horror,4,£12.75,2026-05-26 09:55:53
Needful Things,N/A,Horror,4,£47.51,2026-05-26 09:55:54
Mockingjay (The Hunger Games #3),N/A,Default,4,£20.44,2026-05-26 09:55:56
Misery,N/A,Horror,2,£34.79,2026-05-26 09:55:57
Little Women (Little Women #1),N/A,Classics,4,£28.07,2026-05-26 09:56:01
It,N/A,Horror,3,£25.01,2026-05-26 09:56:02
Harry Potter and the Sorcerer's Stone (Harry Potter #1),N/A,Default,3,£13.90,2026-05-26 09:56:04
Harry Potter and the Prisoner of Azkaban (Harry Potter #3),N/A,Young Adult,4,£24.17,2026-05-26 09:56:05
Harry Potter and the Order of the Phoenix (Harry Potter #5),N/A,Fantasy,4,£31.63,2026-05-26 09:56:06
Harry Potter and the Half-Blood Prince (Harry Potter #6),N/A,Fantasy,5,£48.75,2026-05-26 09:56:07
Harry Potter and the Chamber of Secrets (Harry Potter #2),N/A,Fantasy,1,£14.74,2026-05-26 09:56:08
Gone with the Wind,N/A,Classics,3,£32.49,2026-05-26 09:56:09
God Is Not Great: How Religion Poisons Everything,N/A,Nonfiction,1,£27.80,2026-05-26 09:56:11
Girl With a Pearl Earring,N/A,Historical Fiction,1,£26.77,2026-05-26 09:56:13
"Fruits Basket, Vol. 4 (Fruits Basket #4)",N/A,Sequential Art,4,£50.44,2026-05-26 09:56:14
Far From True (Promise Falls Trilogy #2),N/A,Thriller,2,£34.93,2026-05-26 09:56:15
Dark Lover (Black Dagger Brotherhood #1),N/A,Romance,1,£12.87,2026-05-26 09:56:16
Confessions of a Shopaholic (Shopaholic #1),N/A,Default,2,£48.94,2026-05-26 09:56:17
Changing the Game (Play by Play #2),N/A,Romance,3,£13.38,2026-05-26 09:56:19
Candide,N/A,Classics,3,£58.63,2026-05-26 09:56:20
Can You Keep a Secret?,N/A,Womens Fiction,1,£21.94,2026-05-26 09:56:21
Atlas Shrugged,N/A,Fiction,5,£26.58,2026-05-26 09:56:22
Animal Farm,N/A,Classics,3,£57.22,2026-05-26 09:56:23
A Walk to Remember,N/A,Romance,1,£56.43,2026-05-26 09:56:25
A New Earth: Awakening to Your Life's Purpose,N/A,Spirituality,5,£55.65,2026-05-26 09:56:26
"A History of God: The 4,000-Year Quest of Judaism, Christianity, and Islam",N/A,Religion,1,£27.62,2026-05-26 09:56:27
'Salem's Lot,N/A,Horror,4,£49.56,2026-05-26 09:56:28
Zero History (Blue Ant #3),N/A,Default,1,£34.77,2026-05-26 09:56:29
Wuthering Heights,N/A,Classics,3,£17.73,2026-05-26 09:56:31
World War Z: An Oral History of the Zombie War,N/A,Default,1,£21.80,2026-05-26 09:56:32
Wild: From Lost to Found on the Pacific Crest Trail,N/A,Default,3,£46.02,2026-05-26 09:56:33
"Where'd You Go, Bernadette",N/A,Default,1,£18.13,2026-05-26 09:56:34
When You Are Engulfed in Flames,N/A,Humor,5,£30.89,2026-05-26 09:56:35
We the People: The Modern-Day Figures Who Have Reshaped and Affirmed the Founding Fathers' Vision of America,N/A,Nonfiction,3,£31.95,2026-05-26 09:56:36
We Are All Completely Beside Ourselves,N/A,Contemporary,1,£24.04,2026-05-26 09:56:37
Walk the Edge (Thunder Road #2),N/A,Young Adult,3,£32.36,2026-05-26 09:56:38
Voyager (Outlander #3),N/A,Historical Fiction,5,£21.07,2026-05-26 09:56:40
Very Good Lives: The Fringe Benefits of Failure and the Importance of Imagination,N/A,Nonfiction,3,£50.66,2026-05-26 09:56:41
Vegan Vegetarian Omnivore: Dinner for Everyone at the Table,N/A,Food and Drink,2,£13.66,2026-05-26 09:56:42
"Unstuffed: Decluttering Your Home, Mind, and Soul",N/A,Nonfiction,1,£58.09,2026-05-26 09:56:43
Under the Banner of Heaven: A Story of Violent Faith,N/A,Nonfiction,1,£30.00,2026-05-26 09:56:44
Two Boys Kissing,N/A,Young Adult,2,£32.74,2026-05-26 09:56:46
Twilight (Twilight #1),N/A,Default,2,£41.93,2026-05-26 09:56:47
Twenties Girl,N/A,Womens Fiction,2,£42.80,2026-05-26 09:56:48
"Trespassing Across America: One Man's Epic, Never-Done-Before (and Sort of Illegal) Hike Across the Heartland",N/A,Nonfiction,1,£53.51,2026-05-26 09:56:49
Three-Martini Lunch,N/A,Fiction,3,£23.21,2026-05-26 09:56:50
"Thinking, Fast and Slow",N/A,Psychology,1,£21.14,2026-05-26 09:56:51
The Wild Robot,N/A,Childrens,3,£56.07,2026-05-26 09:56:52
"The Wicked + The Divine, Vol. 3: Commercial Suicide (The Wicked + The Divine)",N/A,Sequential Art,3,£14.41,2026-05-26 09:56:53
The Undomestic Goddess,N/A,Womens Fiction,4,£45.75,2026-05-26 09:56:54
The Travelers,N/A,Thriller,1,£15.77,2026-05-26 09:56:55
The Tipping Point: How Little Things Can Make a Big Difference,N/A,Add a comment,2,£10.02,2026-05-26 09:56:57
The Thing About Jellyfish,N/A,Childrens,1,£48.77,2026-05-26 09:56:58
The Stand,N/A,Horror,2,£57.86,2026-05-26 09:56:59
The Smitten Kitchen Cookbook,N/A,Food and Drink,1,£23.59,2026-05-26 09:57:01
The Silkworm (Cormoran Strike #2),N/A,Mystery,5,£23.05,2026-05-26 09:57:02
"The Sandman, Vol. 3: Dream Country (The Sandman (volumes) #3)",N/A,Sequential Art,5,£55.55,2026-05-26 09:57:05
The Rose & the Dagger (The Wrath and the Dawn #2),N/A,Fantasy,4,£58.64,2026-05-26 09:57:06
The Road to Little Dribbling: Adventures of an American in Britain (Notes From a Small Island #2),N/A,Travel,1,£23.21,2026-05-26 09:57:07
The Rise of Theodore Roosevelt (Theodore Roosevelt #1),N/A,Biography,3,£42.57,2026-05-26 09:57:08
The Restaurant at the End of the Universe (Hitchhiker's Guide to the Galaxy #2),N/A,Science Fiction,1,£10.92,2026-05-26 09:57:09
The Rest Is Noise: Listening to the Twentieth Century,N/A,Add a comment,1,£34.77,2026-05-26 09:57:10
The Red Tent,N/A,Historical Fiction,5,£35.66,2026-05-26 09:57:11
The Purpose Driven Life: What on Earth Am I Here for?,N/A,Add a comment,3,£37.19,2026-05-26 09:57:12
The Purest Hook (Second Circle Tattoos #3),N/A,Romance,1,£12.25,2026-05-26 09:57:13
The Picture of Dorian Gray,N/A,Classics,2,£29.70,2026-05-26 09:57:14
The Paris Wife,N/A,Default,3,£36.80,2026-05-26 09:57:15
The Obsession,N/A,Romance,1,£45.43,2026-05-26 09:57:17
The Nightingale,N/A,Fiction,4,£26.26,2026-05-26 09:57:18
The New Guy (and Other Senior Year Distractions),N/A,Young Adult,3,£44.92,2026-05-26 09:57:19
The Nanny Diaries (Nanny #1),N/A,Womens Fiction,5,£52.53,2026-05-26 09:57:20
The Name of God is Mercy,N/A,Nonfiction,2,£37.25,2026-05-26 09:57:21
The Maze Runner (The Maze Runner #1),N/A,Default,1,£20.93,2026-05-26 09:57:22
The Lover's Dictionary,N/A,Default,2,£58.09,2026-05-26 09:57:23
The Lonely Ones,N/A,Childrens,5,£43.59,2026-05-26 09:57:24
The Lean Startup: How Today's Entrepreneurs Use Continuous Innovation to Create Radically Successful Businesses,N/A,Business,3,£33.92,2026-05-26 09:57:25
The Last Painting of Sara de Vos,N/A,Historical Fiction,2,£55.55,2026-05-26 09:57:26
"The Land of 10,000 Madonnas",N/A,Young Adult,4,£29.64,2026-05-26 09:57:27
The Infinities,N/A,Fiction,1,£27.41,2026-05-26 09:57:28
The Husband's Secret,N/A,Fiction,5,£52.51,2026-05-26 09:57:30
The Hitchhiker's Guide to the Galaxy (Hitchhiker's Guide to the Galaxy #1),N/A,Add a comment,3,£47.80,2026-05-26 09:57:31
The Guns of August,N/A,History,2,£14.54,2026-05-26 09:57:32
The Guernsey Literary and Potato Peel Pie Society,N/A,Historical Fiction,1,£49.53,2026-05-26 09:57:33
The Goldfinch,N/A,Default,3,£43.58,2026-05-26 09:57:34
The Giver (The Giver Quartet #1),N/A,Default,1,£12.30,2026-05-26 09:57:35
The Girl with All the Gifts,N/A,Horror,3,£49.47,2026-05-26 09:57:36
The Girl Who Played with Fire (Millennium Trilogy #2),N/A,Default,2,£22.14,2026-05-26 09:57:37
The Girl Who Kicked the Hornet's Nest (Millennium Trilogy #3),N/A,Add a comment,1,£57.48,2026-05-26 09:57:38
The Exiled,N/A,Mystery,3,£43.45,2026-05-26 09:57:39
"The End of Faith: Religion, Terror, and the Future of Reason",N/A,Add a comment,4,£22.13,2026-05-26 09:57:41
"The Elegant Universe: Superstrings, Hidden Dimensions, and the Quest for the Ultimate Theory",N/A,Science,4,£13.03,2026-05-26 09:57:42
"The Disappearing Spoon: And Other True Tales of Madness, Love, and the History of the World from the Periodic Table of the Elements",N/A,Science,5,£57.35,2026-05-26 09:57:43
The Devil Wears Prada (The Devil Wears Prada #1),N/A,Womens Fiction,1,£44.29,2026-05-26 09:57:44
The Demon-Haunted World: Science as a Candle in the Dark,N/A,Default,4,£52.25,2026-05-26 09:57:45
The Day the Crayons Came Home (Crayons),N/A,Childrens,5,£26.33,2026-05-26 09:57:46
The Da Vinci Code (Robert Langdon #2),N/A,Fiction,2,£22.96,2026-05-26 09:57:47
The Cuckoo's Calling (Cormoran Strike #1),N/A,Mystery,1,£19.21,2026-05-26 09:57:48
The Complete Stories and Poems (The Works of Edgar Allan Poe [Cameo Edition]),N/A,Classics,4,£26.78,2026-05-26 09:57:52
The Complete Poems,N/A,Add a comment,5,£41.32,2026-05-26 09:57:53
The Catcher in the Rye,N/A,Add a comment,1,£24.55,2026-05-26 09:57:54
The Cat in the Hat (Beginner Books B-1),N/A,Childrens,2,£16.26,2026-05-26 09:57:55
The Case for Christ (Cases for Christianity),N/A,Add a comment,1,£47.84,2026-05-26 09:57:57
The Book Thief,N/A,Default,2,£53.49,2026-05-26 09:57:58
The Book of Basketball: The NBA According to The Sports Guy,N/A,Sports and Games,5,£44.84,2026-05-26 09:57:59
The Blind Side: Evolution of a Game,N/A,Add a comment,5,£53.71,2026-05-26 09:58:00
The Autobiography of Malcolm X,N/A,Default,2,£23.43,2026-05-26 09:58:01
"The Art of Simple Food: Notes, Lessons, and Recipes from a Delicious Revolution",N/A,Food and Drink,3,£34.32,2026-05-26 09:58:02
The Art of Fielding,N/A,Fiction,1,£22.10,2026-05-26 09:58:03
"Surely You're Joking, Mr. Feynman!: Adventures of a Curious Character",N/A,Science,2,£25.83,2026-05-26 09:58:05
Stiff: The Curious Lives of Human Cadavers,N/A,Nonfiction,3,£36.74,2026-05-26 09:58:06
Spilled Milk: Based on a True Story,N/A,Nonfiction,1,£49.51,2026-05-26 09:58:07
Something Borrowed (Darcy & Rachel #1),N/A,Womens Fiction,5,£48.96,2026-05-26 09:58:08
Something Blue (Darcy & Rachel #2),N/A,Womens Fiction,1,£54.62,2026-05-26 09:58:09
Soldier (Talon #3),N/A,Fantasy,2,£24.72,2026-05-26 09:58:10
Shopaholic & Baby (Shopaholic #5),N/A,Default,2,£46.45,2026-05-26 09:58:11
Seven Days in the Art World,N/A,Add a comment,2,£52.33,2026-05-26 09:58:13
Seven Brief Lessons on Physics,N/A,Science,4,£30.60,2026-05-26 09:58:14
Scarlet (The Lunar Chronicles #2),N/A,Young Adult,4,£14.57,2026-05-26 09:58:15
Sarah's Key,N/A,Add a comment,1,£46.29,2026-05-26 09:58:16
"Saga, Volume 3 (Saga (Collected Editions) #3)",N/A,Sequential Art,5,£21.57,2026-05-26 09:58:17
Running with Scissors,N/A,Autobiography,4,£12.91,2026-05-26 09:58:18
Rogue Lawyer (Rogue Lawyer #1),N/A,Add a comment,3,£50.11,2026-05-26 09:58:20
"Rise of the Rocket Girls: The Women Who Propelled Us, from Missiles to the Moon to Mars",N/A,Nonfiction,4,£41.67,2026-05-26 09:58:21
Rework,N/A,Business,2,£44.88,2026-05-26 09:58:22
Reservations for Two,N/A,Romance,3,£11.10,2026-05-26 09:58:23
Red: The True Story of Red Riding Hood,N/A,Childrens,3,£28.54,2026-05-26 09:58:24
Ready Player One,N/A,Science Fiction,4,£19.07,2026-05-26 09:58:25
Quiet: The Power of Introverts in a World That Can't Stop Talking,N/A,Default,1,£43.55,2026-05-26 09:58:26
Prodigy: The Graphic Novel (Legend: The Graphic Novel #2),N/A,Sequential Art,3,£43.63,2026-05-26 09:58:28
Persepolis: The Story of a Childhood (Persepolis #1-2),N/A,Sequential Art,1,£39.13,2026-05-26 09:58:29
Packing for Mars: The Curious Science of Life in the Void,N/A,Default,2,£56.68,2026-05-26 09:58:30
Outliers: The Story of Success,N/A,Nonfiction,1,£14.16,2026-05-26 09:58:31
Original Fake,N/A,Sequential Art,3,£31.45,2026-05-26 09:58:32
Orange Is the New Black,N/A,Default,2,£24.61,2026-05-26 09:58:33
One for the Money (Stephanie Plum #1),N/A,Default,2,£32.87,2026-05-26 09:58:35
Notes from a Small Island (Notes From a Small Island #1),N/A,Nonfiction,1,£40.17,2026-05-26 09:58:36
Night (The Night Trilogy #1),N/A,Nonfiction,1,£13.51,2026-05-26 09:58:37
Neither Here nor There: Travels in Europe,N/A,Travel,3,£38.95,2026-05-26 09:58:38
Naked,N/A,Humor,3,£31.69,2026-05-26 09:58:39
Morning Star (Red Rising #3),N/A,Default,1,£29.40,2026-05-26 09:58:40
"Miracles from Heaven: A Little Girl, Her Journey to Heaven, and Her Amazing Story of Healing",N/A,Nonfiction,1,£57.83,2026-05-26 09:58:41
Midnight Riot (Peter Grant/ Rivers of London - books #1),N/A,Fantasy,2,£55.46,2026-05-26 09:58:42
Me Talk Pretty One Day,N/A,Autobiography,2,£57.60,2026-05-26 09:58:44
Manuscript Found in Accra,N/A,Add a comment,2,£34.98,2026-05-26 09:58:45
Lust & Wonder,N/A,Autobiography,2,£11.87,2026-05-26 09:58:46
Lila (Gilead #3),N/A,Fiction,3,£12.47,2026-05-26 09:58:47
"Life, the Universe and Everything (Hitchhiker's Guide to the Galaxy #3)",N/A,Science Fiction,2,£33.26,2026-05-26 09:58:48
Life Without a Recipe,N/A,Autobiography,5,£59.04,2026-05-26 09:58:49
Life After Life,N/A,Default,2,£26.13,2026-05-26 09:58:50
Letter to a Christian Nation,N/A,Nonfiction,1,£22.20,2026-05-26 09:58:52
Let's Pretend This Never Happened: A Mostly True Memoir,N/A,Nonfiction,1,£45.11,2026-05-26 09:58:53
Legend (Legend #1),N/A,Young Adult,4,£43.69,2026-05-26 09:58:54
"Lean In: Women, Work, and the Will to Lead",N/A,Default,1,£25.02,2026-05-26 09:58:55
"Lamb: The Gospel According to Biff, Christ's Childhood Pal",N/A,Humor,5,£55.50,2026-05-26 09:58:56
Lady Renegades (Rebel Belle #3),N/A,Young Adult,5,£53.04,2026-05-26 09:58:58
Jurassic Park (Jurassic Park #1),N/A,Fiction,1,£44.97,2026-05-26 09:58:59
It's Never Too Late to Begin Again: Discovering Creativity and Meaning at Midlife and Beyond,N/A,Nonfiction,1,£42.38,2026-05-26 09:59:00
Is Everyone Hanging Out Without Me? (And Other Concerns),N/A,Default,3,£20.11,2026-05-26 09:59:01
Into the Wild,N/A,Nonfiction,5,£56.70,2026-05-26 09:59:03
Inferno (Robert Langdon #4),N/A,Fiction,5,£41.00,2026-05-26 09:59:04
"In the Garden of Beasts: Love, Terror, and an American Family in Hitler's Berlin",N/A,Nonfiction,3,£28.85,2026-05-26 09:59:05
If I Run (If I Run #1),N/A,Christian Fiction,4,£49.97,2026-05-26 09:59:06
I've Got Your Number,N/A,Womens Fiction,1,£19.69,2026-05-26 09:59:07
I Am Malala: The Girl Who Stood Up for Education and Was Shot by the Taliban,N/A,Nonfiction,2,£28.88,2026-05-26 09:59:08
Hungry Girl Clean & Hungry: Easy All-Natural Recipes for Healthy Eating in the Real World,N/A,Food and Drink,3,£33.14,2026-05-26 09:59:10
"House of Lost Worlds: Dinosaurs, Dynasties, and the Story of Life on Earth",N/A,History,2,£43.70,2026-05-26 09:59:11
House of Leaves,N/A,Horror,1,£54.89,2026-05-26 09:59:12
Horrible Bear!,N/A,Childrens,2,£37.52,2026-05-26 09:59:13
Holidays on Ice,N/A,Humor,2,£51.07,2026-05-26 09:59:14
Heir to the Sky,N/A,Fantasy,4,£44.07,2026-05-26 09:59:16
Green Eggs and Ham (Beginner Books B-16),N/A,Childrens,4,£10.79,2026-05-26 09:59:17
"Grayson, Vol 3: Nemesis (Grayson #3)",N/A,Sequential Art,1,£42.72,2026-05-26 09:59:18
Gratitude,N/A,Nonfiction,5,£26.66,2026-05-26 09:59:19
Gone Girl,N/A,Default,5,£37.60,2026-05-26 09:59:20
Golden (Heart of Dread #3),N/A,Young Adult,4,£42.21,2026-05-26 09:59:21
Girl in the Blue Coat,N/A,Historical Fiction,2,£46.83,2026-05-26 09:59:22
"Fruits Basket, Vol. 3 (Fruits Basket #3)",N/A,Sequential Art,2,£45.17,2026-05-26 09:59:23
"Friday Night Lights: A Town, a Team, and a Dream",N/A,Sports and Games,3,£51.22,2026-05-26 09:59:25
Fire Bound (Sea Haven/Sisters of the Heart #5),N/A,Add a comment,4,£21.28,2026-05-26 09:59:26
Fifty Shades Freed (Fifty Shades #3),N/A,Adult Fiction,5,£15.36,2026-05-26 09:59:27
Fellside,N/A,Default,1,£38.62,2026-05-26 09:59:28
Extreme Prey (Lucas Davenport #26),N/A,Mystery,3,£25.40,2026-05-26 09:59:29
Eragon (The Inheritance Cycle #1),N/A,Fantasy,3,£43.87,2026-05-26 09:59:30
Eclipse (Twilight #3),N/A,Default,1,£18.74,2026-05-26 09:59:31
Dune (Dune #1),N/A,Science Fiction,1,£54.86,2026-05-26 09:59:33
Dracula,N/A,Default,3,£52.62,2026-05-26 09:59:34
Do Androids Dream of Electric Sheep? (Blade Runner #1),N/A,Science Fiction,1,£51.48,2026-05-26 09:59:35
Disrupted: My Misadventure in the Start-Up Bubble,N/A,Nonfiction,5,£15.28,2026-05-26 09:59:36
Dead Wake: The Last Crossing of the Lusitania,N/A,Default,5,£39.24,2026-05-26 09:59:37
"David and Goliath: Underdogs, Misfits, and the Art of Battling Giants",N/A,Default,1,£17.81,2026-05-26 09:59:38
Darkfever (Fever #1),N/A,Fantasy,1,£56.02,2026-05-26 09:59:39
Dark Places,N/A,Default,5,£23.90,2026-05-26 09:59:41
Crazy Rich Asians (Crazy Rich Asians #1),N/A,Fiction,5,£49.13,2026-05-26 09:59:42
Counting Thyme,N/A,Childrens,1,£10.62,2026-05-26 09:59:43
Cosmos,N/A,Add a comment,2,£36.17,2026-05-26 09:59:44
Civilization and Its Discontents,N/A,Psychology,2,£59.95,2026-05-26 09:59:45
Cinder (The Lunar Chronicles #1),N/A,Young Adult,1,£26.09,2026-05-26 09:59:46
Catastrophic Happiness: Finding Joy in Childhood's Messy Years,N/A,Parenting,2,£37.35,2026-05-26 09:59:47
Career of Evil (Cormoran Strike #3),N/A,Mystery,2,£24.72,2026-05-26 09:59:48
Breaking Dawn (Twilight #4),N/A,Default,5,£35.28,2026-05-26 09:59:49
Brave Enough,N/A,Nonfiction,5,£51.32,2026-05-26 09:59:50
Boy Meets Boy,N/A,Young Adult,3,£21.12,2026-05-26 09:59:52
"Born to Run: A Hidden Tribe, Superathletes, and the Greatest Race the World Has Never Seen",N/A,Nonfiction,2,£27.35,2026-05-26 09:59:53
Blink: The Power of Thinking Without Thinking,N/A,Nonfiction,5,£21.74,2026-05-26 09:59:54
Black Flags: The Rise of ISIS,N/A,Nonfiction,1,£40.87,2026-05-26 09:59:55
"Black Butler, Vol. 1 (Black Butler #1)",N/A,Sequential Art,1,£49.31,2026-05-26 09:59:57
Big Little Lies,N/A,Fiction,1,£22.11,2026-05-26 09:59:59
Between Shades of Gray,N/A,Historical Fiction,5,£20.79,2026-05-26 10:00:00
Best of My Love (Fool's Gold #20),N/A,Romance,2,£27.41,2026-05-26 10:00:01
Beowulf,N/A,Classics,2,£38.35,2026-05-26 10:00:02
Beautiful Creatures (Caster Chronicles #1),N/A,Default,5,£21.55,2026-05-26 10:00:03
Awkward,N/A,Sequential Art,2,£38.02,2026-05-26 10:00:04
Ash,N/A,Fantasy,4,£22.06,2026-05-26 10:00:06
Are We There Yet?,N/A,Childrens,3,£10.66,2026-05-26 10:00:07
Are We Smart Enough to Know How Smart Animals Are?,N/A,Nonfiction,1,£56.58,2026-05-26 10:00:08
Annie on My Mind,N/A,Young Adult,5,£36.83,2026-05-26 10:00:09
And Then There Were None,N/A,Classics,2,£35.01,2026-05-26 10:00:10
A Walk in the Woods: Rediscovering America on the Appalachian Trail,N/A,Nonfiction,4,£30.48,2026-05-26 10:00:15
A Visit from the Goon Squad,N/A,Default,5,£14.08,2026-05-26 10:00:16
A Storm of Swords (A Song of Ice and Fire #3),N/A,Fantasy,2,£31.22,2026-05-26 10:00:17
A Heartbreaking Work of Staggering Genius,N/A,Autobiography,5,£54.29,2026-05-26 10:00:18
8 Keys to Mental Health Through Exercise,N/A,Psychology,1,£31.04,2026-05-26 10:00:20
#GIRLBOSS,N/A,Add a comment,1,£50.96,2026-05-26 10:00:21
"The Suffragettes (Little Black Classics, #96)",N/A,Nonfiction,2,£11.89,2026-05-26 10:00:22
The Sense of an Ending,N/A,Add a comment,3,£31.38,2026-05-26 10:00:23
"The Sandman, Vol. 2: The Doll's House (The Sandman (volumes) #2)",N/A,Sequential Art,1,£54.81,2026-05-26 10:00:24
The Course of Love,N/A,Fiction,3,£16.78,2026-05-26 10:00:25
Sugar Rush (Offensive Line #2),N/A,Sports and Games,1,£24.42,2026-05-26 10:00:27
"Saga, Volume 2 (Saga (Collected Editions) #2)",N/A,Sequential Art,3,£11.75,2026-05-26 10:00:28
"Run, Spot, Run: The Ethics of Keeping Pets",N/A,Philosophy,1,£20.02,2026-05-26 10:00:29
New Moon (Twilight #2),N/A,Young Adult,4,£12.86,2026-05-26 10:00:30
Life,N/A,Music,5,£31.58,2026-05-26 10:00:31
Kindle Paperwhite User's Guide,N/A,Nonfiction,3,£34.00,2026-05-26 10:00:33
H is for Hawk,N/A,Nonfiction,5,£57.42,2026-05-26 10:00:34
Girl Online On Tour (Girl Online #2),N/A,Young Adult,1,£53.47,2026-05-26 10:00:35
"Fruits Basket, Vol. 2 (Fruits Basket #2)",N/A,Sequential Art,5,£11.64,2026-05-26 10:00:36
Diary of a Minecraft Zombie Book 1: A Scare of a Dare (An Unofficial Minecraft Book),N/A,Childrens,4,£52.88,2026-05-26 10:00:37
"Y: The Last Man, Vol. 1: Unmanned (Y: The Last Man #1)",N/A,Sequential Art,4,£18.51,2026-05-26 10:00:38
While You Were Mine,N/A,Historical Fiction,5,£41.32,2026-05-26 10:00:39
Where Lightning Strikes (Bleeding Stars #3),N/A,Romance,3,£39.77,2026-05-26 10:00:41
When I'm Gone,N/A,Fiction,3,£51.96,2026-05-26 10:00:42
Ways of Seeing,N/A,Art,5,£39.51,2026-05-26 10:00:43
"Vampire Knight, Vol. 1 (Vampire Knight #1)",N/A,Paranormal,1,£15.40,2026-05-26 10:00:44
Vampire Girl (Vampire Girl #1),N/A,Fantasy,2,£53.82,2026-05-26 10:00:45
Twenty Love Poems and a Song of Despair,N/A,Poetry,4,£30.95,2026-05-26 10:00:47
Travels with Charley: In Search of America,N/A,Nonfiction,5,£57.82,2026-05-26 10:00:48
Three Wishes (River of Time: California #1),N/A,Science Fiction,2,£44.18,2026-05-26 10:00:50
This One Moment (Pushing Limits #1),N/A,Romance,1,£48.71,2026-05-26 10:00:51
The Zombie Room,N/A,Default,5,£19.69,2026-05-26 10:00:52
"The Wicked + The Divine, Vol. 1: The Faust Act (The Wicked + The Divine)",N/A,Sequential Art,2,£36.52,2026-05-26 10:00:54
The Tumor,N/A,Nonfiction,5,£41.56,2026-05-26 10:00:55
The Story of Hong Gildong,N/A,Classics,4,£43.19,2026-05-26 10:00:56
The Silent Wife,N/A,Fiction,5,£12.34,2026-05-26 10:00:57
The Silent Twin (Detective Jennifer Knight #3),N/A,Fantasy,3,£36.25,2026-05-26 10:00:58
The Selfish Gene,N/A,Science,1,£29.45,2026-05-26 10:00:59
The Secret Healer,N/A,Historical Fiction,3,£34.56,2026-05-26 10:01:00
"The Sandman, Vol. 1: Preludes and Nocturnes (The Sandman (volumes) #1)",N/A,Sequential Art,3,£54.12,2026-05-26 10:01:02
The Republic,N/A,Add a comment,3,£33.78,2026-05-26 10:01:03
The Odyssey,N/A,Add a comment,3,£29.64,2026-05-26 10:01:04
The No. 1 Ladies' Detective Agency (No. 1 Ladies' Detective Agency #1),N/A,Mystery,4,£57.70,2026-05-26 10:01:05
The Nicomachean Ethics,N/A,Philosophy,1,£36.34,2026-05-26 10:01:06
The Name of the Wind (The Kingkiller Chronicle #1),N/A,Default,3,£50.59,2026-05-26 10:01:08
The Mirror & the Maze (The Wrath and the Dawn #1.5),N/A,Fantasy,1,£29.38,2026-05-26 10:01:09
The Little Prince,N/A,Classics,2,£45.42,2026-05-26 10:01:10
The Light of the Fireflies,N/A,Add a comment,1,£54.43,2026-05-26 10:01:11
The Last Girl (The Dominion Trilogy #1),N/A,Science Fiction,2,£36.26,2026-05-26 10:01:12
The Iliad,N/A,Add a comment,1,£16.16,2026-05-26 10:01:13
The Hook Up (Game On #1),N/A,New Adult,5,£36.29,2026-05-26 10:01:14
The Haters,N/A,Young Adult,5,£27.89,2026-05-26 10:01:16
The Girl You Lost,N/A,Mystery,5,£12.29,2026-05-26 10:01:17
The Girl In The Ice (DCI Erika Foster #1),N/A,Mystery,3,£15.85,2026-05-26 10:01:18
The End of the Jesus Era (An Investigation #1),N/A,Nonfiction,1,£14.40,2026-05-26 10:01:19
The Edge of Reason (Bridget Jones #2),N/A,Womens Fiction,4,£19.18,2026-05-26 10:01:21
The Complete Maus (Maus #1-2),N/A,Sequential Art,3,£10.64,2026-05-26 10:01:22
The Communist Manifesto,N/A,Add a comment,3,£14.76,2026-05-26 10:01:23
The Bhagavad Gita,N/A,Religion,3,£57.49,2026-05-26 10:01:24
The Bette Davis Club,N/A,Fiction,3,£30.66,2026-05-26 10:01:25
The Art of Not Breathing,N/A,Young Adult,4,£40.83,2026-05-26 10:01:27
Taking Shots (Assassins #1),N/A,Default,2,£18.88,2026-05-26 10:01:28
Starlark,N/A,Historical Fiction,3,£25.83,2026-05-26 10:01:29
"Skip Beat!, Vol. 01 (Skip Beat! #1)",N/A,Sequential Art,3,£42.12,2026-05-26 10:01:30
Sister Sable (The Mad Queen #1),N/A,Fantasy,3,£13.33,2026-05-26 10:01:31
Shatter Me (Shatter Me #1),N/A,Default,1,£42.40,2026-05-26 10:01:32
Shameless,N/A,New Adult,3,£58.35,2026-05-26 10:01:33
Shadow Rites (Jane Yellowrock #10),N/A,Fantasy,4,£21.72,2026-05-26 10:01:34
Settling the Score (The Summer Games #1),N/A,Sports and Games,2,£44.91,2026-05-26 10:01:35
Sense and Sensibility,N/A,Classics,1,£37.46,2026-05-26 10:01:37
"Saga, Volume 1 (Saga (Collected Editions) #1)",N/A,Sequential Art,1,£28.48,2026-05-26 10:01:38
"Rhythm, Chord & Malykhin",N/A,Romance,2,£28.34,2026-05-26 10:01:39
"Rat Queens, Vol. 1: Sass & Sorcery (Rat Queens (Collected Editions) #1-5)",N/A,Sequential Art,5,£46.96,2026-05-26 10:01:41
Paradise Lost (Paradise #1),N/A,Default,1,£24.96,2026-05-26 10:01:42
"Paper Girls, Vol. 1 (Paper Girls #1-5)",N/A,Sequential Art,4,£21.71,2026-05-26 10:01:43
"Ouran High School Host Club, Vol. 1 (Ouran High School Host Club #1)",N/A,Sequential Art,3,£29.87,2026-05-26 10:01:45
Origins (Alphas 0.5),N/A,Fantasy,1,£28.99,2026-05-26 10:01:46
One Second (Seven #7),N/A,Fantasy,2,£52.94,2026-05-26 10:01:47
On the Road (Duluoz Legend),N/A,Default,3,£32.36,2026-05-26 10:01:48
Old Records Never Die: One Man's Quest for His Vinyl and His Past,N/A,Music,2,£55.66,2026-05-26 10:01:49
Off Sides (Off #1),N/A,New Adult,5,£39.45,2026-05-26 10:01:50
Of Mice and Men,N/A,Classics,2,£47.11,2026-05-26 10:01:52
Myriad (Prentor #1),N/A,Fantasy,4,£58.75,2026-05-26 10:01:53
My Perfect Mistake (Over the Top #1),N/A,Romance,2,£38.92,2026-05-26 10:01:54
"Ms. Marvel, Vol. 1: No Normal (Ms. Marvel (2014-2015) #1)",N/A,Sequential Art,4,£39.39,2026-05-26 10:01:55
Meditations,N/A,Philosophy,2,£25.89,2026-05-26 10:01:56
Matilda,N/A,Childrens,1,£28.34,2026-05-26 10:02:01
Lost Among the Living,N/A,Historical Fiction,4,£27.70,2026-05-26 10:02:02
Lord of the Flies,N/A,Add a comment,3,£24.89,2026-05-26 10:02:03
Listen to Me (Fusion #1),N/A,Romance,3,£58.99,2026-05-26 10:02:04
Kitchens of the Great Midwest,N/A,Fiction,5,£57.20,2026-05-26 10:02:05
Jane Eyre,N/A,Default,5,£38.43,2026-05-26 10:02:10
Imperfect Harmony,N/A,Romance,4,£34.74,2026-05-26 10:02:11
Icing (Aces Hockey #2),N/A,Sports and Games,4,£40.44,2026-05-26 10:02:12
"Hawkeye, Vol. 1: My Life as a Weapon (Hawkeye #1)",N/A,Sequential Art,3,£45.24,2026-05-26 10:02:14
Having the Barbarian's Baby (Ice Planet Barbarians #7.5),N/A,Science Fiction,4,£34.96,2026-05-26 10:02:15
"Giant Days, Vol. 1 (Giant Days #1-4)",N/A,Sequential Art,4,£56.76,2026-05-26 10:02:16
"Fruits Basket, Vol. 1 (Fruits Basket #1)",N/A,Sequential Art,5,£40.28,2026-05-26 10:02:18
Frankenstein,N/A,Default,2,£38.00,2026-05-26 10:02:19
Forever Rockers (The Rocker #12),N/A,Music,3,£28.80,2026-05-26 10:02:20
Fighting Fate (Fighting #6),N/A,Romance,3,£39.24,2026-05-26 10:02:21
Emma,N/A,Classics,2,£32.93,2026-05-26 10:02:22
"Eat, Pray, Love",N/A,Nonfiction,3,£51.32,2026-05-26 10:02:23
Deep Under (Walker Security #1),N/A,Romance,5,£47.09,2026-05-26 10:02:24
Choosing Our Religion: The Spiritual Lives of America's Nones,N/A,Religion,4,£28.42,2026-05-26 10:02:25
Charlie and the Chocolate Factory (Charlie Bucket #1),N/A,Childrens,3,£22.85,2026-05-26 10:02:26
Charity's Cross (Charles Towne Belles #4),N/A,Romance,1,£41.24,2026-05-26 10:02:28
Bright Lines,N/A,Fiction,5,£39.07,2026-05-26 10:02:29
Bridget Jones's Diary (Bridget Jones #1),N/A,Womens Fiction,1,£29.82,2026-05-26 10:02:30
Bounty (Colorado Mountain #7),N/A,Romance,4,£37.26,2026-05-26 10:02:31
Blood Defense (Samantha Brinkman #1),N/A,Mystery,3,£20.30,2026-05-26 10:02:32
"Bleach, Vol. 1: Strawberry and the Soul Reapers (Bleach #1)",N/A,Sequential Art,5,£34.65,2026-05-26 10:02:34
Beyond Good and Evil,N/A,Philosophy,1,£43.38,2026-05-26 10:02:35
Alice in Wonderland (Alice's Adventures in Wonderland #1),N/A,Classics,1,£55.53,2026-05-26 10:02:36
"Ajin: Demi-Human, Volume 1 (Ajin: Demi-Human #1)",N/A,Sequential Art,4,£57.06,2026-05-26 10:02:37
A Spy's Devotion (The Regency Spies of London #1),N/A,Historical Fiction,5,£16.97,2026-05-26 10:02:38
1st to Die (Women's Murder Club #1),N/A,Mystery,1,£53.98,2026-05-26 10:02:39
"1,000 Places to See Before You Die",N/A,Travel,5,£26.08,2026-05-26 10:02:41
